order_id,user_id,order_number,product_id,add_to_cart_order,reordered,cumulative_reorder_per_customer
2127348,52,26,42489,1,1,1
2127348,52,26,43352,2,0,1
2127348,52,26,40063,3,1,2
2127348,52,26,8048,4,1,3
2127348,52,26,46516,5,1,4
1896455,551,9,13740,1,0,0
1896455,551,9,26282,2,0,0
1896455,551,9,9424,3,0,0
1896455,551,9,37733,4,0,0
1896455,551,9,47209,5,1,1
1896455,551,9,9766,6,0,1
1896455,551,9,43713,7,0,1
1896455,551,9,6297,8,0,1
1896455,551,9,4799,9,0,1
1896455,551,9,37646,10,1,2
2693027,729,21,29447,1,1,1
2693027,729,21,27086,2,1,2
2693027,729,21,4942,3,1,3
2693027,729,21,33232,4,1,4
2693027,729,21,48988,5,1,5
2693027,729,21,47626,6,1,6
1733246,997,4,24852,1,1,1
1733246,997,4,45066,2,1,2
1733246,997,4,33709,3,0,2
1733246,997,4,18441,4,0,2
1733246,997,4,21850,5,0,2
1733246,997,4,6377,6,0,2
1733246,997,4,14720,7,0,2
1733246,997,4,9881,8,0,2
1733246,997,4,3397,9,0,2
1733246,997,4,3793,10,0,2
1733246,997,4,28571,11,0,2
1733246,997,4,13198,12,1,3
1733246,997,4,6669,13,1,4
3003426,1951,12,44560,1,0,0
3003426,1951,12,486,2,0,0
3003426,1951,12,30795,3,1,1
3003426,1951,12,2748,4,1,2
3003426,1951,12,5390,5,1,3
3003426,1951,12,19019,6,0,3
3003426,1951,12,33825,7,0,3
3003426,1951,12,23405,8,0,3
3003426,1951,12,49075,9,0,3
3003426,1951,12,44825,10,0,3
3003426,1951,12,13176,11,0,3
3003426,1951,12,28476,12,0,3
3003426,1951,12,21903,13,0,3
3003426,1951,12,25837,14,0,3
3003426,1951,12,8575,15,1,4
3003426,1951,12,12703,16,0,4
3003426,1951,12,41960,17,1,5
138957,2325,3,31981,1,0,0
138957,2325,3,2745,2,1,1
2135166,2459,15,25640,1,1,1
2135166,2459,15,13176,2,1,2
2135166,2459,15,16490,3,1,3
2135166,2459,15,27966,4,1,4
2135166,2459,15,16797,5,1,5
2135166,2459,15,5212,6,1,6
2135166,2459,15,35233,7,1,7
2135166,2459,15,148,8,1,8
2135166,2459,15,45066,9,1,9
2135166,2459,15,46969,10,1,10
2135166,2459,15,31343,11,1,11
2135166,2459,15,31915,12,0,11
2927938,2921,4,8638,1,0,0
2927938,2921,4,24852,2,1,1
2927938,2921,4,38340,3,0,1
2927938,2921,4,18218,4,1,2
1861423,3210,32,33081,1,1,1
1861423,3210,32,19887,2,1,2
1861423,3210,32,10498,3,0,2
81253,3252,7,43154,1,1,1
827496,3273,33,26386,1,1,1
827496,3273,33,19348,2,1,2
827496,3273,33,32511,3,1,3
827496,3273,33,28083,4,1,4
827496,3273,33,49319,5,1,5
827496,3273,33,20919,6,1,6
827496,3273,33,48226,7,1,7
827496,3273,33,45835,8,1,8
827496,3273,33,15290,9,1,9
827496,3273,33,40299,10,1,10
827496,3273,33,36591,11,1,11
827496,3273,33,40834,12,1,12
827496,3273,33,4605,13,1,13
827496,3273,33,2915,14,1,14
827496,3273,33,41709,15,1,15
827496,3273,33,26412,16,1,16
827496,3273,33,16494,17,1,17
827496,3273,33,5097,18,1,18
827496,3273,33,15664,19,1,19
827496,3273,33,46522,20,1,20
827496,3273,33,35609,21,0,20
827496,3273,33,49258,22,0,20
827496,3273,33,22043,23,0,20
827496,3273,33,33493,24,0,20
827496,3273,33,39408,25,1,21
827496,3273,33,30489,26,0,21
827496,3273,33,10749,27,1,22
827496,3273,33,34111,28,1,23
384823,3285,5,27344,1,1,1
384823,3285,5,36165,2,0,1
384823,3285,5,29589,3,1,2
384823,3285,5,30382,4,0,2
384823,3285,5,39094,5,0,2
384823,3285,5,18288,6,1,3
384823,3285,5,49235,7,0,3
384823,3285,5,38772,8,0,3
384823,3285,5,5856,9,0,3
1362594,3500,26,32864,1,0,0
1362594,3500,26,29328,2,0,0
1362594,3500,26,16830,3,1,1
1362594,3500,26,39877,4,1,2
1362594,3500,26,28309,5,1,3
1362594,3500,26,43987,6,1,4
1362594,3500,26,26723,7,0,4
1362594,3500,26,24964,8,1,5
791430,3505,11,43086,1,1,1
791430,3505,11,25138,2,1,2
791430,3505,11,27845,3,1,3
791430,3505,11,5479,4,0,3
1640576,3735,2,48679,1,1,1
1640576,3735,2,24852,2,1,2
1640576,3735,2,27845,3,1,3
1640576,3735,2,4879,4,0,3
1640576,3735,2,2014,5,0,3
1640576,3735,2,32429,6,0,3
1640576,3735,2,41588,7,1,4
414129,3923,9,3318,1,1,1
414129,3923,9,43202,2,1,2
414129,3923,9,30639,3,1,3
414129,3923,9,37358,4,1,4
414129,3923,9,2456,5,1,5
414129,3923,9,5385,6,1,6
414129,3923,9,31587,7,1,7
414129,3923,9,47006,8,1,8
414129,3923,9,34635,9,1,9
414129,3923,9,32099,10,1,10
414129,3923,9,15322,11,1,11
414129,3923,9,29471,12,1,12
414129,3923,9,15344,13,1,13
414129,3923,9,743,14,1,14
414129,3923,9,25830,15,1,15
414129,3923,9,37229,16,1,16
414129,3923,9,19933,17,1,17
414129,3923,9,34598,18,1,18
414129,3923,9,11158,19,1,19
414129,3923,9,43886,20,1,20
414129,3923,9,115,21,1,21
316452,4044,18,10371,1,1,1
316452,4044,18,21903,2,1,2
2507340,4103,4,39560,1,0,0
2507340,4103,4,18205,2,0,0
2507340,4103,4,39628,3,0,0
2507340,4103,4,18503,4,0,0
2507340,4103,4,46713,5,0,0
2507340,4103,4,23094,6,0,0
2507340,4103,4,18567,7,0,0
2507340,4103,4,34524,8,0,0
2507340,4103,4,34819,9,0,0
2507340,4103,4,40614,10,0,0
1506554,4170,6,41329,1,1,1
1506554,4170,6,21405,2,0,1
1506554,4170,6,1408,3,1,2
1506554,4170,6,19970,4,0,2
1506554,4170,6,18385,5,0,2
1506554,4170,6,40078,6,0,2
1506554,4170,6,22548,7,0,2
1506554,4170,6,9472,8,0,2
1506554,4170,6,30720,9,0,2
1506554,4170,6,4799,10,0,2
1506554,4170,6,35682,11,0,2
1506554,4170,6,21137,12,0,2
1506554,4170,6,20542,13,0,2
1506554,4170,6,45066,14,1,3
1986163,4557,24,31539,1,0,0
1986163,4557,24,28545,2,1,1
1986163,4557,24,16367,3,0,1
1986163,4557,24,18409,4,1,2
1986163,4557,24,12480,5,0,2
1986163,4557,24,46747,6,1,3
1986163,4557,24,10006,7,1,4
1067973,4756,3,12315,1,1,1
1067973,4756,3,45123,2,0,1
1067973,4756,3,49374,3,0,1
1067973,4756,3,21137,4,1,2
1067973,4756,3,46979,5,1,3
1067973,4756,3,30169,6,1,4
1067973,4756,3,21053,7,1,5
1067973,4756,3,2838,8,0,5
1067973,4756,3,15655,9,0,5
1791426,4867,3,26709,1,0,0
1791426,4867,3,47284,2,0,0
1791426,4867,3,45681,3,0,0
1791426,4867,3,4478,4,0,0
1791426,4867,3,19076,5,1,1
1791426,4867,3,30506,6,0,1
1791426,4867,3,25985,7,0,1
1791426,4867,3,43715,8,0,1
1791426,4867,3,43409,9,0,1
1791426,4867,3,49060,10,0,1
1791426,4867,3,24852,11,1,2
1791426,4867,3,34640,12,1,3
1791426,4867,3,47234,13,0,3
1791426,4867,3,14697,14,1,4
1607397,5535,7,24964,1,1,1
1607397,5535,7,22935,2,1,2
1607397,5535,7,19660,3,1,3
1607397,5535,7,8859,4,1,4
1607397,5535,7,34040,5,1,5
1607397,5535,7,47209,6,1,6
1607397,5535,7,35535,7,1,7
1607397,5535,7,28601,8,1,8
1607397,5535,7,27521,9,1,9
1607397,5535,7,38456,10,1,10
1607397,5535,7,23147,11,1,11
1607397,5535,7,18963,12,1,12
1607397,5535,7,43484,13,1,13
1607397,5535,7,10621,14,1,14
1607397,5535,7,36389,15,1,15
1607397,5535,7,47734,16,1,16
1607397,5535,7,2078,17,1,17
1607397,5535,7,9839,18,1,18
1535542,6293,5,432,1,1,1
1535542,6293,5,32566,2,0,1
1535542,6293,5,49235,3,1,2
1535542,6293,5,47626,4,1,3
1535542,6293,5,28985,5,0,3
1535542,6293,5,30450,6,1,4
1535542,6293,5,35989,7,0,4
1535542,6293,5,27959,8,1,5
323588,6342,3,17902,1,1,1
323588,6342,3,32689,2,0,1
1200476,7156,1,31701,1,0,0
1200476,7156,1,40174,2,0,0
1200476,7156,1,21137,3,0,0
1200476,7156,1,46584,4,0,0
1200476,7156,1,9020,5,0,0
1200476,7156,1,43967,6,0,0
1200476,7156,1,36216,7,0,0
2194516,7224,16,7762,1,1,1
2194516,7224,16,30778,2,0,1
2194516,7224,16,27240,3,1,2
2194516,7224,16,35633,4,1,3
2194516,7224,16,40332,5,1,4
2194516,7224,16,28449,6,1,5
2194516,7224,16,38996,7,1,6
2194516,7224,16,19488,8,1,7
2194516,7224,16,8590,9,1,8
2194516,7224,16,14168,10,1,9
2194516,7224,16,7306,11,1,10
2194516,7224,16,9028,12,1,11
2194516,7224,16,5386,13,1,12
2194516,7224,16,14161,14,1,13
2194516,7224,16,37766,15,1,14
2194516,7224,16,1848,16,1,15
2194516,7224,16,19348,17,1,16
2194516,7224,16,4396,18,1,17
2194516,7224,16,45656,19,1,18
2194516,7224,16,7702,20,1,19
2194516,7224,16,34160,21,1,20
2194516,7224,16,9623,22,1,21
2194516,7224,16,21980,23,1,22
2194516,7224,16,9076,24,1,23
2194516,7224,16,12782,25,1,24
1851520,7713,40,49544,1,1,1
1851520,7713,40,12013,2,1,2
1851520,7713,40,2120,3,1,3
2096734,7848,10,42611,1,1,1
2096734,7848,10,11636,2,0,1
2096734,7848,10,27117,3,0,1
2096734,7848,10,48946,4,0,1
2096734,7848,10,27294,5,0,1
2096734,7848,10,34355,6,0,1
345398,8417,78,13166,1,1,1
345398,8417,78,12341,2,1,2
345398,8417,78,5785,3,1,3
345398,8417,78,23417,4,0,3
345398,8417,78,31461,5,0,3
345398,8417,78,12381,6,1,4
345398,8417,78,26369,7,1,5
345398,8417,78,13176,8,1,6
345398,8417,78,5467,9,1,7
345398,8417,78,17794,10,1,8
345398,8417,78,47734,11,1,9
345398,8417,78,7054,12,1,10
1054900,8498,2,9755,1,0,0
1054900,8498,2,36316,2,0,0
1054900,8498,2,47866,3,0,0
1054900,8498,2,34160,4,0,0
1054900,8498,2,47977,5,0,0
1054900,8498,2,39408,6,0,0
1054900,8498,2,19734,7,0,0
1054900,8498,2,20118,8,0,0
1054900,8498,2,24179,9,0,0
1054900,8498,2,15902,10,0,0
1054900,8498,2,13194,11,0,0
1054900,8498,2,44085,12,0,0
1054900,8498,2,39618,13,0,0
1054900,8498,2,44156,14,0,0
1658686,8500,13,10106,1,1,1
1658686,8500,13,36305,2,1,2
1658686,8500,13,37646,3,1,3
1658686,8500,13,5077,4,1,4
1658686,8500,13,1463,5,1,5
1658686,8500,13,11941,6,1,6
1658686,8500,13,46346,7,0,6
1658686,8500,13,24852,8,1,7
1658686,8500,13,4957,9,1,8
1658686,8500,13,33787,10,1,9
1658686,8500,13,33370,11,1,10
2607280,8537,33,39558,1,1,1
2607280,8537,33,9387,2,0,1
2607280,8537,33,21616,3,1,2
2607280,8537,33,28985,4,0,2
2607280,8537,33,47626,5,1,3
2607280,8537,33,34466,6,1,4
2607280,8537,33,35973,7,0,4
2470067,8710,2,32521,1,0,0
2470067,8710,2,39719,2,0,0
1201588,8742,38,21077,1,0,0
1201588,8742,38,27845,2,1,1
727225,8745,7,23102,1,1,1
727225,8745,7,18599,2,1,2
727225,8745,7,29586,3,1,3
727225,8745,7,5744,4,1,4
727225,8745,7,7631,5,0,4
1887485,8776,1,26604,1,0,0
1887485,8776,1,12395,2,0,0
1887485,8776,1,28535,3,0,0
1887485,8776,1,40706,4,0,0
1887485,8776,1,47209,5,0,0
1887485,8776,1,39275,6,0,0
1887485,8776,1,1416,7,0,0
1887485,8776,1,4799,8,0,0
3242869,8811,6,27715,1,1,1
3242869,8811,6,46246,2,1,2
3242869,8811,6,33752,3,1,3
3242869,8811,6,23191,4,0,3
807183,9310,1,45679,1,0,0
807183,9310,1,40852,2,0,0
807183,9310,1,24852,3,0,0
807183,9310,1,37687,4,0,0
807183,9310,1,23645,5,0,0
807183,9310,1,25640,6,0,0
807183,9310,1,6489,7,0,0
807183,9310,1,36802,8,0,0
2890157,9578,8,1402,1,1,1
2890157,9578,8,43490,2,0,1
2890157,9578,8,24810,3,1,2
2890157,9578,8,41198,4,0,2
2890157,9578,8,34310,5,0,2
2890157,9578,8,34473,6,0,2
2890157,9578,8,30154,7,0,2
2823729,10185,3,47209,1,0,0
2823729,10185,3,18224,2,1,1
2823729,10185,3,43352,3,1,2
2823729,10185,3,18286,4,1,3
2823729,10185,3,46346,5,1,4
2823729,10185,3,1935,6,0,4
2823729,10185,3,39275,7,0,4
2823729,10185,3,21903,8,0,4
2823729,10185,3,16521,9,1,5
3179447,10293,46,21267,1,1,1
3179447,10293,46,38689,2,1,2
3179447,10293,46,13176,3,1,3
3179447,10293,46,43122,4,1,4
3179447,10293,46,24830,5,0,4
3179447,10293,46,30204,6,1,5
3360812,10438,25,28985,1,1,1
3360812,10438,25,9076,2,1,2
3360812,10438,25,38890,3,0,2
3360812,10438,25,42736,4,0,2
3360812,10438,25,28465,5,1,3
3360812,10438,25,13263,6,1,4
3360812,10438,25,24799,7,1,5
3360812,10438,25,13176,8,1,6
3360812,10438,25,8309,9,1,7
3360812,10438,25,38693,10,1,8
3360812,10438,25,30563,11,0,8
3360812,10438,25,40706,12,1,9
3360812,10438,25,48726,13,0,9
3360812,10438,25,47029,14,0,9
3360812,10438,25,14992,15,0,9
3360812,10438,25,6765,16,0,9
3360812,10438,25,3464,17,0,9
3360812,10438,25,17794,18,1,10
1788296,10447,26,26348,1,1,1
1788296,10447,26,27344,2,1,2
1788296,10447,26,45427,3,1,3
1788296,10447,26,41674,4,1,4
1788296,10447,26,40376,5,1,5
1788296,10447,26,33129,6,1,6
1788296,10447,26,29315,7,1,7
1788296,10447,26,33326,8,1,8
1788296,10447,26,31573,9,1,9
1788296,10447,26,47759,10,1,10
1788296,10447,26,47141,11,1,11
1788296,10447,26,24514,12,1,12
1788296,10447,26,10970,13,1,13
1788296,10447,26,20915,14,1,14
1788296,10447,26,43704,15,1,15
865969,10548,33,48099,1,1,1
865969,10548,33,20084,2,1,2
865969,10548,33,21910,3,1,3
865969,10548,33,48287,4,1,4
865969,10548,33,27966,5,1,5
865969,10548,33,26209,6,1,6
865969,10548,33,41665,7,1,7
865969,10548,33,141,8,1,8
865969,10548,33,17985,9,1,9
865969,10548,33,47209,10,1,10
865969,10548,33,8358,11,1,11
865969,10548,33,21936,12,1,12
865969,10548,33,48491,13,1,13
865969,10548,33,21616,14,1,14
865969,10548,33,26717,15,1,15
865969,10548,33,42265,16,1,16
865969,10548,33,11819,17,0,16
865969,10548,33,11576,18,1,17
865969,10548,33,35628,19,1,18
865969,10548,33,47626,20,1,19
865969,10548,33,31242,21,1,20
865969,10548,33,8053,22,1,21
865969,10548,33,21903,23,1,22
865969,10548,33,39968,24,0,22
865969,10548,33,46667,25,0,22
865969,10548,33,24964,26,1,23
865969,10548,33,43789,27,1,24
865969,10548,33,13984,28,1,25
865969,10548,33,3464,29,0,25
865969,10548,33,8424,30,0,25
2015209,10600,65,47626,1,1,1
2015209,10600,65,47766,2,1,2
2015209,10600,65,42193,3,1,3
2015209,10600,65,24489,4,1,4
2015209,10600,65,26369,5,1,5
2015209,10600,65,35547,6,1,6
213808,11128,8,34969,1,1,1
213808,11128,8,47029,2,0,1
213808,11128,8,48726,3,0,1
213808,11128,8,37825,4,1,2
213808,11128,8,39409,5,1,3
213808,11128,8,4920,6,1,4
213808,11128,8,17794,7,1,5
213808,11128,8,42347,8,1,6
2205816,11238,3,14084,1,1,1
2205816,11238,3,21903,2,0,1
2738283,11767,27,40310,1,1,1
2738283,11767,27,40334,2,1,2
2738283,11767,27,10089,3,1,3
2738283,11767,27,6849,4,1,4
2738283,11767,27,16874,5,1,5
2738283,11767,27,21137,6,1,6
2738283,11767,27,9051,7,1,7
2738283,11767,27,14335,8,1,8
2738283,11767,27,29589,9,1,9
2738283,11767,27,27845,10,1,10
2738283,11767,27,42445,11,1,11
2738283,11767,27,27966,12,1,12
930570,11907,25,21903,1,1,1
930570,11907,25,2855,2,1,2
930570,11907,25,33845,3,1,3
930570,11907,25,13083,4,1,4
930570,11907,25,30742,5,1,5
930570,11907,25,29574,6,1,6
930570,11907,25,28572,7,1,7
930570,11907,25,44329,8,1,8
930570,11907,25,2132,9,1,9
930570,11907,25,26629,10,1,10
930570,11907,25,5250,11,1,11
930570,11907,25,10551,12,1,12
930570,11907,25,9517,13,1,13
930570,11907,25,33716,14,1,14
930570,11907,25,22227,15,1,15
930570,11907,25,21914,16,1,16
930570,11907,25,30169,17,0,16
2888560,12049,4,16759,1,0,0
226156,12611,2,46900,1,0,0
226156,12611,2,2748,2,1,1
226156,12611,2,6341,3,0,1
226156,12611,2,47209,4,0,1
226156,12611,2,31717,5,0,1
226156,12611,2,19261,6,0,1
226156,12611,2,45504,7,0,1
226156,12611,2,22113,8,1,2
3187761,12906,37,4605,1,1,1
3187761,12906,37,10504,2,0,1
3187761,12906,37,27316,3,1,2
3187761,12906,37,4163,4,1,3
3187761,12906,37,17181,5,1,4
3187761,12906,37,9071,6,1,5
3187761,12906,37,43961,7,1,6
3187761,12906,37,47766,8,1,7
3187761,12906,37,2450,9,1,8
3187761,12906,37,13198,10,1,9
3187761,12906,37,28571,11,1,10
3187761,12906,37,31487,12,1,11
1735588,13112,9,35522,1,1,1
1735588,13112,9,22935,2,1,2
1735588,13112,9,5646,3,1,3
1735588,13112,9,18288,4,1,4
1735588,13112,9,27344,5,1,5
1735588,13112,9,23765,6,1,6
1735588,13112,9,13740,7,1,7
1735588,13112,9,39561,8,1,8
1735588,13112,9,28277,9,1,9
1735588,13112,9,45013,10,1,10
1735588,13112,9,18027,11,1,11
1735588,13112,9,11262,12,1,12
1735588,13112,9,31506,13,1,13
1735588,13112,9,46709,14,0,13
1735588,13112,9,12392,15,0,13
1735588,13112,9,45448,16,1,14
1735588,13112,9,9203,17,0,14
3136956,13834,2,38817,1,0,0
1534249,14470,10,47738,1,0,0
1534249,14470,10,37417,2,0,0
1534249,14470,10,29117,3,0,0
1534249,14470,10,40173,4,1,1
1534249,14470,10,17948,5,1,2
1534249,14470,10,40545,6,1,3
1534249,14470,10,27966,7,1,4
1534249,14470,10,26604,8,1,5
1534249,14470,10,35951,9,1,6
1534249,14470,10,10749,10,1,7
1534249,14470,10,21938,11,1,8
1534249,14470,10,28985,12,1,9
1534249,14470,10,10621,13,0,9
886421,14501,1,19488,1,0,0
886421,14501,1,17738,2,0,0
886421,14501,1,18487,3,0,0
886421,14501,1,44787,4,0,0
886421,14501,1,184,5,0,0
886421,14501,1,32519,6,0,0
886421,14501,1,40421,7,0,0
886421,14501,1,6195,8,0,0
886421,14501,1,49363,9,0,0
886421,14501,1,33000,10,0,0
886421,14501,1,49060,11,0,0
886421,14501,1,24004,12,0,0
886421,14501,1,24852,13,0,0
886421,14501,1,28137,14,0,0
886421,14501,1,49678,15,0,0
886421,14501,1,46175,16,0,0
886421,14501,1,41290,17,0,0
886421,14501,1,8718,18,0,0
886421,14501,1,33651,19,0,0
886421,14501,1,25241,20,0,0
886421,14501,1,20378,21,0,0
886421,14501,1,12481,22,0,0
886421,14501,1,40348,23,0,0
886421,14501,1,46650,24,0,0
886421,14501,1,23734,25,0,0
886421,14501,1,3594,26,0,0
268502,14771,3,47788,1,1,1
268502,14771,3,25588,2,1,2
268502,14771,3,29223,3,1,3
268502,14771,3,4920,4,1,4
268502,14771,3,5351,5,1,5
2976247,14800,8,36307,1,1,1
2976247,14800,8,44156,2,0,1
2976247,14800,8,33791,3,0,1
2976247,14800,8,23106,4,0,1
2976247,14800,8,29628,5,0,1
2060834,14820,4,26559,1,0,0
2060834,14820,4,19736,2,0,0
3316088,14850,9,26165,1,1,1
3316088,14850,9,26683,2,1,2
3316088,14850,9,15153,3,1,3
3316088,14850,9,40824,4,1,4
3316088,14850,9,38925,5,1,5
3316088,14850,9,11560,6,1,6
3316088,14850,9,43633,7,1,7
3316088,14850,9,1172,8,0,7
3316088,14850,9,13712,9,0,7
3316088,14850,9,18510,10,0,7
3316088,14850,9,24838,11,0,7
3391101,15000,9,5994,1,1,1
3391101,15000,9,48487,2,1,2
3391101,15000,9,47209,3,1,3
6761,15380,1,8016,1,0,0
6761,15380,1,21884,2,0,0
6761,15380,1,7736,3,0,0
6761,15380,1,30352,4,0,0
6761,15380,1,22474,5,0,0
6761,15380,1,31577,6,0,0
6761,15380,1,12916,7,0,0
6761,15380,1,30095,8,0,0
6761,15380,1,33655,9,0,0
6761,15380,1,29941,10,0,0
6761,15380,1,16797,11,0,0
193077,15578,16,47209,1,0,0
193077,15578,16,4945,2,1,1
193077,15578,16,33232,3,1,2
193077,15578,16,47626,4,1,3
193077,15578,16,49683,5,1,4
193077,15578,16,19322,6,1,5
193077,15578,16,39190,7,1,6
193077,15578,16,46667,8,1,7
193077,15578,16,16083,9,1,8
193077,15578,16,24759,10,1,9
193077,15578,16,2429,11,1,10
193077,15578,16,26209,12,1,11
193077,15578,16,31404,13,1,12
193077,15578,16,41212,14,1,13
193077,15578,16,45066,15,1,14
193077,15578,16,14195,16,1,15
193077,15578,16,43352,17,1,16
193077,15578,16,39877,18,1,17
193077,15578,16,21903,19,1,18
193077,15578,16,7503,20,1,19
193077,15578,16,24120,21,0,19
1577409,15820,1,11520,1,0,0
1577409,15820,1,40396,2,0,0
1577409,15820,1,9076,3,0,0
1577409,15820,1,7412,4,0,0
1577409,15820,1,40604,5,0,0
1577409,15820,1,47144,6,0,0
1577409,15820,1,20345,7,0,0
1577409,15820,1,15290,8,0,0
1577409,15820,1,49683,9,0,0
1577409,15820,1,7058,10,0,0
1577409,15820,1,44661,11,0,0
1577409,15820,1,18625,12,0,0
1577409,15820,1,14429,13,0,0
1577409,15820,1,46505,14,0,0
1577409,15820,1,37458,15,0,0
1577409,15820,1,6860,16,0,0
1577409,15820,1,7228,17,0,0
1577409,15820,1,44142,18,0,0
1577409,15820,1,4799,19,0,0
1577409,15820,1,44643,20,0,0
1577409,15820,1,46900,21,0,0
1577409,15820,1,8177,22,0,0
1577409,15820,1,27086,23,0,0
2898109,15983,1,4932,1,0,0
2898109,15983,1,19678,2,0,0
2898109,15983,1,27744,3,0,0
2898109,15983,1,42736,4,0,0
306597,16793,21,14947,1,1,1
306597,16793,21,27086,2,1,2
306597,16793,21,27297,3,1,3
306597,16793,21,11712,4,1,4
306597,16793,21,24852,5,1,5
306597,16793,21,23630,6,1,6
306597,16793,21,39408,7,1,7
306597,16793,21,37418,8,1,8
306597,16793,21,47792,9,1,9
306597,16793,21,12467,10,1,10
2755194,16999,2,40174,1,1,1
2755194,16999,2,16965,2,1,2
2755194,16999,2,24852,3,1,3
2755194,16999,2,11777,4,1,4
2755194,16999,2,19660,5,1,5
2755194,16999,2,28985,6,1,6
2755194,16999,2,27741,7,0,6
2755194,16999,2,16797,8,0,6
2755194,16999,2,45603,9,0,6
2755194,16999,2,9421,10,0,6
2755194,16999,2,46654,11,0,6
2755194,16999,2,40723,12,0,6
2755194,16999,2,23541,13,0,6
2755194,16999,2,19575,14,0,6
2755194,16999,2,33120,15,0,6
2755194,16999,2,27690,16,0,6
2755194,16999,2,8006,17,0,6
2755194,16999,2,43713,18,0,6
2755194,16999,2,204,19,0,6
2755194,16999,2,38311,20,0,6
241131,17155,35,39928,1,0,0
241131,17155,35,49026,2,1,1
241131,17155,35,43944,3,1,2
241131,17155,35,14084,4,1,3
241131,17155,35,20367,5,1,4
241131,17155,35,36724,6,1,5
241131,17155,35,9748,7,1,6
241131,17155,35,4149,8,1,7
241131,17155,35,42699,9,1,8
241131,17155,35,12703,10,0,8
241131,17155,35,1994,11,1,9
241131,17155,35,14309,12,0,9
241131,17155,35,17231,13,0,9
241131,17155,35,17944,14,0,9
241131,17155,35,21183,15,0,9
1145880,17532,2,41178,1,1,1
1145880,17532,2,29553,2,1,2
1145880,17532,2,48206,3,0,2
1145880,17532,2,49054,4,0,2
2660949,17988,38,10132,1,1,1
2660949,17988,38,21513,2,1,2
2660949,17988,38,45007,3,1,3
2660949,17988,38,26362,4,1,4
2660949,17988,38,41793,5,1,5
2660949,17988,38,30326,6,1,6
2660949,17988,38,45537,7,1,7
2660949,17988,38,5646,8,1,8
2660949,17988,38,16254,9,1,9
2660949,17988,38,11440,10,1,10
2660949,17988,38,3661,11,1,11
2660949,17988,38,28342,12,1,12
2660949,17988,38,40002,13,1,13
2660949,17988,38,46138,14,1,14
2660949,17988,38,15290,15,1,15
2660949,17988,38,28593,16,1,16
2660949,17988,38,25824,17,1,17
2660949,17988,38,30639,18,1,18
2660949,17988,38,44625,19,1,19
2660949,17988,38,7781,20,1,20
2660949,17988,38,30489,21,1,21
2660949,17988,38,25753,22,1,22
2660949,17988,38,43295,23,1,23
807977,18645,1,37687,1,0,0
1527801,18651,3,24852,1,1,1
1527801,18651,3,27247,2,1,2
2804379,18807,65,37646,1,1,1
2804379,18807,65,42536,2,1,2
2804379,18807,65,12341,3,1,3
2804379,18807,65,13829,4,1,4
2804379,18807,65,34214,5,1,5
2964954,19093,5,42495,1,1,1
2964954,19093,5,46820,2,1,2
2964954,19093,5,24852,3,1,3
2964954,19093,5,13733,4,1,4
2964954,19093,5,46979,5,0,4
2964954,19093,5,6046,6,0,4
2964954,19093,5,11454,7,0,4
2630126,19392,16,3561,1,0,0
2630126,19392,16,8518,2,1,1
2630126,19392,16,2651,3,0,1
2630126,19392,16,44910,4,1,2
2630126,19392,16,283,5,0,2
2630126,19392,16,13198,6,1,3
2630126,19392,16,21938,7,1,4
2630126,19392,16,35108,8,1,5
2630126,19392,16,42736,9,0,5
2630126,19392,16,48094,10,0,5
2630126,19392,16,31343,11,0,5
2630126,19392,16,27845,12,0,5
2630126,19392,16,11135,13,0,5
2630126,19392,16,38012,14,0,5
2630126,19392,16,27086,15,1,6
2630126,19392,16,24852,16,1,7
2630126,19392,16,42996,17,0,7
2630126,19392,16,47526,18,0,7
2630126,19392,16,9597,19,0,7
2630126,19392,16,31371,20,1,8
2630126,19392,16,34969,21,0,8
2630126,19392,16,24830,22,0,8
2630126,19392,16,38772,23,0,8
2630126,19392,16,12872,24,0,8
2208749,19595,13,30169,1,1,1
2208749,19595,13,27275,2,1,2
2208749,19595,13,31964,3,1,3
2208749,19595,13,27292,4,1,4
2208749,19595,13,45314,5,1,5
2208749,19595,13,43279,6,1,6
2208749,19595,13,43277,7,1,7
2208749,19595,13,34982,8,1,8
2208749,19595,13,22872,9,1,9
2208749,19595,13,12579,10,1,10
2208749,19595,13,30441,11,1,11
1034268,19663,4,21903,1,1,1
1034268,19663,4,11777,2,0,1
1034268,19663,4,16797,3,0,1
1034268,19663,4,21872,4,0,1
1034268,19663,4,27336,5,1,2
1034268,19663,4,39040,6,0,2
1034268,19663,4,3843,7,0,2
1034268,19663,4,43122,8,0,2
1034268,19663,4,5450,9,1,3
1034268,19663,4,34969,10,0,3
1034268,19663,4,46496,11,0,3
1034268,19663,4,15604,12,0,3
1034268,19663,4,32747,13,1,4
1034268,19663,4,18594,14,0,4
1034268,19663,4,42450,15,0,4
1034268,19663,4,17878,16,0,4
1034268,19663,4,8173,17,0,4
1034268,19663,4,48628,18,1,5
1034268,19663,4,42865,19,1,6
1034268,19663,4,9779,20,1,7
1034268,19663,4,49273,21,0,7
233971,19824,12,24838,1,1,1
233971,19824,12,43295,2,1,2
233971,19824,12,34276,3,1,3
233971,19824,12,39408,4,0,3
1477105,19964,3,25493,1,1,1
1477105,19964,3,40878,2,1,2
1477105,19964,3,17985,3,0,2
1477105,19964,3,33990,4,1,3
1477105,19964,3,13176,5,1,4
1477105,19964,3,15872,6,1,5
1477105,19964,3,5385,7,1,6
1477105,19964,3,2668,8,0,6
1477105,19964,3,39299,9,0,6
1477105,19964,3,33129,10,0,6
1477105,19964,3,2390,11,1,7
1394039,19976,9,31717,1,0,0
1394039,19976,9,20995,2,0,0
1394039,19976,9,12872,3,0,0
1394039,19976,9,34496,4,0,0
1394039,19976,9,3957,5,1,1
1394039,19976,9,23375,6,0,1
1270436,20072,3,47209,1,1,1
1270436,20072,3,18370,2,0,1
1270436,20072,3,9480,3,0,1
1270436,20072,3,13176,4,1,2
1270436,20072,3,12144,5,0,2
2396863,20210,2,6849,1,0,0
2396863,20210,2,12254,2,1,1
2396863,20210,2,22298,3,0,1
2396863,20210,2,22025,4,0,1
2396863,20210,2,19057,5,1,2
2396863,20210,2,37646,6,1,3
2396863,20210,2,4920,7,0,3
2396863,20210,2,27104,8,1,4
2396863,20210,2,22935,9,0,4
2396863,20210,2,34668,10,0,4
2396863,20210,2,28985,11,1,5
2396863,20210,2,11782,12,0,5
2396863,20210,2,39475,13,0,5
2396863,20210,2,45955,14,0,5
3053253,20349,12,31081,1,1,1
3053253,20349,12,30036,2,1,2
3053253,20349,12,46088,3,1,3
3053253,20349,12,40364,4,1,4
3053253,20349,12,41152,5,1,5
3053253,20349,12,23013,6,1,6
3053253,20349,12,18804,7,1,7
3053253,20349,12,40748,8,1,8
3053253,20349,12,48241,9,0,8
3053253,20349,12,39184,10,1,9
2506102,20730,42,1744,1,1,1
2506102,20730,42,31635,2,1,2
2506102,20730,42,42585,3,1,3
2506102,20730,42,34969,4,1,4
2506102,20730,42,18564,5,1,5
2506102,20730,42,7781,6,1,6
2506102,20730,42,34590,7,1,7
2506102,20730,42,248,8,1,8
2506102,20730,42,18140,9,0,8
2506102,20730,42,19845,10,0,8
2894916,20809,17,25844,1,1,1
2894916,20809,17,15097,2,1,2
2894916,20809,17,38444,3,1,3
2894916,20809,17,18998,4,1,4
2894916,20809,17,44843,5,1,5
61558,20874,2,19660,1,0,0
61558,20874,2,17029,2,0,0
61558,20874,2,28993,3,0,0
61558,20874,2,42736,4,0,0
61558,20874,2,14168,5,0,0
61558,20874,2,1940,6,1,1
61558,20874,2,47626,7,0,1
61558,20874,2,1578,8,0,1
61558,20874,2,10706,9,1,2
61558,20874,2,43279,10,0,2
61558,20874,2,38714,11,0,2
2203182,21068,32,45788,1,0,0
2203182,21068,32,21019,2,0,0
2203182,21068,32,13176,3,1,1
2203182,21068,32,7781,4,1,2
2203182,21068,32,24131,5,1,3
2203182,21068,32,10551,6,1,4
2203182,21068,32,11688,7,1,5
2203182,21068,32,33716,8,1,6
2203182,21068,32,5250,9,1,7
2203182,21068,32,12858,10,1,8
2203182,21068,32,16525,11,1,9
2203182,21068,32,24884,12,0,9
112819,21085,3,5646,1,1,1
112819,21085,3,32857,2,1,2
876775,21460,6,10655,1,1,1
876775,21460,6,39475,2,1,2
876775,21460,6,40268,3,1,3
876775,21460,6,47325,4,1,4
876775,21460,6,8518,5,1,5
876775,21460,6,15040,6,0,5
876775,21460,6,48745,7,1,6
876775,21460,6,25705,8,1,7
876775,21460,6,18963,9,0,7
876775,21460,6,20608,10,0,7
876775,21460,6,27683,11,0,7
876775,21460,6,4799,12,1,8
876775,21460,6,42701,13,0,8
876775,21460,6,27925,14,0,8
876775,21460,6,16521,15,1,9
2816787,21513,56,13176,1,1,1
2816787,21513,56,9808,2,1,2
2816787,21513,56,37825,3,1,3
2816787,21513,56,46045,4,1,4
2816787,21513,56,27967,5,1,5
2816787,21513,56,26604,6,1,6
2816787,21513,56,10278,7,0,6
1457960,21553,46,33560,1,1,1
1457960,21553,46,7751,2,1,2
1457960,21553,46,48370,3,1,3
1457960,21553,46,18721,4,1,4
1457960,21553,46,13974,5,1,5
1457960,21553,46,23339,6,1,6
1457960,21553,46,20502,7,1,7
1457960,21553,46,17825,8,1,8
1457960,21553,46,7781,9,1,9
1457960,21553,46,27344,10,1,10
1457960,21553,46,23047,11,0,10
1457960,21553,46,41354,12,1,11
1457960,21553,46,45698,13,1,12
1220920,21646,8,13176,1,1,1
1220920,21646,8,41453,2,1,2
1220920,21646,8,30696,3,1,3
1220920,21646,8,9533,4,0,3
1220920,21646,8,17040,5,1,4
1220920,21646,8,47163,6,0,4
1220920,21646,8,4313,7,1,5
1220920,21646,8,27681,8,0,5
1220920,21646,8,28599,9,0,5
1220920,21646,8,23909,10,1,6
1220920,21646,8,46041,11,0,6
1220920,21646,8,8668,12,0,6
1220920,21646,8,42406,13,0,6
1513945,21894,8,13176,1,1,1
1513945,21894,8,14633,2,1,2
1513945,21894,8,14371,3,1,3
1513945,21894,8,28199,4,1,4
1513945,21894,8,2086,5,1,5
1513945,21894,8,27104,6,0,5
1513945,21894,8,10246,7,0,5
1513945,21894,8,8087,8,0,5
1553563,22037,31,26790,1,0,0
1553563,22037,31,44765,2,1,1
1553563,22037,31,29987,3,1,2
1553563,22037,31,41844,4,1,3
1553563,22037,31,16083,5,1,4
1553563,22037,31,39275,6,1,5
1553563,22037,31,31343,7,1,6
1553563,22037,31,17949,8,1,7
1553563,22037,31,24768,9,1,8
1553563,22037,31,33787,10,1,9
1553563,22037,31,40571,11,1,10
1553563,22037,31,46979,12,1,11
1553563,22037,31,24852,13,1,12
1553563,22037,31,18441,14,1,13
1553563,22037,31,47766,15,1,14
1553563,22037,31,36426,16,1,15
1553563,22037,31,30252,17,1,16
2242113,22167,31,32655,1,1,1
2242113,22167,31,47209,2,1,2
2242113,22167,31,48263,3,0,2
2242113,22167,31,8467,4,1,3
2242113,22167,31,23029,5,1,4
2242113,22167,31,30850,6,1,5
2242113,22167,31,7010,7,0,5
2242113,22167,31,31720,8,1,6
2242113,22167,31,7673,9,0,6
2242113,22167,31,10527,10,1,7
2242113,22167,31,13431,11,1,8
2242113,22167,31,20536,12,1,9
2242113,22167,31,162,13,1,10
2242113,22167,31,45633,14,1,11
2242113,22167,31,46631,15,1,12
2242113,22167,31,39054,16,1,13
2242113,22167,31,38984,17,1,14
1636593,22207,5,32478,1,1,1
389604,22299,42,5496,1,1,1
389604,22299,42,7521,2,1,2
389604,22299,42,35221,3,1,3
389604,22299,42,20119,4,1,4
389604,22299,42,3721,5,1,5
389604,22299,42,4462,6,1,6
389604,22299,42,48210,7,1,7
347123,22379,18,12899,1,1,1
347123,22379,18,16797,2,1,2
347123,22379,18,43352,3,1,3
347123,22379,18,21292,4,1,4
347123,22379,18,4913,5,1,5
1999692,22418,16,37276,1,1,1
1999692,22418,16,28613,2,1,2
1999692,22418,16,13496,3,0,2
1999692,22418,16,35217,4,0,2
1999692,22418,16,27086,5,0,2
1999692,22418,16,41588,6,0,2
1999692,22418,16,19625,7,0,2
1260174,22428,60,42736,1,1,1
1260174,22428,60,8412,2,1,2
1260174,22428,60,37642,3,1,3
1260174,22428,60,21174,4,1,4
1260174,22428,60,49075,5,1,5
1260174,22428,60,18362,6,1,6
1260174,22428,60,2510,7,1,7
1260174,22428,60,41149,8,1,8
1260174,22428,60,36389,9,1,9
1260174,22428,60,19370,10,1,10
1260174,22428,60,11520,11,0,10
1260174,22428,60,13176,12,1,11
1260174,22428,60,38312,13,1,12
1260174,22428,60,21903,14,1,13
1260174,22428,60,27966,15,1,14
1260174,22428,60,17871,16,1,15
1260174,22428,60,12341,17,1,16
1260174,22428,60,28656,18,1,17
1260174,22428,60,31338,19,0,17
1260174,22428,60,5876,20,1,18
626550,22504,49,2258,1,1,1
626550,22504,49,11631,2,1,2
626550,22504,49,22767,3,1,3
626550,22504,49,277,4,1,4
626550,22504,49,2872,5,1,5
626550,22504,49,7901,6,1,6
626550,22504,49,16696,7,1,7
626550,22504,49,14875,8,1,8
626550,22504,49,40287,9,1,9
626550,22504,49,33086,10,0,9
626550,22504,49,24053,11,1,10
626550,22504,49,10673,12,1,11
626550,22504,49,4889,13,0,11
1036344,22789,2,5077,1,0,0
1036344,22789,2,9666,2,0,0
1036344,22789,2,27744,3,0,0
1036344,22789,2,5646,4,0,0
1036344,22789,2,10132,5,0,0
1036344,22789,2,27845,6,0,0
1036344,22789,2,3464,7,0,0
1036344,22789,2,26369,8,0,0
1036344,22789,2,14437,9,0,0
1036344,22789,2,16097,10,0,0
1036344,22789,2,46906,11,0,0
1036344,22789,2,42342,12,0,0
1036344,22789,2,16797,13,0,0
1036344,22789,2,2509,14,0,0
1036344,22789,2,13499,15,0,0
1036344,22789,2,651,16,0,0
1036344,22789,2,22899,17,0,0
1036344,22789,2,40226,18,0,0
1679933,23383,23,13702,1,1,1
1679933,23383,23,5646,2,1,2
1679933,23383,23,226,3,1,3
1679933,23383,23,24852,4,1,4
1679933,23383,23,11129,5,1,5
1679933,23383,23,44377,6,0,5
1993829,23798,4,42445,1,1,1
1993829,23798,4,41177,2,1,2
1993829,23798,4,32655,3,1,3
1993829,23798,4,11737,4,1,4
1993829,23798,4,26604,5,1,5
1993829,23798,4,21903,6,1,6
1993829,23798,4,24964,7,1,7
1993829,23798,4,49235,8,0,7
1993829,23798,4,22115,9,0,7
1993829,23798,4,40706,10,0,7
1993829,23798,4,13984,11,0,7
1993829,23798,4,43961,12,0,7
2393387,24036,48,12935,1,1,1
2393387,24036,48,19894,2,1,2
2393387,24036,48,31328,3,1,3
2393387,24036,48,16759,4,0,3
2393387,24036,48,44359,5,0,3
2393387,24036,48,34126,6,1,4
2571651,24074,23,21573,1,0,0
2571651,24074,23,4943,2,0,0
480156,24578,1,13629,1,0,0
480156,24578,1,9339,2,0,0
480156,24578,1,8277,3,0,0
480156,24578,1,38456,4,0,0
480156,24578,1,10749,5,0,0
480156,24578,1,21137,6,0,0
480156,24578,1,4486,7,0,0
480156,24578,1,21872,8,0,0
480156,24578,1,2611,9,0,0
1540823,24714,6,45083,1,1,1
1540823,24714,6,9337,2,1,2
1540823,24714,6,34244,3,0,2
1540823,24714,6,42592,4,1,3
1540823,24714,6,1700,5,0,3
1540823,24714,6,1374,6,1,4
1540823,24714,6,21841,7,1,5
1540823,24714,6,41950,8,0,5
1540823,24714,6,29752,9,0,5
1540823,24714,6,35951,10,1,6
1739407,24827,57,30169,1,1,1
2679066,24995,3,24852,1,1,1
2679066,24995,3,8843,2,1,2
2679066,24995,3,37766,3,1,3
2679066,24995,3,21351,4,0,3
2679066,24995,3,3318,5,1,4
2679066,24995,3,1511,6,1,5
2679066,24995,3,6340,7,0,5
2679066,24995,3,28993,8,0,5
2679066,24995,3,12980,9,0,5
3131359,25245,20,24952,1,0,0
3131359,25245,20,41351,2,1,1
3131359,25245,20,38622,3,1,2
3131359,25245,20,32402,4,0,2
3131359,25245,20,45537,5,0,2
3131359,25245,20,24604,6,1,3
3131359,25245,20,26094,7,1,4
3131359,25245,20,40709,8,1,5
3131359,25245,20,28692,9,0,5
3131359,25245,20,45313,10,0,5
3064552,25347,49,32578,1,1,1
3064552,25347,49,27966,2,1,2
3064552,25347,49,37646,3,1,3
3064552,25347,49,21137,4,1,4
3064552,25347,49,43122,5,1,5
3064552,25347,49,16185,6,1,6
3064552,25347,49,37718,7,1,7
2664489,25472,18,38293,1,1,1
2664489,25472,18,14947,2,1,2
2664489,25472,18,24852,3,1,3
2664489,25472,18,38739,4,1,4
2664489,25472,18,33754,5,1,5
2664489,25472,18,27845,6,1,6
2664489,25472,18,36011,7,1,7
2664489,25472,18,5077,8,1,8
2664489,25472,18,30406,9,1,9
2664489,25472,18,13646,10,1,10
2664489,25472,18,35140,11,1,11
2664489,25472,18,38662,12,1,12
2664489,25472,18,5373,13,1,13
2664489,25472,18,30668,14,1,14
2664489,25472,18,33682,15,1,15
2664489,25472,18,13838,16,1,16
2664489,25472,18,45002,17,0,16
2664489,25472,18,22210,18,1,17
1589801,25521,4,39947,1,1,1
1589801,25521,4,7693,2,1,2
1589801,25521,4,38997,3,1,3
1589801,25521,4,39602,4,1,4
1589801,25521,4,42456,5,0,4
1589801,25521,4,4472,6,0,4
1589801,25521,4,36316,7,0,4
1589801,25521,4,16295,8,0,4
2235911,25684,1,28985,1,0,0
2235911,25684,1,37538,2,0,0
2235911,25684,1,26914,3,0,0
2235911,25684,1,10120,4,0,0
2235911,25684,1,11520,5,0,0
2235911,25684,1,6948,6,0,0
2235911,25684,1,28204,7,0,0
2235911,25684,1,36305,8,0,0
2235911,25684,1,38273,9,0,0
2235911,25684,1,48745,10,0,0
2235911,25684,1,45007,11,0,0
2235911,25684,1,9000,12,0,0
154318,25813,2,16616,1,0,0
154318,25813,2,5449,2,0,0
154318,25813,2,260,3,0,0
154318,25813,2,13851,4,1,1
154318,25813,2,5973,5,0,1
154318,25813,2,21791,6,0,1
154318,25813,2,26010,7,0,1
154318,25813,2,34668,8,0,1
154318,25813,2,47403,9,0,1
154318,25813,2,3957,10,1,2
154318,25813,2,33929,11,0,2
154318,25813,2,20757,12,0,2
154318,25813,2,35951,13,0,2
154318,25813,2,16868,14,0,2
672303,26075,26,21938,1,1,1
672303,26075,26,29487,2,1,2
672303,26075,26,44799,3,1,3
672303,26075,26,48819,4,1,4
672303,26075,26,25146,5,1,5
672303,26075,26,37215,6,1,6
672303,26075,26,1398,7,1,7
672303,26075,26,27458,8,0,7
746810,26101,32,16797,1,1,1
1237452,26520,2,6184,1,1,1
1160320,26660,6,13984,1,0,0
1160320,26660,6,21137,2,0,0
1160320,26660,6,8174,3,0,0
1160320,26660,6,25146,4,0,0
1160320,26660,6,41290,5,0,0
1160320,26660,6,34423,6,0,0
1160320,26660,6,27204,7,0,0
3072062,27353,41,19057,1,1,1
3072062,27353,41,38255,2,1,2
3072062,27353,41,48679,3,1,3
3072062,27353,41,46969,4,1,4
3072062,27353,41,8174,5,1,5
3072062,27353,41,24985,6,1,6
3072062,27353,41,16797,7,1,7
3072062,27353,41,34969,8,1,8
3072062,27353,41,30169,9,1,9
3072062,27353,41,31883,10,0,9
3321167,27655,8,28851,1,0,0
3321167,27655,8,40310,2,1,1
3321167,27655,8,23879,3,1,2
3321167,27655,8,40604,4,0,2
3321167,27655,8,18918,5,1,3
3321167,27655,8,47526,6,0,3
5599,27750,1,37869,1,0,0
5599,27750,1,21616,2,0,0
5599,27750,1,40516,3,0,0
5599,27750,1,12980,4,0,0
5599,27750,1,7419,5,0,0
5599,27750,1,1408,6,0,0
5599,27750,1,14992,7,0,0
5599,27750,1,23341,8,0,0
5599,27750,1,15602,9,0,0
5599,27750,1,8424,10,0,0
5599,27750,1,18596,11,0,0
5599,27750,1,38635,12,0,0
771747,27773,1,27845,1,0,0
771747,27773,1,45007,2,0,0
771747,27773,1,44142,3,0,0
771747,27773,1,20324,4,0,0
771747,27773,1,19455,5,0,0
771747,27773,1,48720,6,0,0
771747,27773,1,19348,7,0,0
771747,27773,1,23537,8,0,0
771747,27773,1,42736,9,0,0
771747,27773,1,13176,10,0,0
771747,27773,1,7021,11,0,0
771747,27773,1,40992,12,0,0
771747,27773,1,5373,13,0,0
771747,27773,1,43073,14,0,0
771747,27773,1,22260,15,0,0
771747,27773,1,37739,16,0,0
771747,27773,1,40396,17,0,0
771747,27773,1,9472,18,0,0
1966489,27788,6,22935,1,0,0
1966489,27788,6,33098,2,0,0
1966489,27788,6,24009,3,0,0
1966489,27788,6,46720,4,0,0
1966489,27788,6,4249,5,0,0
1966489,27788,6,9020,6,0,0
1966489,27788,6,10385,7,1,1
1966489,27788,6,4920,8,1,2
1966489,27788,6,41787,9,0,2
2215422,27809,22,39618,1,1,1
2215422,27809,22,34519,2,1,2
2215422,27809,22,8908,3,1,3
2215422,27809,22,33745,4,1,4
2215422,27809,22,16797,5,1,5
2215422,27809,22,11983,6,1,6
2210526,27907,87,21903,1,1,1
2210526,27907,87,19449,2,1,2
2210526,27907,87,11422,3,1,3
2210526,27907,87,28289,4,1,4
2210526,27907,87,47528,5,1,5
2210526,27907,87,26369,6,1,6
2210526,27907,87,45906,7,0,6
2106749,28112,5,6177,1,0,0
2106749,28112,5,36792,2,1,1
2106749,28112,5,33741,3,0,1
2106749,28112,5,8230,4,0,1
2106749,28112,5,13646,5,1,2
2106749,28112,5,21227,6,1,3
2106749,28112,5,39013,7,1,4
2106749,28112,5,3835,8,1,5
2106749,28112,5,5479,9,1,6
2106749,28112,5,9339,10,1,7
2106749,28112,5,10992,11,0,7
2106749,28112,5,26790,12,1,8
2106749,28112,5,27690,13,0,8
2106749,28112,5,43662,14,1,9
2106749,28112,5,37234,15,1,10
2106749,28112,5,36695,16,1,11
2106749,28112,5,9037,17,0,11
2106749,28112,5,4793,18,1,12
2106749,28112,5,40545,19,1,13
2106749,28112,5,21479,20,1,14
2106749,28112,5,1830,21,1,15
2106749,28112,5,3481,22,0,15
2106749,28112,5,47766,23,0,15
2106749,28112,5,27966,24,1,16
2106749,28112,5,40706,25,0,16
2106749,28112,5,21616,26,0,16
1070750,28159,45,47287,1,0,0
1070750,28159,45,48988,2,1,1
3314088,28527,8,46990,1,0,0
3314088,28527,8,40691,2,1,1
3314088,28527,8,8277,3,1,2
652382,28927,60,27662,1,1,1
652382,28927,60,33909,2,1,2
652382,28927,60,42731,3,1,3
652382,28927,60,45924,4,1,4
2596737,29176,26,39054,1,0,0
2596737,29176,26,16385,2,0,0
2596737,29176,26,18441,3,0,0
2596737,29176,26,5077,4,0,0
2596737,29176,26,6278,5,0,0
2596737,29176,26,49236,6,0,0
709560,29267,26,27223,1,0,0
709560,29267,26,26327,2,0,0
709560,29267,26,14764,3,1,1
748006,29467,18,31127,1,1,1
748006,29467,18,18434,2,1,2
1455127,29616,23,35951,1,1,1
1455127,29616,23,24852,2,1,2
1455127,29616,23,31645,3,0,2
1455127,29616,23,38273,4,1,3
1455127,29616,23,45646,5,0,3
1455127,29616,23,6656,6,1,4
1455127,29616,23,16525,7,0,4
1455127,29616,23,42028,8,0,4
1455127,29616,23,11576,9,1,5
1455127,29616,23,14780,10,1,6
1455127,29616,23,32201,11,1,7
1455127,29616,23,44781,12,0,7
1455127,29616,23,19678,13,1,8
1455127,29616,23,16185,14,1,9
1455127,29616,23,33216,15,1,10
1455127,29616,23,12791,16,0,10
500117,29623,63,30391,1,1,1
500117,29623,63,24382,2,1,2
500117,29623,63,44987,3,1,3
350234,30167,6,19348,1,1,1
350234,30167,6,45066,2,1,2
350234,30167,6,7371,3,1,3
350234,30167,6,47766,4,1,4
350234,30167,6,28289,5,1,5
350234,30167,6,5959,6,0,5
350234,30167,6,15630,7,1,6
350234,30167,6,22227,8,0,6
350234,30167,6,21914,9,0,6
350234,30167,6,47717,10,0,6
350234,30167,6,26209,11,1,7
350234,30167,6,14218,12,0,7
3276222,30200,7,36616,1,1,1
3276222,30200,7,11456,2,0,1
3276222,30200,7,13637,3,0,1
604890,30237,4,10017,1,0,0
2865677,30662,8,10070,1,1,1
2865677,30662,8,14104,2,1,2
2865677,30662,8,723,3,0,2
811116,31310,31,34953,1,0,0
811116,31310,31,21419,2,0,0
811116,31310,31,9387,3,1,1
811116,31310,31,47626,4,1,2
811116,31310,31,44570,5,1,3
811116,31310,31,34122,6,0,3
811116,31310,31,25916,7,1,4
811116,31310,31,27120,8,0,4
811116,31310,31,46799,9,0,4
811116,31310,31,42720,10,0,4
811116,31310,31,34497,11,0,4
811116,31310,31,27428,12,1,5
811116,31310,31,44368,13,0,5
811116,31310,31,28842,14,1,6
811116,31310,31,34049,15,0,6
811116,31310,31,35734,16,0,6
811116,31310,31,14705,17,1,7
811116,31310,31,32441,18,1,8
811116,31310,31,32108,19,0,8
811116,31310,31,15937,20,1,9
811116,31310,31,34164,21,1,10
811116,31310,31,22475,22,1,11
811116,31310,31,26209,23,1,12
811116,31310,31,10108,24,1,13
811116,31310,31,39812,25,1,14
811116,31310,31,45002,26,1,15
811116,31310,31,10290,27,0,15
811116,31310,31,48705,28,1,16
811116,31310,31,5618,29,0,16
811116,31310,31,2588,30,1,17
811116,31310,31,9537,31,1,18
811116,31310,31,47752,32,0,18
811116,31310,31,19402,33,0,18
2245975,31451,21,5077,1,1,1
2245975,31451,21,13016,2,1,2
2245975,31451,21,20842,3,1,3
2245975,31451,21,31981,4,1,4
2245975,31451,21,1217,5,1,5
2245975,31451,21,24852,6,1,6
2245975,31451,21,21137,7,1,7
2245975,31451,21,10329,8,1,8
2245975,31451,21,44290,9,0,8
2245975,31451,21,15100,10,1,9
2245975,31451,21,41950,11,1,10
2245975,31451,21,13641,12,1,11
2245975,31451,21,28199,13,1,12
2245975,31451,21,40310,14,1,13
2245975,31451,21,31789,15,0,13
1789832,31472,3,1398,1,1,1
1789832,31472,3,40332,2,0,1
1789832,31472,3,18234,3,0,1
349480,31785,1,45842,1,0,0
349480,31785,1,14117,2,0,0
349480,31785,1,19677,3,0,0
349480,31785,1,23953,4,0,0
349480,31785,1,27553,5,0,0
1952879,31999,14,32403,1,1,1
1952879,31999,14,1689,2,1,2
1952879,31999,14,48142,3,1,3
1952879,31999,14,21573,4,0,3
1952879,31999,14,42265,5,0,3
791206,32118,49,34141,1,1,1
791206,32118,49,23719,2,0,1
791206,32118,49,11020,3,0,1
1006369,32285,15,43154,1,1,1
415162,32569,10,34850,1,0,0
415162,32569,10,6948,2,1,1
415162,32569,10,21616,3,1,2
415162,32569,10,13176,4,1,3
415162,32569,10,20246,5,1,4
415162,32569,10,6585,6,1,5
415162,32569,10,29987,7,1,6
415162,32569,10,16540,8,1,7
415162,32569,10,459,9,1,8
415162,32569,10,5077,10,1,9
415162,32569,10,26163,11,0,9
415162,32569,10,40501,12,0,9
415162,32569,10,19706,13,1,10
415162,32569,10,8727,14,0,10
2434663,32667,6,26350,1,0,0
2434663,32667,6,30391,2,0,0
2434663,32667,6,8518,3,0,0
2434663,32667,6,17794,4,0,0
2434663,32667,6,605,5,0,0
2434663,32667,6,41950,6,0,0
2434663,32667,6,24964,7,0,0
2434663,32667,6,13176,8,1,1
2434663,32667,6,2809,9,1,2
2434663,32667,6,19154,10,1,3
2434663,32667,6,29447,11,1,4
2434663,32667,6,47209,12,1,5
2434663,32667,6,913,13,1,6
2434663,32667,6,11782,14,1,7
698422,32953,24,9387,1,1,1
698422,32953,24,47977,2,1,2
698422,32953,24,24964,3,1,3
698422,32953,24,17794,4,1,4
698422,32953,24,5785,5,1,5
698422,32953,24,46654,6,1,6
698422,32953,24,22935,7,1,7
698422,32953,24,22825,8,1,8
698422,32953,24,16797,9,1,9
698422,32953,24,25138,10,1,10
698422,32953,24,45007,11,1,11
698422,32953,24,41065,12,0,11
698422,32953,24,43772,13,0,11
698422,32953,24,1463,14,1,12
698422,32953,24,39301,15,1,13
698422,32953,24,48795,16,1,14
698422,32953,24,36772,17,0,14
698422,32953,24,47209,18,1,15
698422,32953,24,48679,19,1,16
698422,32953,24,9839,20,0,16
698422,32953,24,34050,21,0,16
1041475,33084,16,46720,1,0,0
1041475,33084,16,9766,2,1,1
1041475,33084,16,35182,3,0,1
1041475,33084,16,40329,4,0,1
535392,33271,7,3957,1,1,1
535392,33271,7,4451,2,1,2
535392,33271,7,32320,3,1,3
535392,33271,7,34,4,1,4
535392,33271,7,44632,5,1,5
535392,33271,7,24964,6,1,6
535392,33271,7,18027,7,1,7
535392,33271,7,35168,8,0,7
535392,33271,7,22418,9,0,7
535392,33271,7,31506,10,0,7
535392,33271,7,21709,11,0,7
535392,33271,7,49520,12,0,7
535392,33271,7,1511,13,0,7
535392,33271,7,26842,14,0,7
1172673,33297,5,14689,1,1,1
1172673,33297,5,43739,2,1,2
1172673,33297,5,48762,3,0,2
1172673,33297,5,42265,4,1,3
1427049,33498,15,13176,1,1,1
1427049,33498,15,1463,2,1,2
1427049,33498,15,32655,3,1,3
1427049,33498,15,42445,4,1,4
1427049,33498,15,39928,5,1,5
1427049,33498,15,25886,6,1,6
1148469,33911,15,48071,1,1,1
1148469,33911,15,42357,2,1,2
1148469,33911,15,24114,3,1,3
1148469,33911,15,7631,4,1,4
1148469,33911,15,43014,5,0,4
1148469,33911,15,32338,6,1,5
2873858,34067,5,29270,1,1,1
2873858,34067,5,3957,2,0,1
2873858,34067,5,21508,3,0,1
349009,34382,16,14947,1,1,1
349009,34382,16,44632,2,1,2
349009,34382,16,35221,3,1,3
349009,34382,16,49191,4,0,3
349009,34382,16,26620,5,0,3
1494626,36007,70,21137,1,1,1
1494626,36007,70,19057,2,1,2
1494626,36007,70,18362,3,1,3
597717,36136,2,47815,1,1,1
597717,36136,2,23763,2,0,1
597717,36136,2,49235,3,0,1
597717,36136,2,12576,4,1,2
597717,36136,2,39947,5,1,3
597717,36136,2,30353,6,1,4
597717,36136,2,45747,7,1,5
597717,36136,2,5819,8,0,5
597717,36136,2,46764,9,0,5
2371990,36254,13,1319,1,1,1
2371990,36254,13,15902,2,1,2
2371990,36254,13,27172,3,0,2
2371990,36254,13,31553,4,0,2
2371990,36254,13,8006,5,1,3
2371990,36254,13,15872,6,1,4
2371990,36254,13,9077,7,0,4
2371990,36254,13,20779,8,0,4
2371990,36254,13,5586,9,0,4
2371990,36254,13,34739,10,0,4
2371990,36254,13,13129,11,1,5
2371990,36254,13,24830,12,1,6
322,36278,2,13819,1,1,1
322,36278,2,432,2,1,2
322,36278,2,19311,3,1,3
322,36278,2,36646,4,0,3
322,36278,2,28842,5,1,4
322,36278,2,41259,6,0,4
322,36278,2,4605,7,0,4
322,36278,2,46526,8,0,4
322,36278,2,37011,9,0,4
2668650,36445,23,47137,1,0,0
2668650,36445,23,1757,2,1,1
2668650,36445,23,15842,3,1,2
2668650,36445,23,11619,4,1,3
2668650,36445,23,26638,5,1,4
2203324,36448,20,19803,1,0,0
2203324,36448,20,28966,2,0,0
2203324,36448,20,37923,3,0,0
210969,36785,32,48647,1,1,1
210969,36785,32,37646,2,1,2
210969,36785,32,30233,3,0,2
210969,36785,32,4367,4,1,3
210969,36785,32,13409,5,1,4
210969,36785,32,38456,6,1,5
210969,36785,32,10305,7,1,6
3060833,37308,71,45504,1,1,1
3060833,37308,71,36361,2,1,2
3060833,37308,71,29126,3,1,3
3060833,37308,71,36126,4,0,3
3060833,37308,71,21903,5,1,4
3060833,37308,71,27104,6,1,5
3060833,37308,71,10246,7,0,5
3060833,37308,71,24184,8,1,6
3060833,37308,71,47209,9,1,7
3060833,37308,71,5876,10,1,8
3060833,37308,71,8518,11,1,9
3060833,37308,71,260,12,0,9
3060833,37308,71,35750,13,0,9
3060833,37308,71,42617,14,0,9
3060833,37308,71,31506,15,0,9
3060833,37308,71,19519,16,1,10
1412463,37625,9,47209,1,1,1
1412463,37625,9,37646,2,0,1
1412463,37625,9,7521,3,1,2
1412463,37625,9,17708,4,0,2
1412463,37625,9,46979,5,0,2
1412463,37625,9,16759,6,1,3
1412463,37625,9,9839,7,1,4
2401647,38314,4,40355,1,1,1
2401647,38314,4,20682,2,0,1
2401647,38314,4,21333,3,0,1
2401647,38314,4,32211,4,1,2
2401647,38314,4,49405,5,1,3
2401647,38314,4,4540,6,1,4
2401647,38314,4,19070,7,0,4
2401647,38314,4,26586,8,0,4
2085928,38691,10,17902,1,1,1
2085928,38691,10,17789,2,0,1
2085928,38691,10,17668,3,0,1
2085928,38691,10,16521,4,0,1
2085928,38691,10,4920,5,1,2
2085928,38691,10,9531,6,1,3
2085928,38691,10,6358,7,1,4
2085928,38691,10,45303,8,1,5
2085928,38691,10,34428,9,0,5
593900,38764,31,39820,1,1,1
593900,38764,31,16096,2,1,2
593900,38764,31,2633,3,0,2
1417362,39014,1,23329,1,0,0
1417362,39014,1,32961,2,0,0
1417362,39014,1,17794,3,0,0
1417362,39014,1,13431,4,0,0
1417362,39014,1,1529,5,0,0
1417362,39014,1,41844,6,0,0
1417362,39014,1,43295,7,0,0
1417362,39014,1,36848,8,0,0
1417362,39014,1,40377,9,0,0
1417362,39014,1,12419,10,0,0
1417362,39014,1,7021,11,0,0
1417362,39014,1,22935,12,0,0
1417362,39014,1,436,13,0,0
1417362,39014,1,40078,14,0,0
1417362,39014,1,39303,15,0,0
1417362,39014,1,32293,16,0,0
1417362,39014,1,45208,17,0,0
1417362,39014,1,47318,18,0,0
1417362,39014,1,11926,19,0,0
1417362,39014,1,37594,20,0,0
1417362,39014,1,920,21,0,0
596822,39486,20,37646,1,1,1
596822,39486,20,39928,2,1,2
596822,39486,20,6104,3,1,3
596822,39486,20,18918,4,1,4
596822,39486,20,31506,5,1,5
596822,39486,20,45007,6,1,6
596822,39486,20,19048,7,1,7
1950983,39508,15,31759,1,1,1
1083491,39648,32,37766,1,1,1
1083491,39648,32,20280,2,1,2
1083491,39648,32,43616,3,1,3
1083491,39648,32,24852,4,1,4
1083491,39648,32,44479,5,1,5
1083491,39648,32,16797,6,1,6
1083491,39648,32,47759,7,1,7
1083491,39648,32,22281,8,1,8
1810752,39981,5,17316,1,1,1
1810752,39981,5,21903,2,1,2
2515614,40301,64,48679,1,1,1
2515614,40301,64,27104,2,1,2
2515614,40301,64,12791,3,1,3
2515614,40301,64,11790,4,1,4
2515614,40301,64,14867,5,0,4
2515614,40301,64,44,6,0,4
2515614,40301,64,2019,7,0,4
2515614,40301,64,7346,8,1,5
2515614,40301,64,22950,9,1,6
2515614,40301,64,14947,10,1,7
2515614,40301,64,8174,11,1,8
2515614,40301,64,12369,12,1,9
2515614,40301,64,38159,13,1,10
2515614,40301,64,17461,14,1,11
2515614,40301,64,21543,15,0,11
468521,40482,2,5157,1,1,1
468521,40482,2,1689,2,0,1
468521,40482,2,9076,3,0,1
468521,40482,2,21288,4,0,1
468521,40482,2,32689,5,0,1
429245,40634,6,48577,1,1,1
429245,40634,6,23044,2,0,1
429245,40634,6,22164,3,1,2
429245,40634,6,33198,4,1,3
429245,40634,6,25020,5,0,3
429245,40634,6,13660,6,0,3
429245,40634,6,47209,7,1,4
429245,40634,6,19677,8,1,5
429245,40634,6,43352,9,0,5
1702863,40644,36,35417,1,1,1
1702863,40644,36,41213,2,1,2
1702863,40644,36,39408,3,0,2
1702863,40644,36,39928,4,1,3
1702863,40644,36,13176,5,1,4
1702863,40644,36,31847,6,1,5
1702863,40644,36,25837,7,1,6
1702863,40644,36,40268,8,1,7
3330405,40715,35,24852,1,1,1
3330405,40715,35,16797,2,1,2
3330405,40715,35,27845,3,1,3
3330405,40715,35,13198,4,1,4
3330405,40715,35,40529,5,1,5
3330405,40715,35,37464,6,0,5
1661069,41217,2,23909,1,1,1
1661069,41217,2,39108,2,1,2
1661069,41217,2,25357,3,0,2
1661069,41217,2,7600,4,0,2
1661069,41217,2,42252,5,1,3
1661069,41217,2,47357,6,0,3
1661069,41217,2,24852,7,1,4
2928697,41266,12,13249,1,1,1
2928697,41266,12,38374,2,1,2
2928697,41266,12,46175,3,1,3
2928697,41266,12,34622,4,1,4
2928697,41266,12,33120,5,0,4
2928697,41266,12,6985,6,0,4
2928697,41266,12,24263,7,0,4
2928697,41266,12,25890,8,1,5
988586,41285,3,45535,1,1,1
988586,41285,3,13176,2,0,1
988586,41285,3,25890,3,1,2
988586,41285,3,42736,4,0,2
988586,41285,3,2846,5,1,3
988586,41285,3,42625,6,1,4
988586,41285,3,16349,7,1,5
988586,41285,3,12980,8,1,6
988586,41285,3,22935,9,0,6
988586,41285,3,36011,10,0,6
2920004,41423,2,21949,1,0,0
2920004,41423,2,25837,2,0,0
2920004,41423,2,23323,3,0,0
2920004,41423,2,31683,4,0,0
2920004,41423,2,32230,5,0,0
2920004,41423,2,1086,6,0,0
2920004,41423,2,46513,7,0,0
1598659,41634,7,22825,1,1,1
1598659,41634,7,27845,2,1,2
1598659,41634,7,45447,3,1,3
1817342,41642,33,5450,1,1,1
1817342,41642,33,24852,2,1,2
1817342,41642,33,19816,3,1,3
1817342,41642,33,16185,4,1,4
1817342,41642,33,48628,5,1,5
1817342,41642,33,9339,6,1,6
1817342,41642,33,35902,7,1,7
1817342,41642,33,24390,8,1,8
1817342,41642,33,37766,9,1,9
1813054,42149,5,7862,1,1,1
3323298,42308,3,27147,1,0,0
3323298,42308,3,23909,2,0,0
3323298,42308,3,47766,3,0,0
3323298,42308,3,16419,4,0,0
3323298,42308,3,34047,5,1,1
3323298,42308,3,44987,6,0,1
3323298,42308,3,6873,7,0,1
3323298,42308,3,14161,8,0,1
3323298,42308,3,47626,9,0,1
3323298,42308,3,19382,10,0,1
3323298,42308,3,21573,11,0,1
3323298,42308,3,18659,12,0,1
3323298,42308,3,25854,13,0,1
3323298,42308,3,760,14,0,1
3323298,42308,3,15663,15,0,1
3323298,42308,3,28369,16,0,1
3323298,42308,3,18211,17,0,1
3323298,42308,3,23341,18,1,2
3323298,42308,3,49683,19,0,2
3323298,42308,3,24184,20,0,2
3323298,42308,3,41290,21,0,2
2133182,42434,5,44643,1,1,1
2133182,42434,5,25890,2,1,2
2133182,42434,5,26351,3,1,3
2133182,42434,5,2086,4,1,4
2133182,42434,5,26324,5,1,5
2133182,42434,5,13819,6,1,6
2133182,42434,5,8518,7,1,7
2133182,42434,5,16185,8,1,8
2133182,42434,5,44471,9,1,9
2133182,42434,5,21841,10,1,10
2133182,42434,5,23594,11,1,11
2133182,42434,5,30599,12,1,12
2133182,42434,5,49113,13,1,13
2133182,42434,5,9507,14,1,14
2133182,42434,5,15290,15,1,15
2133182,42434,5,10212,16,1,16
2133182,42434,5,10749,17,1,17
2133182,42434,5,28242,18,1,18
3264461,42464,3,41594,1,0,0
3264461,42464,3,7736,2,0,0
3264461,42464,3,31564,3,0,0
3264461,42464,3,13153,4,0,0
3264461,42464,3,19727,5,0,0
3264461,42464,3,18534,6,0,0
561269,42687,12,27511,1,1,1
561269,42687,12,27966,2,1,2
561269,42687,12,46979,3,1,3
561269,42687,12,26165,4,1,4
561269,42687,12,26047,5,1,5
561269,42687,12,17600,6,1,6
114695,42760,11,43772,1,1,1
114695,42760,11,44632,2,1,2
114695,42760,11,18993,3,1,3
114695,42760,11,31373,4,1,4
114695,42760,11,14240,5,1,5
114695,42760,11,33071,6,1,6
2194774,42821,8,14634,1,1,1
2194774,42821,8,4210,2,1,2
2194774,42821,8,26553,3,1,3
2194774,42821,8,35430,4,1,4
2194774,42821,8,25146,5,1,5
2194774,42821,8,19585,6,1,6
2194774,42821,8,25237,7,1,7
2194774,42821,8,43409,8,0,7
2194774,42821,8,196,9,1,8
2194774,42821,8,24852,10,1,9
2194774,42821,8,46522,11,1,10
2194774,42821,8,34887,12,1,11
2194774,42821,8,11265,13,1,12
2194774,42821,8,22788,14,0,12
2194774,42821,8,429,15,0,12
2194774,42821,8,17008,16,0,12
2194774,42821,8,5976,17,0,12
2194774,42821,8,364,18,0,12
2194774,42821,8,24382,19,0,12
2194774,42821,8,37736,20,0,12
2194774,42821,8,48804,21,0,12
2194774,42821,8,24759,22,0,12
2194774,42821,8,28081,23,0,12
2194774,42821,8,49326,24,0,12
2194774,42821,8,44232,25,0,12
2194774,42821,8,36386,26,1,13
2194774,42821,8,40925,27,0,13
2194774,42821,8,31562,28,1,14
2194774,42821,8,37731,29,0,14
2194774,42821,8,30106,30,0,14
2194774,42821,8,27770,31,0,14
1601131,42853,1,35619,1,0,0
1601131,42853,1,11985,2,0,0
1601131,42853,1,6611,3,0,0
1601131,42853,1,37148,4,0,0
1601131,42853,1,9577,5,0,0
1601131,42853,1,30425,6,0,0
1601131,42853,1,38455,7,0,0
3253052,43040,7,24852,1,1,1
3253052,43040,7,27316,2,1,2
3253052,43040,7,2361,3,1,3
3253052,43040,7,35168,4,1,4
3253052,43040,7,35577,5,1,5
3253052,43040,7,47029,6,1,6
3253052,43040,7,35221,7,1,7
3253052,43040,7,41674,8,1,8
3253052,43040,7,23484,9,1,9
3253052,43040,7,18599,10,0,9
3253052,43040,7,2380,11,0,9
3253052,43040,7,45060,12,0,9
3253052,43040,7,14267,13,0,9
3253052,43040,7,6141,14,0,9
3253052,43040,7,28999,15,0,9
3253052,43040,7,41787,16,0,9
2082539,43184,5,44595,1,1,1
2082539,43184,5,17338,2,1,2
2082539,43184,5,42013,3,1,3
2082539,43184,5,11461,4,0,3
2082539,43184,5,44449,5,0,3
2082539,43184,5,23400,6,0,3
2082539,43184,5,22015,7,1,4
2082539,43184,5,3808,8,0,4
2082539,43184,5,47977,9,0,4
2082539,43184,5,31487,10,0,4
2082539,43184,5,24149,11,0,4
2082539,43184,5,9076,12,0,4
2082539,43184,5,6166,13,0,4
2082539,43184,5,4878,14,1,5
2082539,43184,5,47177,15,0,5
2082539,43184,5,25903,16,0,5
2082539,43184,5,13536,17,1,6
2082539,43184,5,43829,18,1,7
2082539,43184,5,45296,19,0,7
2082539,43184,5,47098,20,0,7
2082539,43184,5,37728,21,0,7
2082539,43184,5,23734,22,0,7
2082539,43184,5,29553,23,0,7
2082539,43184,5,40586,24,0,7
914625,43683,58,39428,1,1,1
914625,43683,58,15096,2,1,2
914625,43683,58,3431,3,1,3
914625,43683,58,45,4,1,4
914625,43683,58,32303,5,1,5
914625,43683,58,37766,6,1,6
914625,43683,58,25495,7,1,7
914625,43683,58,37646,8,1,8
914625,43683,58,15872,9,1,9
914625,43683,58,32842,10,0,9
914625,43683,58,287,11,1,10
914625,43683,58,27845,12,0,10
914625,43683,58,28199,13,1,11
914625,43683,58,41057,14,0,11
914625,43683,58,24834,15,1,12
914625,43683,58,24004,16,1,13
914625,43683,58,14394,17,1,14
914625,43683,58,45007,18,0,14
914625,43683,58,4605,19,1,15
914625,43683,58,31343,20,1,16
914625,43683,58,2005,21,1,17
914625,43683,58,24664,22,0,17
914625,43683,58,36070,23,1,18
152960,43786,13,47900,1,1,1
152960,43786,13,11520,2,1,2
1164053,43810,30,44014,1,0,0
1164053,43810,30,22935,2,1,1
1164053,43810,30,5876,3,1,2
1164053,43810,30,11941,4,0,2
1164053,43810,30,19370,5,0,2
1164053,43810,30,42701,6,0,2
1164053,43810,30,32935,7,1,3
1164053,43810,30,48220,8,1,4
1164053,43810,30,15984,9,1,5
1164053,43810,30,14764,10,0,5
2610507,43870,3,18465,1,1,1
2610507,43870,3,38293,2,0,1
2610507,43870,3,21938,3,0,1
2610507,43870,3,22935,4,0,1
2610507,43870,3,44449,5,0,1
2610507,43870,3,8670,6,0,1
2610507,43870,3,19886,7,0,1
2610507,43870,3,46206,8,0,1
2610507,43870,3,39428,9,0,1
2610507,43870,3,46969,10,1,2
2610507,43870,3,14183,11,0,2
2610507,43870,3,5708,12,0,2
2610507,43870,3,42342,13,0,2
2610507,43870,3,19019,14,0,2
2610507,43870,3,5077,15,0,2
2610507,43870,3,1360,16,0,2
2610507,43870,3,24852,17,1,3
2610507,43870,3,7539,18,0,3
2610507,43870,3,27695,19,0,3
2610507,43870,3,25753,20,1,4
2610507,43870,3,44292,21,0,4
1297422,43928,6,1398,1,0,0
1297422,43928,6,21137,2,1,1
1297422,43928,6,28553,3,0,1
1297422,43928,6,9076,4,0,1
1297422,43928,6,24852,5,1,2
1297422,43928,6,30024,6,1,3
1297422,43928,6,19154,7,0,3
1297422,43928,6,2693,8,1,4
1297422,43928,6,43749,9,0,4
510990,44250,20,13575,1,0,0
2901579,44365,43,32133,1,1,1
2901579,44365,43,10673,2,1,2
2901579,44365,43,36923,3,1,3
2901579,44365,43,11182,4,1,4
2901579,44365,43,33095,5,1,5
2901579,44365,43,33772,6,1,6
2901579,44365,43,36431,7,1,7
2901579,44365,43,37158,8,1,8
2901579,44365,43,1940,9,1,9
2901579,44365,43,16797,10,1,10
3274783,44394,6,32689,1,1,1
3274783,44394,6,39275,2,1,2
3274783,44394,6,13176,3,0,2
3274783,44394,6,20448,4,0,2
2125808,44975,18,21872,1,0,0
2125808,44975,18,44910,2,0,0
2125808,44975,18,44661,3,1,1
2125808,44975,18,10644,4,0,1
2125808,44975,18,48622,5,0,1
2125808,44975,18,28986,6,0,1
2125808,44975,18,19678,7,0,1
2125808,44975,18,10504,8,1,2
2125808,44975,18,34358,9,1,3
2125808,44975,18,28171,10,1,4
2125808,44975,18,23516,11,0,4
2125808,44975,18,31553,12,1,5
2125808,44975,18,22475,13,0,5
2125808,44975,18,2846,14,1,6
2303021,44984,9,31759,1,1,1
2303021,44984,9,8617,2,1,2
2303021,44984,9,16732,3,1,3
1218793,45304,4,23102,1,1,1
1218793,45304,4,21137,2,1,2
1218793,45304,4,9459,3,1,3
1218793,45304,4,18451,4,1,4
1218793,45304,4,36772,5,0,4
1218793,45304,4,1111,6,1,5
1218793,45304,4,43961,7,0,5
1218793,45304,4,18090,8,1,6
1218793,45304,4,24852,9,1,7
1218793,45304,4,20802,10,1,8
2713500,45368,16,21903,1,1,1
2713500,45368,16,25886,2,0,1
2713500,45368,16,17454,3,0,1
2713500,45368,16,25718,4,1,2
2713500,45368,16,30639,5,1,3
2713500,45368,16,3849,6,1,4
3382764,45693,30,44359,1,0,0
3382764,45693,30,16083,2,1,1
3382764,45693,30,19019,3,1,2
3382764,45693,30,21137,4,1,3
3382764,45693,30,31288,5,1,4
332059,45837,6,43352,1,1,1
332059,45837,6,42506,2,1,2
332059,45837,6,17862,3,0,2
2892649,45986,7,11742,1,0,0
2892649,45986,7,33651,2,0,0
2892649,45986,7,16014,3,0,0
2892649,45986,7,32842,4,0,0
2892649,45986,7,41290,5,0,0
2892649,45986,7,32851,6,0,0
2892649,45986,7,6489,7,1,1
2892649,45986,7,35909,8,0,1
2955453,46848,3,32864,1,1,1
2955453,46848,3,12204,2,0,1
2955453,46848,3,43522,3,0,1
2955453,46848,3,26010,4,1,2
2955453,46848,3,18691,5,0,2
2955453,46848,3,932,6,0,2
2955453,46848,3,4274,7,0,2
2955453,46848,3,20995,8,0,2
2955453,46848,3,16521,9,0,2
2955453,46848,3,44734,10,0,2
2955453,46848,3,23140,11,0,2
2955453,46848,3,21137,12,0,2
2955453,46848,3,45575,13,0,2
2955453,46848,3,19480,14,0,2
2782160,46980,8,35898,1,0,0
2782160,46980,8,24852,2,1,1
2782160,46980,8,1463,3,0,1
2782160,46980,8,28199,4,1,2
2782160,46980,8,49235,5,1,3
2782160,46980,8,44765,6,0,3
2782160,46980,8,25093,7,0,3
2782160,46980,8,10826,8,0,3
2013388,46994,18,39678,1,0,0
2013388,46994,18,27845,2,1,1
1747872,47103,67,26128,1,1,1
1747872,47103,67,6615,2,1,2
1747872,47103,67,44560,3,1,3
1747872,47103,67,34448,4,0,3
1747872,47103,67,11520,5,1,4
3338569,47295,9,37825,1,0,0
3338569,47295,9,40749,2,0,0
3338569,47295,9,36550,3,1,1
3338569,47295,9,36036,4,1,2
3338569,47295,9,36929,5,1,3
3338569,47295,9,5322,6,0,3
3338569,47295,9,31127,7,0,3
3338569,47295,9,48647,8,1,4
1340693,47304,6,27695,1,0,0
1340693,47304,6,2452,2,0,0
1340693,47304,6,39475,3,0,0
1340693,47304,6,34969,4,1,1
1340693,47304,6,28842,5,1,2
1340693,47304,6,43076,6,0,2
1340693,47304,6,43712,7,0,2
1340693,47304,6,33731,8,0,2
1340693,47304,6,43129,9,0,2
1340693,47304,6,18465,10,0,2
2856687,47611,8,45064,1,0,0
2856687,47611,8,16607,2,1,1
2856687,47611,8,23102,3,1,2
2856687,47611,8,20577,4,1,3
2856687,47611,8,24852,5,1,4
2381838,47877,10,10509,1,1,1
1375522,47884,5,10957,1,1,1
1375522,47884,5,48695,2,1,2
1375522,47884,5,24852,3,1,3
1375522,47884,5,21137,4,1,4
1375522,47884,5,9422,5,1,5
1375522,47884,5,13951,6,1,6
1375522,47884,5,41351,7,1,7
1921507,47949,36,4957,1,1,1
1921507,47949,36,11123,2,1,2
1921507,47949,36,31231,3,1,3
1921507,47949,36,29103,4,1,4
1921507,47949,36,22035,5,1,5
1921507,47949,36,8061,6,1,6
1921507,47949,36,41716,7,1,7
1921507,47949,36,27966,8,1,8
1921507,47949,36,47912,9,1,9
1921507,47949,36,28465,10,1,10
1921507,47949,36,27086,11,1,11
1921507,47949,36,13263,12,1,12
1921507,47949,36,5322,13,1,13
1921507,47949,36,18531,14,1,14
1921507,47949,36,47521,15,1,15
1921507,47949,36,24241,16,1,16
1921507,47949,36,45013,17,1,17
1921507,47949,36,28476,18,1,18
1921507,47949,36,19006,19,1,19
1921507,47949,36,17730,20,1,20
1921507,47949,36,45645,21,1,21
1921507,47949,36,40723,22,0,21
1921507,47949,36,45154,23,0,21
2526922,48093,14,40905,1,0,0
2526922,48093,14,40638,2,0,0
2526922,48093,14,8953,3,0,0
2526922,48093,14,24325,4,0,0
1001599,48160,18,34050,1,1,1
1001599,48160,18,17306,2,1,2
1001599,48160,18,43067,3,1,3
1001599,48160,18,37040,4,1,4
3304359,48450,16,12254,1,0,0
3304359,48450,16,25640,2,0,0
3304359,48450,16,25340,3,1,1
3304359,48450,16,28353,4,1,2
3304359,48450,16,34281,5,0,2
3304359,48450,16,12033,6,1,3
3304359,48450,16,27086,7,1,4
2734241,48620,12,30489,1,1,1
2734241,48620,12,31720,2,1,2
2734241,48620,12,31342,3,1,3
2734241,48620,12,38159,4,1,4
2734241,48620,12,43504,5,1,5
2734241,48620,12,44359,6,1,6
2734241,48620,12,22035,7,1,7
2734241,48620,12,38650,8,1,8
2734241,48620,12,21903,9,1,9
2734241,48620,12,13176,10,1,10
2734241,48620,12,2108,11,1,11
1288404,48791,5,40545,1,0,0
1288404,48791,5,21903,2,0,0
1288404,48791,5,20580,3,0,0
1288404,48791,5,1158,4,1,1
1288404,48791,5,30391,5,1,2
1288404,48791,5,47672,6,1,3
1288404,48791,5,2966,7,1,4
1288404,48791,5,39190,8,1,5
1288404,48791,5,38689,9,1,6
1288404,48791,5,13740,10,1,7
1288404,48791,5,5194,11,1,8
1288404,48791,5,33055,12,1,9
1288404,48791,5,14881,13,1,10
1288404,48791,5,38311,14,1,11
1288404,48791,5,226,15,1,12
1288404,48791,5,5547,16,1,13
1288404,48791,5,30489,17,1,14
1288404,48791,5,25340,18,1,15
1288404,48791,5,38159,19,1,16
1288404,48791,5,9507,20,1,17
3356599,48936,18,2763,1,1,1
3356599,48936,18,38689,2,1,2
3356599,48936,18,24852,3,1,3
3356599,48936,18,17600,4,1,4
3356599,48936,18,13431,5,1,5
3356599,48936,18,7559,6,1,6
3356599,48936,18,46290,7,1,7
3356599,48936,18,44098,8,1,8
3356599,48936,18,24850,9,0,8
3356599,48936,18,47209,10,1,9
3356599,48936,18,17122,11,1,10
3356599,48936,18,26604,12,1,11
3356599,48936,18,43961,13,1,12
3356599,48936,18,5212,14,1,13
3356599,48936,18,31433,15,1,14
3356599,48936,18,20842,16,0,14
3356599,48936,18,4983,17,0,14
1528592,49094,25,39558,1,0,0
1528592,49094,25,24964,2,1,1
1528592,49094,25,4210,3,0,1
1528592,49094,25,22935,4,0,1
1528592,49094,25,13535,5,0,1
1528592,49094,25,47626,6,1,2
1528592,49094,25,41544,7,0,2
1528592,49094,25,44910,8,1,3
3027599,49309,13,1463,1,1,1
3027599,49309,13,44632,2,1,2
3027599,49309,13,47766,3,0,2
3027599,49309,13,13176,4,1,3
3027599,49309,13,6348,5,1,4
3027599,49309,13,30382,6,0,4
3027599,49309,13,15285,7,1,5
3027599,49309,13,26209,8,0,5
3027599,49309,13,40706,9,0,5
3027599,49309,13,3957,10,1,6
3027599,49309,13,27663,11,0,6
2678456,49336,4,22365,1,1,1
2678456,49336,4,23405,2,0,1
2678456,49336,4,21137,3,1,2
2678456,49336,4,397,4,0,2
2678456,49336,4,20178,5,0,2
2678456,49336,4,6046,6,0,2
2678456,49336,4,4605,7,0,2
2678456,49336,4,890,8,0,2
2678456,49336,4,44449,9,0,2
2678456,49336,4,27156,10,0,2
2678456,49336,4,17044,11,0,2
149297,49457,9,38311,1,1,1
149297,49457,9,13870,2,1,2
149297,49457,9,10125,3,1,3
2792518,50358,25,16837,1,1,1
2792518,50358,25,35628,2,1,2
2792518,50358,25,3957,3,1,3
2792518,50358,25,13176,4,1,4
2792518,50358,25,21616,5,1,5
2792518,50358,25,14715,6,1,6
2792518,50358,25,49284,7,0,6
969799,51136,8,41644,1,1,1
969799,51136,8,4304,2,0,1
969799,51136,8,6111,3,1,2
969799,51136,8,20608,4,0,2
969799,51136,8,7325,5,1,3
969799,51136,8,28199,6,1,4
969799,51136,8,9076,7,1,5
969799,51136,8,45066,8,0,5
717837,51237,4,25379,1,1,1
717837,51237,4,4557,2,1,2
717837,51237,4,31759,3,0,2
717837,51237,4,34005,4,1,3
717837,51237,4,21292,5,0,3
1522980,51609,4,14563,1,0,0
1522980,51609,4,15261,2,0,0
1522980,51609,4,13780,3,1,1
1522980,51609,4,19893,4,0,1
1522980,51609,4,36070,5,1,2
1522980,51609,4,14705,6,0,2
1522980,51609,4,22142,7,1,3
1522980,51609,4,24156,8,0,3
1522980,51609,4,23537,9,0,3
1522980,51609,4,38233,10,0,3
1522980,51609,4,39425,11,0,3
1522980,51609,4,49505,12,0,3
1522980,51609,4,44713,13,0,3
1522980,51609,4,20378,14,0,3
1522980,51609,4,5782,15,0,3
1522980,51609,4,12845,16,0,3
1522980,51609,4,39137,17,0,3
1522980,51609,4,40945,18,0,3
1522980,51609,4,38108,19,0,3
1522980,51609,4,7806,20,0,3
1522980,51609,4,39408,21,0,3
1522980,51609,4,25604,22,0,3
1522980,51609,4,35752,23,0,3
1522980,51609,4,48562,24,0,3
1522980,51609,4,44683,25,0,3
1522980,51609,4,23339,26,0,3
1522980,51609,4,23734,27,1,4
1522980,51609,4,5612,28,0,4
1522980,51609,4,32624,29,0,4
1522980,51609,4,14168,30,0,4
1522980,51609,4,31871,31,0,4
1522980,51609,4,42504,32,0,4
1522980,51609,4,32044,33,0,4
3030560,51618,20,12606,1,1,1
3030560,51618,20,44142,2,1,2
3030560,51618,20,27629,3,1,3
3030560,51618,20,9387,4,1,4
3030560,51618,20,44229,5,0,4
3030560,51618,20,10867,6,0,4
3030560,51618,20,31487,7,0,4
3355686,51625,16,8539,1,0,0
3355686,51625,16,14129,2,0,0
3355686,51625,16,9687,3,1,1
3355686,51625,16,9666,4,1,2
3355686,51625,16,36929,5,1,3
3355686,51625,16,45081,6,1,4
3355686,51625,16,49131,7,1,5
3355686,51625,16,28967,8,0,5
3355686,51625,16,41427,9,0,5
746965,51782,49,2954,1,1,1
746965,51782,49,10749,2,1,2
746965,51782,49,27104,3,1,3
746965,51782,49,45535,4,1,4
746965,51782,49,22935,5,1,5
746965,51782,49,24964,6,1,6
746965,51782,49,47209,7,1,7
746965,51782,49,14947,8,1,8
746965,51782,49,25466,9,1,9
746965,51782,49,44359,10,1,10
746965,51782,49,31275,11,1,11
746965,51782,49,27451,12,1,12
746965,51782,49,2480,13,1,13
746965,51782,49,33257,14,1,14
746965,51782,49,38273,15,1,15
746965,51782,49,36528,16,0,15
746965,51782,49,38596,17,1,16
746965,51782,49,38295,18,1,17
879947,52240,4,17015,1,1,1
2319870,52366,3,11885,1,1,1
2319870,52366,3,11826,2,0,1
2319870,52366,3,19165,3,0,1
2319870,52366,3,36186,4,1,2
2319870,52366,3,9623,5,1,3
670050,53085,6,47209,1,1,1
670050,53085,6,30169,2,1,2
670050,53085,6,24852,3,0,2
670050,53085,6,32177,4,1,3
670050,53085,6,19457,5,1,4
670050,53085,6,21137,6,0,4
1643851,53171,7,581,1,1,1
1643851,53171,7,32655,2,1,2
1643851,53171,7,5785,3,1,3
1643851,53171,7,24852,4,1,4
1643851,53171,7,7503,5,1,5
1643851,53171,7,248,6,1,6
1643851,53171,7,12845,7,1,7
1643851,53171,7,25630,8,0,7
1643851,53171,7,7673,9,1,8
1643851,53171,7,49683,10,1,9
2013242,53243,15,5271,1,0,0
2013242,53243,15,35702,2,0,0
2013242,53243,15,43924,3,0,0
2013242,53243,15,26318,4,1,1
2013242,53243,15,16797,5,1,2
2013242,53243,15,19604,6,1,3
2013242,53243,15,28073,7,1,4
2013242,53243,15,42614,8,1,5
2013242,53243,15,20802,9,1,6
2013242,53243,15,24852,10,1,7
2013242,53243,15,35578,11,1,8
2013242,53243,15,35205,12,0,8
2013242,53243,15,7693,13,1,9
2013242,53243,15,18373,14,1,10
2013242,53243,15,13977,15,0,10
2013242,53243,15,25654,16,0,10
2013242,53243,15,3953,17,1,11
2013242,53243,15,1774,18,1,12
2013242,53243,15,1241,19,1,13
2013242,53243,15,28185,20,1,14
2013242,53243,15,48097,21,1,15
2013242,53243,15,28016,22,1,16
2013242,53243,15,7838,23,0,16
2013242,53243,15,25786,24,0,16
2013242,53243,15,46189,25,1,17
2013242,53243,15,4674,26,1,18
2013242,53243,15,41805,27,1,19
2013242,53243,15,1154,28,1,20
2013242,53243,15,29064,29,1,21
2013242,53243,15,33852,30,1,22
2013242,53243,15,17807,31,1,23
2013242,53243,15,32133,32,0,23
2013242,53243,15,10710,33,1,24
2013242,53243,15,10823,34,0,24
2013242,53243,15,5436,35,0,24
2013242,53243,15,8670,36,0,24
2013242,53243,15,14875,37,0,24
2013242,53243,15,5770,38,0,24
2013242,53243,15,45288,39,1,25
2013242,53243,15,47144,40,1,26
2013242,53243,15,44903,41,1,27
1291302,53310,5,43785,1,0,0
1291302,53310,5,9327,2,1,1
1291302,53310,5,20126,3,0,1
1291302,53310,5,45258,4,0,1
1291302,53310,5,49480,5,0,1
1291302,53310,5,22497,6,0,1
1291302,53310,5,18339,7,0,1
1291302,53310,5,41719,8,0,1
1291302,53310,5,24780,9,1,2
1291302,53310,5,21795,10,0,2
1291302,53310,5,47163,11,0,2
1291302,53310,5,39581,12,0,2
3364977,53541,4,24838,1,1,1
3364977,53541,4,5063,2,0,1
3364977,53541,4,19006,3,0,1
3364977,53541,4,12395,4,1,2
3364977,53541,4,16262,5,1,3
3364977,53541,4,45445,6,0,3
3364977,53541,4,31853,7,0,3
3364977,53541,4,29500,8,1,4
3364977,53541,4,32579,9,0,4
3364977,53541,4,36724,10,0,4
3364977,53541,4,23047,11,0,4
3364977,53541,4,28204,12,1,5
3364977,53541,4,47209,13,1,6
3364977,53541,4,37496,14,0,6
3364977,53541,4,21230,15,0,6
3364977,53541,4,10409,16,1,7
3364977,53541,4,11707,17,0,7
3364977,53541,4,46902,18,1,8
3364977,53541,4,43310,19,0,8
3364977,53541,4,29124,20,0,8
3364977,53541,4,1203,21,0,8
1461743,53633,10,27845,1,0,0
1461743,53633,10,46575,2,0,0
1461743,53633,10,22124,3,1,1
1461743,53633,10,18926,4,1,2
1461743,53633,10,13351,5,1,3
1461743,53633,10,25949,6,1,4
1461743,53633,10,24024,7,1,5
1461743,53633,10,27626,8,1,6
1461743,53633,10,15057,9,1,7
2024457,53694,44,40231,1,0,0
2024457,53694,44,11182,2,1,1
2024457,53694,44,49608,3,1,2
2024457,53694,44,34640,4,1,3
2024457,53694,44,23734,5,1,4
2024457,53694,44,1408,6,1,5
2024457,53694,44,38279,7,1,6
2024457,53694,44,40208,8,1,7
2024457,53694,44,38905,9,1,8
2024457,53694,44,8536,10,1,9
2024457,53694,44,24053,11,1,10
2024457,53694,44,47537,12,1,11
2024457,53694,44,39719,13,1,12
2024457,53694,44,17008,14,1,13
2024457,53694,44,14992,15,1,14
2024457,53694,44,1696,16,1,15
2024457,53694,44,37145,17,1,16
2024457,53694,44,16797,18,1,17
1687584,54041,18,26131,1,0,0
1687584,54041,18,27093,2,1,1
1687584,54041,18,20794,3,1,2
1687584,54041,18,13263,4,1,3
1687584,54041,18,32857,5,1,4
1687584,54041,18,18567,6,0,4
1687584,54041,18,17038,7,1,5
1687584,54041,18,22504,8,1,6
1687584,54041,18,30776,9,1,7
1687584,54041,18,177,10,1,8
1687584,54041,18,19239,11,1,9
1687584,54041,18,37687,12,1,10
1687584,54041,18,9604,13,1,11
1687584,54041,18,39782,14,1,12
1687584,54041,18,36865,15,1,13
1687584,54041,18,17333,16,1,14
1687584,54041,18,35429,17,1,15
1687584,54041,18,35951,18,1,16
1687584,54041,18,22963,19,1,17
1687584,54041,18,43662,20,1,18
1687584,54041,18,18465,21,1,19
1687584,54041,18,20580,22,0,19
1687584,54041,18,18811,23,1,20
1482787,54310,3,43122,1,1,1
1482787,54310,3,2014,2,0,1
1482787,54310,3,31513,3,1,2
1482787,54310,3,15053,4,1,3
1482787,54310,3,18479,5,1,4
1482787,54310,3,24852,6,1,5
1482787,54310,3,27683,7,1,6
1482787,54310,3,4600,8,0,6
1482787,54310,3,20327,9,0,6
1482787,54310,3,25919,10,0,6
1482787,54310,3,29987,11,0,6
3098070,54402,13,24852,1,1,1
3098070,54402,13,6656,2,1,2
3098070,54402,13,40632,3,1,3
3098070,54402,13,39475,4,1,4
3098070,54402,13,28204,5,1,5
3098070,54402,13,46069,6,1,6
3098070,54402,13,16254,7,1,7
3098070,54402,13,47209,8,1,8
3098070,54402,13,44377,9,1,9
3098070,54402,13,31869,10,1,10
3098070,54402,13,16083,11,1,11
3098070,54402,13,31506,12,0,11
3098070,54402,13,11599,13,0,11
3098070,54402,13,41198,14,0,11
3098070,54402,13,39699,15,1,12
3098070,54402,13,9339,16,1,13
3098070,54402,13,42359,17,0,13
1057387,54921,23,34243,1,1,1
1057387,54921,23,48104,2,0,1
1057387,54921,23,19472,3,0,1
1057387,54921,23,42768,4,0,1
1057387,54921,23,11069,5,1,2
1057387,54921,23,12686,6,0,2
1057387,54921,23,31342,7,0,2
1057387,54921,23,49,8,0,2
1057387,54921,23,12357,9,0,2
1057387,54921,23,4920,10,0,2
1057387,54921,23,31717,11,1,3
1057387,54921,23,46294,12,1,4
1057387,54921,23,21137,13,1,5
1057387,54921,23,11576,14,1,6
157195,55194,12,37687,1,1,1
157195,55194,12,42867,2,0,1
157195,55194,12,6104,3,0,1
1901608,55321,35,39947,1,1,1
1901608,55321,35,30353,2,1,2
1901608,55321,35,28342,3,1,3
1901608,55321,35,30117,4,1,4
1901608,55321,35,41716,5,1,5
1901608,55321,35,49235,6,1,6
1901608,55321,35,27845,7,1,7
1901608,55321,35,24852,8,1,8
1901608,55321,35,28204,9,1,9
1901608,55321,35,35221,10,1,10
1901608,55321,35,25133,11,1,11
1901608,55321,35,40709,12,1,12
1901608,55321,35,39877,13,1,13
1901608,55321,35,33037,14,1,14
1901608,55321,35,5876,15,1,15
1901608,55321,35,11452,16,1,16
1901608,55321,35,34448,17,1,17
1901608,55321,35,19006,18,0,17
1901608,55321,35,39886,19,0,17
1901608,55321,35,13740,20,0,17
1901608,55321,35,27626,21,0,17
1901608,55321,35,13776,22,0,17
1901608,55321,35,27115,23,0,17
2901217,55991,8,13176,1,1,1
2901217,55991,8,14771,2,1,2
2901217,55991,8,14444,3,1,3
2901217,55991,8,46562,4,0,3
1356263,56571,12,3480,1,0,0
1356263,56571,12,13032,2,1,1
1356263,56571,12,20955,3,1,2
1356263,56571,12,32478,4,1,3
1356263,56571,12,16797,5,1,4
1356263,56571,12,17207,6,1,5
1356263,56571,12,48762,7,1,6
1356263,56571,12,9076,8,1,7
1356263,56571,12,18296,9,1,8
1356263,56571,12,26088,10,0,8
1356263,56571,12,30827,11,0,8
1356263,56571,12,47402,12,0,8
1356263,56571,12,38768,13,1,9
115075,56627,26,32884,1,1,1
115075,56627,26,22935,2,1,2
115075,56627,26,8339,3,1,3
115075,56627,26,13852,4,0,3
115075,56627,26,42265,5,1,4
115075,56627,26,38739,6,1,5
115075,56627,26,31075,7,0,5
1795262,57149,15,23516,1,1,1
1795262,57149,15,44912,2,0,1
1795262,57149,15,44683,3,0,1
1795262,57149,15,33055,4,1,2
1795262,57149,15,6740,5,0,2
1795262,57149,15,12419,6,0,2
831322,57170,10,31805,1,1,1
831322,57170,10,21288,2,1,2
2509588,57357,7,17691,1,0,0
2509588,57357,7,21288,2,0,0
2345707,57704,24,44047,1,1,1
2345707,57704,24,14959,2,1,2
2345707,57704,24,45100,3,1,3
2345707,57704,24,16622,4,1,4
2345707,57704,24,6740,5,0,4
2345707,57704,24,8021,6,1,5
2345707,57704,24,34044,7,1,6
1219232,57767,30,26915,1,1,1
1219232,57767,30,13176,2,1,2
1219232,57767,30,4541,3,1,3
2075384,57941,33,44728,1,1,1
2075384,57941,33,15438,2,1,2
2075384,57941,33,19660,3,1,3
2075384,57941,33,6873,4,1,4
3138883,58370,8,46667,1,0,0
3138883,58370,8,41540,2,0,0
3138883,58370,8,28289,3,0,0
3138883,58370,8,31717,4,0,0
3138883,58370,8,16823,5,0,0
3138883,58370,8,21938,6,0,0
3138883,58370,8,9327,7,0,0
3138883,58370,8,26209,8,0,0
3138883,58370,8,4855,9,0,0
3138883,58370,8,9337,10,0,0
3138883,58370,8,39812,11,0,0
3138883,58370,8,25659,12,0,0
3138883,58370,8,40377,13,0,0
3138883,58370,8,16589,14,0,0
3138883,58370,8,38456,15,0,0
3138883,58370,8,11777,16,0,0
3138883,58370,8,35140,17,0,0
3138883,58370,8,44142,18,0,0
2620087,58441,23,16595,1,1,1
1148144,58447,5,12427,1,0,0
3099703,58464,12,31471,1,0,0
3099703,58464,12,23375,2,0,0
3099703,58464,12,14992,3,1,1
3099703,58464,12,2091,4,1,2
3099703,58464,12,15592,5,1,3
3099703,58464,12,1700,6,0,3
3099703,58464,12,28761,7,0,3
3099703,58464,12,24852,8,1,4
3099703,58464,12,10,9,1,5
3099703,58464,12,27086,10,1,6
3099703,58464,12,28199,11,0,6
3099703,58464,12,35004,12,0,6
11388,58619,1,42811,1,0,0
11388,58619,1,49235,2,0,0
11388,58619,1,33195,3,0,0
11388,58619,1,12817,4,0,0
11388,58619,1,2078,5,0,0
11388,58619,1,17200,6,0,0
11388,58619,1,9551,7,0,0
660164,58633,19,20899,1,1,1
660164,58633,19,43643,2,1,2
660164,58633,19,38562,3,1,3
660164,58633,19,16198,4,1,4
660164,58633,19,19678,5,1,5
660164,58633,19,27966,6,1,6
660164,58633,19,6184,7,1,7
660164,58633,19,48845,8,1,8
660164,58633,19,43818,9,1,9
660164,58633,19,4193,10,1,10
660164,58633,19,29975,11,1,11
612304,59205,7,6576,1,1,1
612304,59205,7,41844,2,1,2
612304,59205,7,34898,3,0,2
612304,59205,7,1940,4,1,3
612304,59205,7,12140,5,1,4
612304,59205,7,25298,6,1,5
612304,59205,7,13203,7,0,5
612304,59205,7,18721,8,0,5
612304,59205,7,46586,9,0,5
612304,59205,7,46593,10,0,5
612304,59205,7,22787,11,0,5
612304,59205,7,21139,12,0,5
2592492,59291,4,49111,1,1,1
2592492,59291,4,1694,2,1,2
2592492,59291,4,7781,3,1,3
2592492,59291,4,47766,4,1,4
2592492,59291,4,14781,5,0,4
2592492,59291,4,10724,6,1,5
2592492,59291,4,33572,7,0,5
2592492,59291,4,6489,8,0,5
2592492,59291,4,19706,9,0,5
2592492,59291,4,22308,10,1,6
685731,59328,38,29778,1,0,0
685731,59328,38,34504,2,0,0
685731,59328,38,14999,3,0,0
685731,59328,38,27864,4,0,0
2155094,59355,19,612,1,0,0
2155094,59355,19,2180,2,0,0
2155094,59355,19,6177,3,1,1
2155094,59355,19,12206,4,1,2
2155094,59355,19,10009,5,1,3
2155094,59355,19,5077,6,1,4
2789149,59522,8,14852,1,1,1
2789149,59522,8,39646,2,0,1
2789149,59522,8,8006,3,1,2
2789149,59522,8,15945,4,0,2
2789149,59522,8,1447,5,1,3
194904,60206,19,14084,1,1,1
194904,60206,19,19660,2,1,2
194904,60206,19,4920,3,1,3
194904,60206,19,21137,4,1,4
194904,60206,19,611,5,1,5
194904,60206,19,20632,6,1,6
194904,60206,19,26369,7,1,7
194904,60206,19,44359,8,1,8
194904,60206,19,5652,9,1,9
194904,60206,19,31717,10,1,10
194904,60206,19,22935,11,1,11
194904,60206,19,17017,12,1,12
194904,60206,19,44146,13,1,13
194904,60206,19,45200,14,1,14
194904,60206,19,5456,15,1,15
194904,60206,19,45633,16,1,16
194904,60206,19,436,17,1,17
194904,60206,19,21938,18,1,18
194904,60206,19,8025,19,1,19
194904,60206,19,45063,20,1,20
2139367,60251,2,30827,1,1,1
2139367,60251,2,27477,2,0,1
2139367,60251,2,33198,3,0,1
2139367,60251,2,10326,4,0,1
846690,60679,17,5390,1,0,0
846690,60679,17,8518,2,0,0
846690,60679,17,16759,3,0,0
846690,60679,17,44359,4,1,1
846690,60679,17,34358,5,0,1
846690,60679,17,4168,6,0,1
846690,60679,17,38419,7,0,1
846690,60679,17,18434,8,0,1
846690,60679,17,7021,9,1,2
846690,60679,17,45535,10,1,3
846690,60679,17,40141,11,0,3
846690,60679,17,40910,12,1,4
517945,60778,3,28204,1,1,1
517945,60778,3,47766,2,1,2
517945,60778,3,38689,3,1,3
517945,60778,3,49247,4,1,4
517945,60778,3,4793,5,1,5
517945,60778,3,22035,6,1,6
517945,60778,3,15649,7,1,7
517945,60778,3,9076,8,1,8
517945,60778,3,20549,9,0,8
517945,60778,3,22400,10,0,8
1333178,61175,8,24852,1,1,1
1333178,61175,8,39475,2,1,2
1333178,61175,8,24964,3,1,3
1333178,61175,8,27336,4,0,3
1333178,61175,8,21903,5,1,4
1333178,61175,8,43668,6,1,5
1333178,61175,8,44142,7,1,6
1333178,61175,8,47766,8,1,7
1333178,61175,8,6972,9,0,7
1333178,61175,8,15392,10,1,8
1333178,61175,8,3880,11,1,9
1333178,61175,8,20834,12,0,9
1333178,61175,8,16349,13,0,9
1333178,61175,8,35750,14,0,9
1333178,61175,8,26209,15,1,10
1333178,61175,8,27521,16,1,11
1333178,61175,8,1468,17,1,12
1333178,61175,8,47526,18,1,13
1333178,61175,8,28204,19,1,14
1333178,61175,8,25340,20,0,14
1100170,61306,49,37646,1,0,0
1100170,61306,49,18523,2,0,0
1100170,61306,49,41665,3,1,1
1100170,61306,49,33754,4,1,2
1100170,61306,49,31096,5,1,3
1100170,61306,49,27104,6,1,4
1100170,61306,49,2825,7,1,5
1100170,61306,49,48679,8,1,6
1100170,61306,49,23178,9,1,7
1100170,61306,49,47209,10,1,8
1100170,61306,49,33055,11,1,9
2097901,61437,17,17794,1,0,0
2097901,61437,17,9932,2,0,0
2097901,61437,17,25170,3,0,0
2097901,61437,17,43389,4,0,0
1946392,62183,7,42342,1,0,0
1946392,62183,7,27655,2,0,0
1946392,62183,7,1559,3,0,0
1946392,62183,7,46906,4,0,0
1946392,62183,7,5438,5,1,1
1946392,62183,7,40396,6,0,1
1946392,62183,7,21405,7,1,2
1946392,62183,7,26209,8,0,2
1946392,62183,7,20114,9,0,2
1946392,62183,7,8174,10,0,2
1946392,62183,7,28934,11,0,2
1946392,62183,7,48287,12,0,2
1946392,62183,7,40199,13,0,2
1946392,62183,7,26352,14,0,2
1946392,62183,7,36157,15,1,3
1946392,62183,7,7647,16,0,3
1946392,62183,7,1099,17,0,3
1946392,62183,7,14945,18,1,4
1946392,62183,7,19478,19,0,4
778025,62512,2,16349,1,0,0
778025,62512,2,13208,2,0,0
778025,62512,2,32465,3,1,1
778025,62512,2,27010,4,0,1
778025,62512,2,49481,5,0,1
778025,62512,2,28556,6,0,1
778025,62512,2,37449,7,0,1
778025,62512,2,35004,8,0,1
778025,62512,2,9844,9,0,1
1453608,63050,9,30597,1,1,1
235689,63869,4,15290,1,0,0
235689,63869,4,8518,2,0,0
235689,63869,4,22935,3,1,1
235689,63869,4,35939,4,0,1
235689,63869,4,32290,5,0,1
235689,63869,4,17429,6,0,1
235689,63869,4,14678,7,1,2
235689,63869,4,35264,8,0,2
235689,63869,4,47766,9,1,3
235689,63869,4,28476,10,0,3
235689,63869,4,47912,11,1,4
235689,63869,4,40706,12,0,4
1078578,64761,10,22035,1,1,1
1078578,64761,10,47672,2,1,2
1078578,64761,10,19415,3,1,3
1078578,64761,10,47209,4,1,4
1078578,64761,10,27104,5,1,5
1078578,64761,10,28985,6,1,6
1078578,64761,10,21903,7,1,7
1078578,64761,10,34243,8,1,8
1078578,64761,10,34668,9,1,9
1078578,64761,10,44987,10,1,10
1078578,64761,10,4589,11,1,11
1078578,64761,10,21137,12,1,12
1078578,64761,10,49628,13,0,12
1078578,64761,10,27966,14,1,13
1078578,64761,10,29926,15,1,14
1078578,64761,10,18362,16,1,15
1078578,64761,10,27336,17,0,15
1078578,64761,10,21329,18,0,15
1347307,64862,9,14650,1,0,0
1347307,64862,9,21903,2,1,1
1347307,64862,9,24489,3,0,1
1347307,64862,9,432,4,0,1
1347307,64862,9,46802,5,0,1
1347307,64862,9,35547,6,0,1
1347307,64862,9,47209,7,1,2
1347307,64862,9,40396,8,1,3
1347307,64862,9,34565,9,1,4
1347307,64862,9,31663,10,0,4
1347307,64862,9,2480,11,0,4
1347307,64862,9,8667,12,0,4
1347307,64862,9,7916,13,1,5
1347307,64862,9,47626,14,0,5
1347307,64862,9,39984,15,1,6
1347307,64862,9,33000,16,0,6
1347307,64862,9,48679,17,0,6
1347307,64862,9,34720,18,0,6
1347307,64862,9,30169,19,1,7
1347307,64862,9,10514,20,1,8
1347307,64862,9,13176,21,1,9
1347307,64862,9,43086,22,1,10
1347307,64862,9,22312,23,1,11
1347307,64862,9,7821,24,1,12
1120676,65284,6,2541,1,0,0
1120676,65284,6,34080,2,0,0
1120676,65284,6,34126,3,0,0
1120676,65284,6,31102,4,1,1
1612421,65371,6,47209,1,1,1
1612421,65371,6,26604,2,0,1
1612421,65371,6,28204,3,1,2
1612421,65371,6,23765,4,1,3
1612421,65371,6,19125,5,0,3
1612421,65371,6,48736,6,0,3
1612421,65371,6,12442,7,1,4
1612421,65371,6,38033,8,0,4
1612421,65371,6,27845,9,1,5
1612421,65371,6,22998,10,0,5
1612421,65371,6,19894,11,1,6
929490,65538,38,47766,1,1,1
929490,65538,38,28204,2,1,2
929490,65538,38,2770,3,1,3
929490,65538,38,13740,4,1,4
458292,65584,18,47766,1,1,1
458292,65584,18,24852,2,1,2
458292,65584,18,10121,3,1,3
458292,65584,18,38837,4,1,4
458292,65584,18,10605,5,1,5
458292,65584,18,24561,6,1,6
458292,65584,18,49608,7,1,7
458292,65584,18,35242,8,1,8
458292,65584,18,15649,9,1,9
458292,65584,18,42265,10,1,10
458292,65584,18,1035,11,1,11
458292,65584,18,34214,12,1,12
458292,65584,18,9178,13,1,13
458292,65584,18,42450,14,0,13
458292,65584,18,14126,15,0,13
458292,65584,18,6348,16,0,13
458292,65584,18,23919,17,1,14
458292,65584,18,5130,18,1,15
458292,65584,18,11520,19,1,16
458292,65584,18,48857,20,1,17
458292,65584,18,48239,21,1,18
458292,65584,18,25466,22,1,19
458292,65584,18,32911,23,1,20
458292,65584,18,22950,24,0,20
458292,65584,18,13838,25,0,20
157970,65812,7,23248,1,1,1
157970,65812,7,48626,2,1,2
157970,65812,7,14999,3,1,3
157970,65812,7,39982,4,1,4
157970,65812,7,43295,5,1,5
157970,65812,7,9558,6,1,6
157970,65812,7,1117,7,1,7
157970,65812,7,6128,8,0,7
157970,65812,7,25495,9,1,8
157970,65812,7,2639,10,1,9
157970,65812,7,8506,11,1,10
157970,65812,7,24799,12,0,10
157970,65812,7,40723,13,0,10
157970,65812,7,43772,14,0,10
157970,65812,7,20158,15,0,10
157970,65812,7,48491,16,0,10
2457577,65832,10,37145,1,1,1
2457577,65832,10,24195,2,1,2
2457577,65832,10,6296,3,1,3
2457577,65832,10,11080,4,1,4
2457577,65832,10,41714,5,0,4
2457577,65832,10,13517,6,1,5
2457577,65832,10,9932,7,0,5
2457577,65832,10,14519,8,0,5
2457577,65832,10,24816,9,1,6
2457577,65832,10,6813,10,0,6
1262838,65900,5,38988,1,1,1
1262838,65900,5,25837,2,1,2
1262838,65900,5,2966,3,1,3
1262838,65900,5,10831,4,1,4
1262838,65900,5,43255,5,1,5
1262838,65900,5,24799,6,1,6
1262838,65900,5,28465,7,1,7
1262838,65900,5,43662,8,1,8
1262838,65900,5,13263,9,1,9
1262838,65900,5,39275,10,1,10
1262838,65900,5,5479,11,0,10
1262838,65900,5,40861,12,0,10
3009500,65986,5,25601,1,0,0
3009500,65986,5,4210,2,1,1
3009500,65986,5,29176,3,0,1
3009500,65986,5,39275,4,0,1
3009500,65986,5,1263,5,0,1
3009500,65986,5,36170,6,1,2
3009500,65986,5,4778,7,0,2
3009500,65986,5,14379,8,1,3
3009500,65986,5,8424,9,1,4
3009500,65986,5,17151,10,0,4
3009500,65986,5,16797,11,1,5
3009500,65986,5,43632,12,0,5
3009500,65986,5,12218,13,1,6
3009500,65986,5,30227,14,1,7
3009500,65986,5,25591,15,0,7
3009500,65986,5,21471,16,1,8
3009500,65986,5,45669,17,1,9
3009500,65986,5,29429,18,1,10
3009500,65986,5,41453,19,0,10
3009500,65986,5,40330,20,0,10
2205219,66089,17,24852,1,1,1
2205219,66089,17,32579,2,1,2
2205219,66089,17,13807,3,1,3
2205219,66089,17,25272,4,1,4
2205219,66089,17,4920,5,1,5
2205219,66089,17,10655,6,1,6
2205219,66089,17,11865,7,1,7
2205219,66089,17,24631,8,1,8
2205219,66089,17,6300,9,1,9
2205219,66089,17,32139,10,1,10
2205219,66089,17,44233,11,1,11
2205219,66089,17,20424,12,1,12
3045755,66252,10,28465,1,1,1
3045755,66252,10,36865,2,1,2
3045755,66252,10,40571,3,1,3
3045755,66252,10,19156,4,1,4
3045755,66252,10,33198,5,1,5
3045755,66252,10,40709,6,1,6
3045755,66252,10,6348,7,1,7
3045755,66252,10,11123,8,1,8
3045755,66252,10,42987,9,1,9
3045755,66252,10,8859,10,1,10
3045755,66252,10,23650,11,1,11
3045755,66252,10,27966,12,1,12
3045755,66252,10,34214,13,1,13
3045755,66252,10,21461,14,1,14
3045755,66252,10,26298,15,1,15
3045755,66252,10,45223,16,1,16
3045755,66252,10,8022,17,0,16
3045755,66252,10,6587,18,0,16
3045755,66252,10,30117,19,1,17
1957697,66377,14,2974,1,1,1
1957697,66377,14,47877,2,1,2
1957697,66377,14,6481,3,0,2
1957697,66377,14,4313,4,0,2
3297979,66475,5,5445,1,1,1
3297979,66475,5,35221,2,1,2
3297979,66475,5,47029,3,1,3
3297979,66475,5,6393,4,1,4
3297979,66475,5,4920,5,1,5
3297979,66475,5,44926,6,0,5
3297979,66475,5,40396,7,0,5
3297979,66475,5,24852,8,0,5
3297979,66475,5,47209,9,0,5
2961704,66550,37,12745,1,1,1
2961704,66550,37,17553,2,1,2
2961704,66550,37,8277,3,1,3
2961704,66550,37,26604,4,1,4
2961704,66550,37,35547,5,1,5
2961704,66550,37,28733,6,1,6
2961704,66550,37,4421,7,1,7
2961704,66550,37,25931,8,1,8
2961704,66550,37,40706,9,1,9
2961704,66550,37,15592,10,1,10
32608,66630,2,42803,1,0,0
1903766,67083,13,16521,1,0,0
1903766,67083,13,24852,2,1,1
1903766,67083,13,46802,3,1,2
1903766,67083,13,26128,4,0,2
1903766,67083,13,41787,5,1,3
1903766,67083,13,10749,6,1,4
1903766,67083,13,19057,7,1,5
1903766,67083,13,30489,8,1,6
1903766,67083,13,32465,9,1,7
1903766,67083,13,8903,10,0,7
1903766,67083,13,47652,11,0,7
1903766,67083,13,9839,12,1,8
1903766,67083,13,26242,13,0,8
1903766,67083,13,20736,14,0,8
1903766,67083,13,6721,15,0,8
1903766,67083,13,38077,16,0,8
1903766,67083,13,28773,17,0,8
1727294,67178,1,17638,1,0,0
1727294,67178,1,21710,2,0,0
1727294,67178,1,15892,3,0,0
1727294,67178,1,46667,4,0,0
1727294,67178,1,42585,5,0,0
1727294,67178,1,47766,6,0,0
1727294,67178,1,2658,7,0,0
1727294,67178,1,5025,8,0,0
1727294,67178,1,28169,9,0,0
177281,67545,18,21616,1,1,1
177281,67545,18,29307,2,1,2
177281,67545,18,21183,3,0,2
177281,67545,18,30776,4,0,2
177281,67545,18,30494,5,1,3
177281,67545,18,30489,6,1,4
3236192,67962,28,20754,1,1,1
3236192,67962,28,38557,2,1,2
3236192,67962,28,13176,3,1,3
3236192,67962,28,35361,4,0,3
3236192,67962,28,5876,5,1,4
3236192,67962,28,7014,6,1,5
3236192,67962,28,14872,7,0,5
3236192,67962,28,42477,8,0,5
3236192,67962,28,43662,9,1,6
3236192,67962,28,38647,10,1,7
3236192,67962,28,49075,11,0,7
3236192,67962,28,36724,12,0,7
1003683,68317,21,49383,1,0,0
1003683,68317,21,23909,2,0,0
1003683,68317,21,41588,3,1,1
1003683,68317,21,13176,4,1,2
1003683,68317,21,46667,5,1,3
1003683,68317,21,24184,6,1,4
1003683,68317,21,30233,7,1,5
1003683,68317,21,16185,8,1,6
822194,68352,2,13176,1,0,0
822194,68352,2,7751,2,0,0
822194,68352,2,248,3,0,0
822194,68352,2,7021,4,0,0
822194,68352,2,21938,5,1,1
822194,68352,2,9038,6,0,1
822194,68352,2,47209,7,0,1
822194,68352,2,46847,8,0,1
822194,68352,2,17461,9,0,1
822194,68352,2,21863,10,0,1
822194,68352,2,4605,11,1,2
2147222,68823,3,34134,1,0,0
2147222,68823,3,14491,2,1,1
2147222,68823,3,46654,3,1,2
2147222,68823,3,18465,4,1,3
2147222,68823,3,8174,5,1,4
2147222,68823,3,14161,6,1,5
2147222,68823,3,20082,7,0,5
2147222,68823,3,30021,8,0,5
2147222,68823,3,11261,9,0,5
2147222,68823,3,22587,10,0,5
2147222,68823,3,18234,11,0,5
2147222,68823,3,37215,12,1,6
2147222,68823,3,14805,13,0,6
2222426,69163,7,9839,1,0,0
2222426,69163,7,7781,2,1,1
2222426,69163,7,18027,3,1,2
2222426,69163,7,43889,4,1,3
2222426,69163,7,12206,5,1,4
2222426,69163,7,49215,6,1,5
2222426,69163,7,37825,7,1,6
2222426,69163,7,2124,8,1,7
2222426,69163,7,13176,9,1,8
2222426,69163,7,37766,10,1,9
2222426,69163,7,36724,11,1,10
2222426,69163,7,44035,12,1,11
584013,70116,27,43295,1,1,1
584013,70116,27,47209,2,1,2
584013,70116,27,13176,3,1,3
584013,70116,27,45445,4,1,4
584013,70116,27,17807,5,1,5
584013,70116,27,49416,6,1,6
584013,70116,27,47977,7,1,7
584013,70116,27,47626,8,1,8
584013,70116,27,47610,9,1,9
584013,70116,27,36482,10,0,9
584013,70116,27,17568,11,1,10
584013,70116,27,389,12,1,11
584013,70116,27,7963,13,1,12
584013,70116,27,2295,14,1,13
584013,70116,27,5463,15,1,14
584013,70116,27,27544,16,0,14
584013,70116,27,10385,17,1,15
584013,70116,27,46676,18,0,15
584013,70116,27,40146,19,0,15
3093286,70298,27,27966,1,1,1
3093286,70298,27,49185,2,1,2
3093286,70298,27,17835,3,1,3
3093286,70298,27,24852,4,1,4
3093286,70298,27,42345,5,1,5
3093286,70298,27,38192,6,1,6
3093286,70298,27,8186,7,1,7
3093286,70298,27,1335,8,1,8
3093286,70298,27,30391,9,1,9
3093286,70298,27,16384,10,1,10
3093286,70298,27,28204,11,1,11
3093286,70298,27,21903,12,1,12
3093286,70298,27,23527,13,1,13
3093286,70298,27,17794,14,1,14
3093286,70298,27,24799,15,1,15
3093286,70298,27,41950,16,1,16
3093286,70298,27,13176,17,1,17
3093286,70298,27,21405,18,1,18
3093286,70298,27,43875,19,1,19
3093286,70298,27,44632,20,1,20
3093286,70298,27,47008,21,1,21
3093286,70298,27,37011,22,1,22
3093286,70298,27,5991,23,1,23
3093286,70298,27,44787,24,1,24
3093286,70298,27,30720,25,1,25
3093286,70298,27,8174,26,1,26
3093286,70298,27,34249,27,1,27
3214338,70505,2,36833,1,0,0
3214338,70505,2,32478,2,1,1
3214338,70505,2,26348,3,0,1
3214338,70505,2,116,4,0,1
3214338,70505,2,46562,5,0,1
3214338,70505,2,20955,6,0,1
3214338,70505,2,31759,7,0,1
3214338,70505,2,42719,8,0,1
3214338,70505,2,24740,9,0,1
3214338,70505,2,10326,10,0,1
3214338,70505,2,14444,11,0,1
3214338,70505,2,37710,12,0,1
970190,70505,56,21572,1,1,2
970190,70505,56,39954,2,1,3
970190,70505,56,38883,3,1,4
970190,70505,56,32478,4,1,5
970190,70505,56,31759,5,1,6
970190,70505,56,10509,6,1,7
970190,70505,56,39408,7,1,8
970190,70505,56,20641,8,1,9
970190,70505,56,37710,9,1,10
1917281,70872,29,44422,1,1,1
1917281,70872,29,5785,2,1,2
1917281,70872,29,14218,3,1,3
1917281,70872,29,3957,4,1,4
1917281,70872,29,13223,5,1,5
1917281,70872,29,19886,6,1,6
1917281,70872,29,27683,7,1,7
1917281,70872,29,31717,8,1,8
1917281,70872,29,34126,9,1,9
1917281,70872,29,29662,10,1,10
1917281,70872,29,28289,11,1,11
1917281,70872,29,42265,12,1,12
1917281,70872,29,22475,13,1,13
1917281,70872,29,23537,14,1,14
1917281,70872,29,24964,15,1,15
1917281,70872,29,16521,16,1,16
1917281,70872,29,39877,17,1,17
1917281,70872,29,24852,18,1,18
1917281,70872,29,28199,19,1,19
1917281,70872,29,38456,20,1,20
1917281,70872,29,16797,21,0,20
1917281,70872,29,45007,22,1,21
1917281,70872,29,21938,23,1,22
1917281,70872,29,13629,24,1,23
1077443,71062,27,33198,1,1,1
786546,71151,27,6631,1,1,1
786546,71151,27,29675,2,1,2
786546,71151,27,25824,3,1,3
786546,71151,27,14778,4,1,4
786546,71151,27,28571,5,1,5
786546,71151,27,22035,6,1,6
786546,71151,27,12614,7,1,7
786546,71151,27,42828,8,1,8
786546,71151,27,8174,9,1,9
786546,71151,27,49683,10,1,10
786546,71151,27,35108,11,1,11
786546,71151,27,8424,12,1,12
786546,71151,27,27104,13,0,12
786546,71151,27,248,14,0,12
786546,71151,27,9324,15,0,12
786546,71151,27,41570,16,0,12
786546,71151,27,17956,17,0,12
786546,71151,27,42736,18,0,12
786546,71151,27,47626,19,1,13
786546,71151,27,43076,20,0,13
786546,71151,27,46979,21,1,14
786546,71151,27,40353,22,0,14
786546,71151,27,48679,23,0,14
2210199,71617,26,38662,1,1,1
2210199,71617,26,22307,2,1,2
2210199,71617,26,35951,3,1,3
2210199,71617,26,28476,4,1,4
2210199,71617,26,11520,5,1,5
2210199,71617,26,46304,6,1,6
2210199,71617,26,26209,7,0,6
2210199,71617,26,27845,8,1,7
2210199,71617,26,35948,9,0,7
3308214,71685,12,12341,1,1,1
3308214,71685,12,26914,2,1,2
3308214,71685,12,16283,3,0,2
3308214,71685,12,30827,4,1,3
2710214,71757,8,22888,1,1,1
2710214,71757,8,41404,2,1,2
2710214,71757,8,34466,3,1,3
2710214,71757,8,27626,4,1,4
2710214,71757,8,18246,5,1,5
2369095,71902,54,28476,1,1,1
2369095,71902,54,2078,2,1,2
84785,72047,1,12163,1,0,0
84785,72047,1,31533,2,0,0
84785,72047,1,31563,3,0,0
84785,72047,1,49416,4,0,0
84785,72047,1,35946,5,0,0
84785,72047,1,41063,6,0,0
84785,72047,1,15110,7,0,0
2195705,72115,51,26209,1,1,1
2195705,72115,51,47626,2,1,2
3071797,72501,5,1529,1,0,0
3071797,72501,5,31717,2,1,1
3071797,72501,5,16759,3,0,1
3071797,72501,5,37646,4,0,1
3071797,72501,5,5876,5,1,2
3071797,72501,5,11383,6,0,2
3071797,72501,5,14147,7,0,2
3071797,72501,5,23352,8,0,2
3071797,72501,5,33948,9,0,2
3071797,72501,5,36618,10,0,2
3071797,72501,5,29520,11,0,2
3071797,72501,5,673,12,0,2
3071797,72501,5,10266,13,0,2
767160,73011,49,9071,1,1,1
767160,73011,49,49683,2,1,2
767160,73011,49,40706,3,1,3
767160,73011,49,31555,4,1,4
767160,73011,49,39993,5,1,5
767160,73011,49,44299,6,1,6
767160,73011,49,24993,7,1,7
767160,73011,49,42265,8,1,8
767160,73011,49,4920,9,1,9
767160,73011,49,48485,10,1,10
3162398,73023,5,47229,1,1,1
3162398,73023,5,30391,2,1,2
3162398,73023,5,21903,3,1,3
3162398,73023,5,5025,4,0,3
3162398,73023,5,7657,5,0,3
2465803,73256,24,44071,1,1,1
2465803,73256,24,39921,2,1,2
2465803,73256,24,46979,3,1,3
2465803,73256,24,24852,4,1,4
2465803,73256,24,40334,5,1,5
2465803,73256,24,15050,6,1,6
2465803,73256,24,41950,7,1,7
1679818,73544,30,5194,1,1,1
1679818,73544,30,34050,2,1,2
1679818,73544,30,30233,3,1,3
1679818,73544,30,25985,4,1,4
1679818,73544,30,17616,5,1,5
1679818,73544,30,16254,6,1,6
1679818,73544,30,39491,7,0,6
3266345,73670,15,24852,1,1,1
3266345,73670,15,5785,2,1,2
3266345,73670,15,25837,3,1,3
3266345,73670,15,6348,4,0,3
3266345,73670,15,5031,5,1,4
3266345,73670,15,31915,6,0,4
3266345,73670,15,41787,7,0,4
3266345,73670,15,22825,8,1,5
3266345,73670,15,31557,9,0,5
3266345,73670,15,25340,10,0,5
3266345,73670,15,39275,11,0,5
3266345,73670,15,14161,12,0,5
3266345,73670,15,4920,13,1,6
3266345,73670,15,20628,14,1,7
3266345,73670,15,13646,15,1,8
3266345,73670,15,21614,16,0,8
3266345,73670,15,27086,17,1,9
2813624,73865,5,41230,1,0,0
2813624,73865,5,19350,2,0,0
2813624,73865,5,4931,3,0,0
2813624,73865,5,28438,4,0,0
2813624,73865,5,5547,5,0,0
2813624,73865,5,26911,6,0,0
2813624,73865,5,16185,7,1,1
2562073,74056,10,5479,1,1,1
2562073,74056,10,27104,2,1,2
2562073,74056,10,21938,3,1,3
2562073,74056,10,20574,4,1,4
2562073,74056,10,48745,5,1,5
2562073,74056,10,18011,6,1,6
2562073,74056,10,15290,7,1,7
2562073,74056,10,31307,8,1,8
2562073,74056,10,26209,9,1,9
2562073,74056,10,28842,10,1,10
2562073,74056,10,38662,11,1,11
2562073,74056,10,39877,12,1,12
2562073,74056,10,44795,13,1,13
2562073,74056,10,27999,14,1,14
2562073,74056,10,47299,15,0,14
1549727,74157,21,44955,1,1,1
1549727,74157,21,19570,2,0,1
1549727,74157,21,43122,3,1,2
1549727,74157,21,35321,4,1,3
1549727,74157,21,28597,5,1,4
1549727,74157,21,7948,6,1,5
1549727,74157,21,18465,7,1,6
1549727,74157,21,47672,8,1,7
1549727,74157,21,21903,9,1,8
1549727,74157,21,47209,10,1,9
1549727,74157,21,41950,11,1,10
1549727,74157,21,8193,12,1,11
2740523,74162,17,7644,1,1,1
2740523,74162,17,49139,2,1,2
2740523,74162,17,37645,3,1,3
2740523,74162,17,46842,4,1,4
2740523,74162,17,37654,5,1,5
2740523,74162,17,39988,6,0,5
2740523,74162,17,23313,7,1,6
2740523,74162,17,6263,8,1,7
2740523,74162,17,14875,9,0,7
2740523,74162,17,16148,10,0,7
2469996,74294,1,7781,1,0,0
2469996,74294,1,43504,2,0,0
2469996,74294,1,29898,3,0,0
2469996,74294,1,26209,4,0,0
2469996,74294,1,7862,5,0,0
2469996,74294,1,34969,6,0,0
2469996,74294,1,5876,7,0,0
2469996,74294,1,13838,8,0,0
2469996,74294,1,43961,9,0,0
2469996,74294,1,37029,10,0,0
2377518,74336,65,32429,1,1,1
2377518,74336,65,45007,2,1,2
2377518,74336,65,34126,3,1,3
2377518,74336,65,27104,4,1,4
2377518,74336,65,13176,5,1,5
2377518,74336,65,2825,6,1,6
2377518,74336,65,9028,7,1,7
2377518,74336,65,27695,8,1,8
2377518,74336,65,35140,9,1,9
2377518,74336,65,1025,10,1,10
2377518,74336,65,22935,11,1,11
2377518,74336,65,8174,12,1,12
2377518,74336,65,27966,13,1,13
2377518,74336,65,47209,14,1,14
2377518,74336,65,46667,15,1,15
2377518,74336,65,10749,16,1,16
2377518,74336,65,43961,17,1,17
2377518,74336,65,39928,18,1,18
2377518,74336,65,42790,19,0,18
2377518,74336,65,49520,20,1,19
2377518,74336,65,21709,21,1,20
2377518,74336,65,49191,22,1,21
2377518,74336,65,33120,23,1,22
2377518,74336,65,21903,24,1,23
2377518,74336,65,39275,25,1,24
2377518,74336,65,43768,26,1,25
2377518,74336,65,1244,27,1,26
2377518,74336,65,21938,28,1,27
2377518,74336,65,41950,29,1,28
2377518,74336,65,24964,30,1,29
557274,74377,26,1511,1,1,1
557274,74377,26,21137,2,1,2
557274,74377,26,38777,3,1,3
557274,74377,26,42265,4,1,4
557274,74377,26,8138,5,1,5
557274,74377,26,9337,6,0,5
557274,74377,26,24964,7,1,6
557274,74377,26,22935,8,1,7
557274,74377,26,46667,9,0,7
557274,74377,26,25425,10,0,7
557274,74377,26,25659,11,0,7
557274,74377,26,31717,12,0,7
557274,74377,26,481,13,0,7
557274,74377,26,8277,14,1,8
557274,74377,26,27122,15,1,9
557274,74377,26,35084,16,1,10
557274,74377,26,47766,17,1,11
557274,74377,26,25256,18,1,12
557274,74377,26,31995,19,1,13
557274,74377,26,38164,20,1,14
557274,74377,26,31865,21,1,15
557274,74377,26,26790,22,0,15
557274,74377,26,3007,23,1,16
557274,74377,26,26604,24,1,17
557274,74377,26,3899,25,1,18
391053,74590,7,44368,1,1,1
391053,74590,7,4724,2,1,2
391053,74590,7,21903,3,0,2
1805247,74819,3,8204,1,0,0
1805247,74819,3,47144,2,0,0
1805247,74819,3,16797,3,0,0
1805247,74819,3,45511,4,0,0
1805247,74819,3,32677,5,0,0
247699,74942,51,12551,1,0,0
247699,74942,51,49113,2,1,1
2796075,75357,14,35221,1,1,1
2796075,75357,14,32578,2,1,2
2796075,75357,14,8607,3,1,3
2796075,75357,14,8277,4,1,4
2796075,75357,14,24852,5,1,5
2796075,75357,14,45535,6,1,6
2796075,75357,14,4605,7,1,7
2796075,75357,14,17794,8,0,7
2796075,75357,14,10447,9,0,7
2796075,75357,14,42617,10,0,7
2796075,75357,14,36180,11,0,7
2796075,75357,14,44632,12,1,8
2796075,75357,14,14867,13,1,9
2796075,75357,14,1468,14,1,10
2796075,75357,14,46962,15,0,10
2796075,75357,14,35725,16,0,10
2796075,75357,14,41273,17,0,10
2796075,75357,14,48679,18,1,11
2796075,75357,14,30480,19,0,11
2796075,75357,14,8518,20,1,12
2796075,75357,14,42768,21,0,12
2796075,75357,14,21903,22,1,13
2063520,75431,12,8859,1,1,1
2063520,75431,12,7131,2,1,2
2063520,75431,12,13176,3,1,3
2063520,75431,12,21872,4,1,4
2063520,75431,12,35951,5,1,5
2063520,75431,12,47209,6,1,6
2063520,75431,12,30252,7,1,7
2063520,75431,12,38159,8,1,8
2063520,75431,12,47740,9,0,8
2063520,75431,12,13512,10,0,8
2063520,75431,12,30391,11,1,9
2063520,75431,12,22247,12,1,10
1315105,75609,37,13080,1,1,1
1315105,75609,37,47144,2,1,2
1315105,75609,37,45007,3,1,3
1315105,75609,37,15872,4,1,4
1315105,75609,37,18689,5,1,5
1315105,75609,37,10749,6,1,6
1315105,75609,37,44359,7,1,7
1315105,75609,37,21903,8,1,8
1315105,75609,37,24852,9,1,9
1315105,75609,37,863,10,1,10
1315105,75609,37,27104,11,1,11
1315105,75609,37,4086,12,1,12
1315105,75609,37,5451,13,1,13
1315105,75609,37,47512,14,1,14
1315105,75609,37,46667,15,0,14
1315105,75609,37,21137,16,0,14
1315105,75609,37,48017,17,0,14
1315105,75609,37,17619,18,0,14
1315105,75609,37,22247,19,0,14
1429660,75664,69,43772,1,1,1
1429660,75664,69,20323,2,1,2
1429660,75664,69,24964,3,1,3
1429660,75664,69,35166,4,1,4
1429660,75664,69,27845,5,1,5
1429660,75664,69,7177,6,0,5
1429660,75664,69,19057,7,1,6
1429660,75664,69,21137,8,1,7
1429660,75664,69,1693,9,1,8
1429660,75664,69,204,10,1,9
1429660,75664,69,2780,11,0,9
1429660,75664,69,27336,12,1,10
1429660,75664,69,13292,13,1,11
1429660,75664,69,30664,14,0,11
1429660,75664,69,12385,15,0,11
1429660,75664,69,17213,16,1,12
127309,75762,11,43394,1,1,1
127309,75762,11,46558,2,0,1
127309,75762,11,17461,3,1,2
127309,75762,11,37220,4,1,3
127309,75762,11,24082,5,1,4
127309,75762,11,24964,6,1,5
35475,75947,3,21616,1,1,1
35475,75947,3,41787,2,0,1
35475,75947,3,12149,3,0,1
35475,75947,3,24563,4,0,1
35475,75947,3,45681,5,0,1
35475,75947,3,26586,6,0,1
50904,76229,8,32281,1,0,0
50904,76229,8,35815,2,1,1
50904,76229,8,2397,3,0,1
50904,76229,8,6760,4,0,1
50904,76229,8,12674,5,1,2
50904,76229,8,41774,6,1,3
50904,76229,8,49510,7,1,4
50904,76229,8,10199,8,1,5
50904,76229,8,47652,9,0,5
50904,76229,8,28904,10,0,5
50904,76229,8,30391,11,1,6
50904,76229,8,12254,12,0,6
50904,76229,8,12206,13,0,6
50904,76229,8,8654,14,0,6
2819115,76272,56,11974,1,1,1
2819115,76272,56,38847,2,1,2
2819115,76272,56,18581,3,1,3
2819115,76272,56,19057,4,1,4
2819115,76272,56,22935,5,1,5
2819115,76272,56,26272,6,1,6
2819115,76272,56,8670,7,1,7
2819115,76272,56,20906,8,1,8
2402579,76298,18,37011,1,1,1
2402579,76298,18,22825,2,1,2
2402579,76298,18,47626,3,0,2
2402579,76298,18,260,4,1,3
2402579,76298,18,47788,5,1,4
2402579,76298,18,49683,6,1,5
2402579,76298,18,2326,7,0,5
2402579,76298,18,39275,8,1,6
2402579,76298,18,4350,9,0,6
2402579,76298,18,49383,10,1,7
2402579,76298,18,19660,11,0,7
2402579,76298,18,31717,12,0,7
2402579,76298,18,46979,13,0,7
2402579,76298,18,24964,14,0,7
2402579,76298,18,45007,15,0,7
2402579,76298,18,15649,16,0,7
2402579,76298,18,19048,17,0,7
2402579,76298,18,16797,18,0,7
2402579,76298,18,41950,19,1,8
2402579,76298,18,1511,20,1,9
2402579,76298,18,37646,21,0,9
2402579,76298,18,5618,22,0,9
2402579,76298,18,21903,23,1,10
2402579,76298,18,9385,24,1,11
2402579,76298,18,9689,25,1,12
2402579,76298,18,19051,26,1,13
2402579,76298,18,48395,27,0,13
2402579,76298,18,27966,28,0,13
2402579,76298,18,28204,29,0,13
2402579,76298,18,5449,30,0,13
2402579,76298,18,48171,31,0,13
2402579,76298,18,22559,32,1,14
2402579,76298,18,9124,33,0,14
2402579,76298,18,31766,34,0,14
2402579,76298,18,6750,35,0,14
2402579,76298,18,48485,36,1,15
2018522,76309,10,27845,1,1,1
2018522,76309,10,27966,2,1,2
2018522,76309,10,39275,3,1,3
2018522,76309,10,35887,4,1,4
2018522,76309,10,35595,5,1,5
2018522,76309,10,18531,6,1,6
2018522,76309,10,12341,7,0,6
2018522,76309,10,21903,8,0,6
2018522,76309,10,24964,9,0,6
2018522,76309,10,22935,10,1,7
2018522,76309,10,33198,11,0,7
2018522,76309,10,12592,12,0,7
2018522,76309,10,49075,13,0,7
2018522,76309,10,9124,14,0,7
2018522,76309,10,45613,15,0,7
2018522,76309,10,8022,16,0,7
2018522,76309,10,34214,17,0,7
2018522,76309,10,13885,18,1,8
2018522,76309,10,38003,19,1,9
230474,76503,3,9825,1,1,1
230474,76503,3,45104,2,1,2
230474,76503,3,40852,3,1,3
230474,76503,3,43961,4,1,4
230474,76503,3,28985,5,1,5
230474,76503,3,45645,6,1,6
230474,76503,3,45535,7,0,6
230474,76503,3,5883,8,1,7
230474,76503,3,20876,9,1,8
230474,76503,3,18923,10,0,8
230474,76503,3,18523,11,0,8
230474,76503,3,20574,12,0,8
230474,76503,3,38273,13,0,8
230474,76503,3,21500,14,0,8
230474,76503,3,38622,15,0,8
230474,76503,3,28934,16,0,8
230474,76503,3,23192,17,0,8
230474,76503,3,31433,18,0,8
230474,76503,3,26282,19,0,8
230474,76503,3,46692,20,0,8
1548019,76652,15,196,1,1,1
1548019,76652,15,22802,2,1,2
1268418,77160,51,35914,1,1,1
1268418,77160,51,44548,2,1,2
1268418,77160,51,38558,3,1,3
1268418,77160,51,45279,4,1,4
1268418,77160,51,47626,5,1,5
1268418,77160,51,7781,6,1,6
1268418,77160,51,24852,7,1,7
1268418,77160,51,2447,8,1,8
1268418,77160,51,49111,9,1,9
1268418,77160,51,24841,10,1,10
1268418,77160,51,5073,11,1,11
1268418,77160,51,16398,12,1,12
1655279,77887,6,47209,1,1,1
1655279,77887,6,31717,2,1,2
1655279,77887,6,4485,3,1,3
1655279,77887,6,43221,4,1,4
1655279,77887,6,13176,5,0,4
1655279,77887,6,48487,6,0,4
1655279,77887,6,5015,7,0,4
1655279,77887,6,28476,8,0,4
1655279,77887,6,25647,9,0,4
1655279,77887,6,22935,10,1,5
1655279,77887,6,35547,11,1,6
2737317,77906,15,30827,1,1,1
2737317,77906,15,33000,2,1,2
2737317,77906,15,2841,3,0,2
2167593,77965,6,30756,1,0,0
2167593,77965,6,9839,2,1,1
2167593,77965,6,49608,3,0,1
2167593,77965,6,5994,4,0,1
2167593,77965,6,2180,5,0,1
2167593,77965,6,44471,6,0,1
2167593,77965,6,7649,7,1,2
2167593,77965,6,21137,8,1,3
2167593,77965,6,39275,9,1,4
2167593,77965,6,22825,10,1,5
2167593,77965,6,25133,11,1,6
2167593,77965,6,22170,12,1,7
2167593,77965,6,13176,13,1,8
2167593,77965,6,21945,14,0,8
672716,78159,4,18963,1,0,0
672716,78159,4,21903,2,0,0
672716,78159,4,34374,3,0,0
672716,78159,4,46667,4,0,0
672716,78159,4,39475,5,0,0
672716,78159,4,24852,6,1,1
672716,78159,4,8203,7,0,1
672716,78159,4,9327,8,0,1
672716,78159,4,21616,9,0,1
672716,78159,4,13535,10,0,1
1812579,78224,1,22298,1,0,0
1812579,78224,1,21019,2,0,0
1812579,78224,1,43961,3,0,0
1812579,78224,1,7559,4,0,0
1812579,78224,1,10527,5,0,0
1812579,78224,1,23554,6,0,0
1812579,78224,1,38250,7,0,0
1812579,78224,1,31257,8,0,0
1812579,78224,1,12252,9,0,0
1812579,78224,1,25093,10,0,0
1812579,78224,1,11068,11,0,0
1812579,78224,1,44765,12,0,0
1812579,78224,1,23909,13,0,0
1812579,78224,1,5959,14,0,0
1812579,78224,1,20345,15,0,0
1812579,78224,1,42828,16,0,0
2705978,78334,5,15392,1,0,0
2705978,78334,5,12872,2,0,0
2705978,78334,5,15902,3,1,1
2705978,78334,5,1158,4,1,2
2705978,78334,5,46992,5,1,3
1284695,78543,3,17009,1,0,0
1284695,78543,3,46720,2,0,0
1284695,78543,3,38383,3,0,0
1284695,78543,3,8518,4,0,0
1284695,78543,3,20114,5,0,0
1284695,78543,3,10749,6,0,0
1284695,78543,3,2295,7,0,0
1284695,78543,3,42768,8,0,0
1284695,78543,3,26497,9,0,0
1284695,78543,3,21452,10,0,0
1284695,78543,3,25495,11,0,0
1079144,78696,1,24852,1,0,0
1079144,78696,1,28241,2,0,0
1079144,78696,1,49279,3,0,0
1079144,78696,1,20161,4,0,0
1079144,78696,1,49630,5,0,0
1079144,78696,1,22882,6,0,0
1079144,78696,1,16953,7,0,0
1079144,78696,1,44860,8,0,0
1079144,78696,1,8806,9,0,0
1079144,78696,1,33827,10,0,0
1079144,78696,1,45646,11,0,0
1079144,78696,1,43209,12,0,0
3008665,78735,7,20518,1,1,1
3008665,78735,7,42392,2,1,2
3008665,78735,7,27839,3,1,3
1706100,78921,2,31506,1,0,0
1706100,78921,2,13525,2,0,0
2942287,79345,39,15763,1,1,1
2942287,79345,39,40706,2,1,2
2942287,79345,39,13176,3,1,3
2942287,79345,39,40233,4,1,4
3310613,79509,20,35886,1,1,1
3310613,79509,20,24135,2,0,1
3310613,79509,20,4620,3,1,2
3310613,79509,20,43352,4,1,3
3310613,79509,20,21903,5,1,4
1722759,79708,98,27845,1,1,1
1722759,79708,98,781,2,1,2
1722759,79708,98,22935,3,1,3
1722759,79708,98,1938,4,1,4
1722759,79708,98,21938,5,1,5
1722759,79708,98,22534,6,0,5
1722759,79708,98,40992,7,1,6
1722759,79708,98,2314,8,0,6
1722759,79708,98,7649,9,0,6
1722759,79708,98,6104,10,0,6
766248,79728,11,37726,1,1,1
766248,79728,11,1025,2,1,2
766248,79728,11,31553,3,1,3
766248,79728,11,45938,4,0,3
766248,79728,11,13636,5,0,3
766248,79728,11,12748,6,0,3
766248,79728,11,14992,7,1,4
766248,79728,11,28606,8,1,5
766248,79728,11,22247,9,0,5
766248,79728,11,8479,10,0,5
3114264,79857,12,21903,1,1,1
3114264,79857,12,12341,2,1,2
3114264,79857,12,4149,3,1,3
3409131,80527,31,6348,1,1,1
3409131,80527,31,13176,2,1,2
3409131,80527,31,49352,3,1,3
3409131,80527,31,11773,4,1,4
3409131,80527,31,27239,5,1,5
3409131,80527,31,44949,6,1,6
3409131,80527,31,43867,7,1,7
3409131,80527,31,3599,8,1,8
3409131,80527,31,4091,9,1,9
3409131,80527,31,35877,10,1,10
3409131,80527,31,41319,11,1,11
3409131,80527,31,30532,12,1,12
3409131,80527,31,41808,13,1,13
3409131,80527,31,19389,14,1,14
3409131,80527,31,24464,15,1,15
3409131,80527,31,1498,16,1,16
3409131,80527,31,31423,17,1,17
3409131,80527,31,17151,18,1,18
3409131,80527,31,43876,19,1,19
3409131,80527,31,47788,20,1,20
3409131,80527,31,32476,21,1,21
3409131,80527,31,34128,22,1,22
3409131,80527,31,9387,23,1,23
3409131,80527,31,21614,24,1,24
3409131,80527,31,32689,25,0,24
3409131,80527,31,5111,26,1,25
3409131,80527,31,17931,27,1,26
3409131,80527,31,22017,28,1,27
3409131,80527,31,37286,29,1,28
3409131,80527,31,47630,30,1,29
3409131,80527,31,30620,31,0,29
3409131,80527,31,25886,32,0,29
3409131,80527,31,19765,33,0,29
3409131,80527,31,31288,34,0,29
3409131,80527,31,12745,35,0,29
3409131,80527,31,36496,36,0,29
3409131,80527,31,6508,37,0,29
2328979,80606,22,2078,1,0,0
2328979,80606,22,1511,2,1,1
2328979,80606,22,25146,3,1,2
2328979,80606,22,33000,4,1,3
2328979,80606,22,16830,5,1,4
2328979,80606,22,44632,6,1,5
2328979,80606,22,18918,7,0,5
2073658,80715,24,27104,1,0,0
2073658,80715,24,25305,2,1,1
2073658,80715,24,14870,3,1,2
2073658,80715,24,11182,4,1,3
2073658,80715,24,42719,5,1,4
2073658,80715,24,24838,6,1,5
2073658,80715,24,41774,7,1,6
2073658,80715,24,42265,8,1,7
2073658,80715,24,23579,9,1,8
2073658,80715,24,15693,10,1,9
2073658,80715,24,42445,11,0,9
2073658,80715,24,20178,12,1,10
2073658,80715,24,43768,13,1,11
2073658,80715,24,31371,14,1,12
2982675,80788,27,14576,1,0,0
2982675,80788,27,46285,2,0,0
2982675,80788,27,11814,3,0,0
2982675,80788,27,24751,4,0,0
2982675,80788,27,20208,5,0,0
2982675,80788,27,19174,6,1,1
2982675,80788,27,24098,7,0,1
2982675,80788,27,4681,8,0,1
2982675,80788,27,13858,9,0,1
840275,81652,2,16589,1,1,1
840275,81652,2,23909,2,1,2
840275,81652,2,20382,3,1,3
840275,81652,2,3172,4,1,4
840275,81652,2,43504,5,1,5
840275,81652,2,32030,6,1,6
840275,81652,2,11945,7,0,6
840275,81652,2,25931,8,1,7
840275,81652,2,14764,9,1,8
2660022,82232,86,35470,1,1,1
2660022,82232,86,44088,2,1,2
2660022,82232,86,34148,3,0,2
1731548,82277,21,27845,1,1,1
1731548,82277,21,30442,2,1,2
1731548,82277,21,39180,3,1,3
1731548,82277,21,14161,4,0,3
1731548,82277,21,21137,5,1,4
1731548,82277,21,43087,6,0,4
1731548,82277,21,42828,7,0,4
2528689,82352,11,17224,1,1,1
2528689,82352,11,47144,2,1,2
2528689,82352,11,42557,3,1,3
2528689,82352,11,44781,4,0,3
2528689,82352,11,37220,5,0,3
2528689,82352,11,43713,6,0,3
2528689,82352,11,5077,7,0,3
2528689,82352,11,22888,8,1,4
2528689,82352,11,35167,9,1,5
2528689,82352,11,14267,10,0,5
2528689,82352,11,27541,11,1,6
2528689,82352,11,22451,12,1,7
2528689,82352,11,20114,13,1,8
2528689,82352,11,4605,14,1,9
2528689,82352,11,16145,15,0,9
2528689,82352,11,9092,16,0,9
2528689,82352,11,34496,17,0,9
2528689,82352,11,6873,18,0,9
2528689,82352,11,45646,19,0,9
2528689,82352,11,16797,20,1,10
2672209,82429,3,5240,1,1,1
2672209,82429,3,14947,2,1,2
2672209,82429,3,13885,3,0,2
2672209,82429,3,26307,4,0,2
2672209,82429,3,20345,5,1,3
812436,82685,4,12395,1,1,1
3036419,82822,7,6489,1,1,1
3036419,82822,7,1463,2,1,2
3036419,82822,7,27392,3,1,3
3036419,82822,7,19816,4,1,4
3036419,82822,7,5449,5,1,5
3036419,82822,7,21329,6,1,6
3036419,82822,7,39557,7,1,7
3036419,82822,7,40910,8,0,7
3036419,82822,7,39947,9,0,7
3036419,82822,7,12576,10,0,7
3386523,82883,5,17807,1,0,0
3386523,82883,5,28682,2,0,0
3386523,82883,5,6377,3,0,0
3386523,82883,5,24852,4,1,1
3386523,82883,5,21903,5,1,2
3386523,82883,5,3957,6,1,3
62477,83257,5,18288,1,0,0
62477,83257,5,27086,2,1,1
62477,83257,5,48205,3,1,2
62477,83257,5,23734,4,1,3
890612,83514,7,47209,1,1,1
890612,83514,7,4605,2,1,2
890612,83514,7,44632,3,1,3
890612,83514,7,38647,4,1,4
890612,83514,7,15290,5,1,5
890612,83514,7,10749,6,1,6
890612,83514,7,46505,7,1,7
890612,83514,7,36178,8,0,7
890612,83514,7,24964,9,1,8
890612,83514,7,6615,10,0,8
890612,83514,7,18465,11,1,9
2625403,83588,6,28204,1,1,1
2625403,83588,6,43122,2,1,2
2625403,83588,6,21137,3,1,3
2625403,83588,6,12597,4,1,4
2625403,83588,6,10246,5,1,5
2625403,83588,6,14651,6,1,6
2625403,83588,6,44910,7,1,7
2625403,83588,6,48057,8,1,8
2625403,83588,6,31040,9,1,9
2625403,83588,6,31343,10,0,9
2625403,83588,6,42265,11,1,10
2625403,83588,6,42241,12,1,11
2625403,83588,6,11819,13,0,11
2625403,83588,6,22723,14,0,11
2625403,83588,6,38779,15,0,11
2625403,83588,6,40706,16,0,11
2625403,83588,6,35951,17,0,11
2625403,83588,6,44845,18,0,11
2625403,83588,6,7707,19,0,11
2625403,83588,6,1359,20,0,11
3159373,83635,15,26848,1,0,0
3159373,83635,15,36117,2,1,1
3159373,83635,15,28156,3,1,2
3159373,83635,15,42450,4,1,3
3159373,83635,15,43504,5,0,3
3159373,83635,15,45104,6,0,3
2032201,84037,9,18762,1,0,0
2032201,84037,9,20225,2,0,0
1593172,84203,9,36036,1,1,1
1593172,84203,9,21903,2,1,2
1593172,84203,9,36550,3,1,3
1593172,84203,9,29447,4,1,4
1593172,84203,9,22025,5,1,5
1593172,84203,9,27392,6,0,5
1593172,84203,9,21387,7,0,5
1593172,84203,9,30391,8,0,5
1593172,84203,9,47209,9,1,6
1593172,84203,9,16759,10,1,7
1593172,84203,9,39928,11,0,7
1593172,84203,9,5876,12,1,8
1593172,84203,9,7737,13,0,8
1593172,84203,9,24115,14,0,8
1593172,84203,9,22292,15,0,8
2649676,84703,2,27695,1,0,0
2649676,84703,2,44765,2,1,1
2649676,84703,2,17316,3,0,1
2649676,84703,2,41649,4,1,2
2649676,84703,2,33198,5,1,3
2649676,84703,2,21137,6,0,3
133630,84847,3,11078,1,0,0
133630,84847,3,22025,2,1,1
133630,84847,3,43295,3,1,2
133630,84847,3,8022,4,1,3
1835895,84870,5,39328,1,1,1
1835895,84870,5,17835,2,1,2
1835895,84870,5,41433,3,1,3
1835895,84870,5,43154,4,1,4
1835895,84870,5,27845,5,1,5
1835895,84870,5,49023,6,1,6
1835895,84870,5,32655,7,1,7
1835895,84870,5,21903,8,0,7
1835895,84870,5,7076,9,0,7
1835895,84870,5,19938,10,0,7
1835895,84870,5,17766,11,0,7
1835895,84870,5,10863,12,0,7
2181285,84974,3,27841,1,1,1
2181285,84974,3,35383,2,1,2
2181285,84974,3,16953,3,1,3
2181285,84974,3,2235,4,1,4
2106974,85085,4,27086,1,0,0
2106974,85085,4,11576,2,1,1
2106974,85085,4,33731,3,1,2
2106974,85085,4,25890,4,0,2
2106974,85085,4,13852,5,0,2
2106974,85085,4,14896,6,0,2
2106974,85085,4,44278,7,0,2
1750885,85176,47,41140,1,0,0
1750885,85176,47,40604,2,1,1
1750885,85176,47,4799,3,1,2
1750885,85176,47,23029,4,0,2
1750885,85176,47,13819,5,1,3
3109639,85359,15,38313,1,1,1
3109639,85359,15,26790,2,1,2
3109639,85359,15,14356,3,1,3
3109639,85359,15,28199,4,1,4
3109639,85359,15,9438,5,1,5
1717116,85536,35,4942,1,1,1
1717116,85536,35,7021,2,1,2
1717116,85536,35,17568,3,1,3
1717116,85536,35,44910,4,1,4
1717116,85536,35,26165,5,1,5
1717116,85536,35,13176,6,1,6
1717116,85536,35,27845,7,1,7
1717116,85536,35,1468,8,1,8
1717116,85536,35,26629,9,1,9
1717116,85536,35,49235,10,1,10
1717116,85536,35,24107,11,1,11
1717116,85536,35,5646,12,1,12
1717116,85536,35,12341,13,1,13
2938842,85859,19,13176,1,1,1
2938842,85859,19,10326,2,1,2
2938842,85859,19,6184,3,1,3
2938842,85859,19,3298,4,1,4
2956721,85901,3,21903,1,0,0
2956721,85901,3,4605,2,1,1
2956721,85901,3,24964,3,0,1
2956721,85901,3,18531,4,1,2
2956721,85901,3,21137,5,1,3
2956721,85901,3,39275,6,1,4
2956721,85901,3,27104,7,0,4
2956721,85901,3,3212,8,0,4
2956721,85901,3,46667,9,0,4
2956721,85901,3,49683,10,1,5
2956721,85901,3,10978,11,0,5
2956721,85901,3,5373,12,0,5
2956721,85901,3,41376,13,0,5
2956721,85901,3,2314,14,0,5
2956721,85901,3,13877,15,0,5
2956721,85901,3,42625,16,0,5
2956721,85901,3,35824,17,1,6
2956721,85901,3,26209,18,0,6
2956721,85901,3,4086,19,0,6
2956721,85901,3,27845,20,0,6
2956721,85901,3,32734,21,1,7
2956721,85901,3,6104,22,0,7
2956721,85901,3,29487,23,0,7
2956721,85901,3,5479,24,1,8
2956721,85901,3,41999,25,1,9
591595,86129,3,24852,1,1,1
591595,86129,3,21616,2,1,2
591595,86129,3,37141,3,1,3
591595,86129,3,19451,4,1,4
591595,86129,3,20734,5,0,4
591595,86129,3,22935,6,0,4
591595,86129,3,13874,7,0,4
591595,86129,3,30391,8,0,4
591595,86129,3,23165,9,0,4
591595,86129,3,26940,10,0,4
591595,86129,3,40706,11,0,4
2283349,86329,14,38928,1,1,1
409097,86713,28,34047,1,1,1
409097,86713,28,39921,2,0,1
409097,86713,28,19688,3,1,2
409097,86713,28,11471,4,1,3
409097,86713,28,43932,5,1,4
409097,86713,28,35234,6,1,5
409097,86713,28,35898,7,0,5
409097,86713,28,21025,8,0,5
2596788,86829,6,16589,1,1,1
2596788,86829,6,38755,2,0,1
2596788,86829,6,14261,3,0,1
2596788,86829,6,12986,4,1,2
2596788,86829,6,34503,5,0,2
2596788,86829,6,33613,6,0,2
2596788,86829,6,24852,7,1,3
2596788,86829,6,8193,8,1,4
2596788,86829,6,16560,9,0,4
2596788,86829,6,27277,10,0,4
1083635,87386,10,35510,1,1,1
1083635,87386,10,15872,2,1,2
1083635,87386,10,5240,3,1,3
1083635,87386,10,48341,4,1,4
1083635,87386,10,26800,5,1,5
1083635,87386,10,33719,6,1,6
1083635,87386,10,33290,7,1,7
2250985,87532,14,27845,1,1,1
2250985,87532,14,24852,2,1,2
2250985,87532,14,42356,3,0,2
2250985,87532,14,41757,4,0,2
2250985,87532,14,17704,5,0,2
2250985,87532,14,22935,6,0,2
2250985,87532,14,25931,7,0,2
2250985,87532,14,23594,8,0,2
2250985,87532,14,9444,9,0,2
2250985,87532,14,47209,10,0,2
2250985,87532,14,20878,11,0,2
2250985,87532,14,30571,12,1,3
2250985,87532,14,5250,13,0,3
2250985,87532,14,10551,14,0,3
2250985,87532,14,33043,15,0,3
2250985,87532,14,35182,16,0,3
2250985,87532,14,31553,17,0,3
2250985,87532,14,11526,18,0,3
2250985,87532,14,10814,19,0,3
2987032,87812,3,45747,1,1,1
2987032,87812,3,39947,2,0,1
2987032,87812,3,46616,3,0,1
2987032,87812,3,19006,4,0,1
2987032,87812,3,14335,5,0,1
2837249,87992,4,29165,1,0,0
2837249,87992,4,21464,2,0,0
2837249,87992,4,15958,3,1,1
2837249,87992,4,16554,4,1,2
2837249,87992,4,11182,5,1,3
1665956,88772,29,33373,1,0,0
1665956,88772,29,34040,2,0,0
677154,88972,5,38689,1,1,1
539865,89276,5,48577,1,1,1
539865,89276,5,19051,2,1,2
539865,89276,5,6391,3,1,3
539865,89276,5,36316,4,0,3
539865,89276,5,12576,5,0,3
539865,89276,5,44632,6,1,4
539865,89276,5,7693,7,1,5
539865,89276,5,37029,8,0,5
539865,89276,5,49374,9,0,5
539865,89276,5,10826,10,0,5
2298722,89517,9,2240,1,1,1
2298722,89517,9,41453,2,1,2
2298722,89517,9,28911,3,1,3
2298722,89517,9,25513,4,0,3
2298722,89517,9,27796,5,1,4
2298722,89517,9,19766,6,0,4
2298722,89517,9,3856,7,0,4
2298722,89517,9,3782,8,0,4
1905960,89608,11,19348,1,1,1
1905960,89608,11,1924,2,1,2
1905960,89608,11,22843,3,1,3
1905960,89608,11,23888,4,1,4
3201820,89840,3,13631,1,0,0
3201820,89840,3,38175,2,0,0
3201820,89840,3,24410,3,0,0
3201820,89840,3,40191,4,0,0
3201820,89840,3,25307,5,0,0
3201820,89840,3,44234,6,0,0
3201820,89840,3,21063,7,1,1
3201820,89840,3,15021,8,0,1
3201820,89840,3,25566,9,0,1
1360045,89877,2,26209,1,0,0
1360045,89877,2,12312,2,0,0
1360045,89877,2,44142,3,0,0
1360045,89877,2,28842,4,0,0
1360045,89877,2,22275,5,0,0
1360045,89877,2,13536,6,0,0
1360045,89877,2,15569,7,0,0
1360045,89877,2,13391,8,0,0
1360045,89877,2,29088,9,0,0
1725437,89960,5,35715,1,0,0
1725437,89960,5,13176,2,0,0
1725437,89960,5,6187,3,1,1
1725437,89960,5,6948,4,1,2
1725437,89960,5,25146,5,1,3
1725437,89960,5,40656,6,1,4
1725437,89960,5,11250,7,1,5
1725437,89960,5,45537,8,1,6
1725437,89960,5,1935,9,1,7
1725437,89960,5,29117,10,0,7
1725437,89960,5,37464,11,1,8
2490522,90074,15,19678,1,1,1
2490522,90074,15,24489,2,1,2
2490522,90074,15,42736,3,1,3
2490522,90074,15,11408,4,1,4
2490522,90074,15,39964,5,1,5
2490522,90074,15,8174,6,1,6
2490522,90074,15,6348,7,1,7
2490522,90074,15,27662,8,1,8
2490522,90074,15,24852,9,1,9
2490522,90074,15,32747,10,1,10
2490522,90074,15,17794,11,1,11
2490522,90074,15,7156,12,1,12
2490522,90074,15,29926,13,1,13
2490522,90074,15,5337,14,1,14
2490522,90074,15,40826,15,1,15
2490522,90074,15,26790,16,1,16
2490522,90074,15,28204,17,1,17
2490522,90074,15,38662,18,1,18
2490522,90074,15,48595,19,1,19
2490522,90074,15,47792,20,1,20
2490522,90074,15,44560,21,1,21
2490522,90074,15,30336,22,1,22
2490522,90074,15,228,23,1,23
2490522,90074,15,12756,24,1,24
1235024,90678,14,32773,1,1,1
493787,90788,38,27511,1,1,1
493787,90788,38,39877,2,0,1
493787,90788,38,46667,3,1,2
3164785,91248,9,19660,1,1,1
3164785,91248,9,41950,2,1,2
3164785,91248,9,47766,3,1,3
3164785,91248,9,21903,4,1,4
3164785,91248,9,10644,5,0,4
3164785,91248,9,24622,6,0,4
3164785,91248,9,22089,7,1,5
3164785,91248,9,28204,8,0,5
3164785,91248,9,40545,9,1,6
3164785,91248,9,18159,10,1,7
706641,91344,10,13176,1,1,1
706641,91344,10,21137,2,1,2
706641,91344,10,45007,3,1,3
706641,91344,10,30391,4,1,4
706641,91344,10,5692,5,0,4
706641,91344,10,25133,6,1,5
706641,91344,10,47734,7,0,5
706641,91344,10,24184,8,0,5
706641,91344,10,12480,9,0,5
706641,91344,10,45582,10,0,5
706641,91344,10,46979,11,0,5
706641,91344,10,28535,12,0,5
706641,91344,10,43713,13,0,5
706641,91344,10,7175,14,0,5
706641,91344,10,4656,15,0,5
706641,91344,10,38827,16,1,6
706641,91344,10,18441,17,1,7
322025,91345,22,27845,1,1,1
322025,91345,22,27744,2,1,2
322025,91345,22,14702,3,1,3
322025,91345,22,32757,4,1,4
322025,91345,22,24852,5,1,5
3035528,91482,1,4210,1,0,0
3035528,91482,1,1767,2,0,0
3035528,91482,1,35665,3,0,0
3003268,91820,55,18689,1,1,1
651634,92197,27,23233,1,1,1
651634,92197,27,23644,2,1,2
651634,92197,27,32655,3,1,3
651634,92197,27,29127,4,1,4
651634,92197,27,12315,5,1,5
651634,92197,27,12384,6,1,6
651634,92197,27,47802,7,0,6
651634,92197,27,17948,8,1,7
651634,92197,27,45007,9,1,8
651634,92197,27,34969,10,1,9
651634,92197,27,8518,11,0,9
651634,92197,27,48755,12,0,9
651634,92197,27,5031,13,1,10
651634,92197,27,12031,14,1,11
651634,92197,27,19508,15,1,12
3282106,92342,4,10603,1,1,1
3282106,92342,4,33768,2,1,2
3282106,92342,4,15649,3,1,3
3282106,92342,4,38453,4,1,4
3282106,92342,4,41999,5,0,4
3282106,92342,4,21903,6,0,4
3282106,92342,4,48395,7,0,4
3182177,92364,4,13575,1,1,1
3182177,92364,4,42282,2,0,1
657351,92393,22,3957,1,0,0
657351,92393,22,2716,2,0,0
657351,92393,22,45210,3,0,0
657351,92393,22,47029,4,0,0
657351,92393,22,35851,5,0,0
657351,92393,22,42710,6,0,0
657351,92393,22,1577,7,0,0
657351,92393,22,45946,8,0,0
657351,92393,22,21777,9,1,1
657351,92393,22,11193,10,1,2
657351,92393,22,22227,11,0,2
657351,92393,22,5250,12,0,2
657351,92393,22,33716,13,0,2
657351,92393,22,21914,14,0,2
657351,92393,22,10551,15,0,2
657351,92393,22,2661,16,0,2
657351,92393,22,31338,17,1,3
657351,92393,22,46709,18,0,3
657351,92393,22,49588,19,0,3
657351,92393,22,38384,20,0,3
657351,92393,22,38164,21,0,3
657351,92393,22,2480,22,0,3
657351,92393,22,43165,23,0,3
657351,92393,22,19677,24,0,3
304534,92454,4,3957,1,1,1
304534,92454,4,27966,2,1,2
304534,92454,4,13176,3,1,3
304534,92454,4,26604,4,1,4
304534,92454,4,6347,5,1,5
304534,92454,4,44359,6,1,6
304534,92454,4,8802,7,1,7
304534,92454,4,37257,8,1,8
304534,92454,4,16521,9,0,8
304534,92454,4,6839,10,1,9
304534,92454,4,8425,11,0,9
304534,92454,4,1752,12,0,9
304534,92454,4,40198,13,0,9
304534,92454,4,46886,14,0,9
304534,92454,4,36039,15,0,9
3413698,93519,47,30291,1,0,0
3413698,93519,47,21903,2,1,1
3413698,93519,47,28849,3,1,2
3413698,93519,47,7746,4,1,3
3413698,93519,47,37107,5,1,4
3413698,93519,47,12980,6,1,5
3413698,93519,47,24852,7,1,6
3413698,93519,47,42944,8,1,7
3413698,93519,47,21938,9,1,8
3413698,93519,47,26209,10,1,9
3413698,93519,47,17794,11,1,10
3413698,93519,47,28934,12,1,11
3413698,93519,47,42585,13,1,12
3413698,93519,47,34905,14,0,12
3413698,93519,47,27521,15,1,13
3413698,93519,47,42768,16,1,14
3413698,93519,47,39693,17,0,14
3413698,93519,47,10504,18,1,15
3413698,93519,47,7628,19,1,16
3413698,93519,47,5373,20,1,17
3413698,93519,47,34358,21,1,18
3413698,93519,47,34126,22,1,19
3413698,93519,47,30489,23,1,20
1227223,93851,23,42342,1,1,1
1227223,93851,23,24852,2,1,2
1227223,93851,23,10761,3,1,3
1227223,93851,23,21709,4,1,4
1227223,93851,23,27690,5,1,5
1227223,93851,23,48679,6,1,6
1227223,93851,23,34969,7,1,7
1227223,93851,23,40396,8,1,8
1227223,93851,23,38313,9,1,9
1227223,93851,23,9598,10,1,10
1227223,93851,23,47209,11,1,11
1227223,93851,23,5025,12,1,12
1227223,93851,23,19478,13,0,12
1227223,93851,23,2314,14,1,13
1227223,93851,23,18370,15,1,14
1227223,93851,23,37524,16,1,15
1227223,93851,23,7781,17,1,16
1227223,93851,23,27156,18,1,17
1227223,93851,23,37464,19,1,18
1227223,93851,23,21903,20,1,19
1227223,93851,23,37646,21,1,20
1227223,93851,23,9366,22,1,21
1881986,93881,7,24759,1,1,1
1881986,93881,7,47766,2,1,2
1881986,93881,7,25146,3,1,3
1881986,93881,7,49235,4,1,4
1881986,93881,7,32151,5,0,4
1881986,93881,7,44288,6,0,4
2722623,94401,8,22142,1,0,0
2722623,94401,8,17948,2,0,0
2722623,94401,8,25133,3,1,1
2722623,94401,8,47209,4,1,2
2722623,94401,8,2210,5,1,3
2722623,94401,8,13176,6,1,4
2722623,94401,8,3550,7,1,5
2722623,94401,8,25230,8,1,6
2722623,94401,8,21137,9,1,7
2722623,94401,8,46969,10,1,8
2722623,94401,8,28928,11,1,9
2722623,94401,8,37646,12,1,10
2722623,94401,8,22025,13,1,11
2722623,94401,8,46584,14,1,12
2722623,94401,8,43249,15,1,13
2722623,94401,8,22395,16,1,14
2722623,94401,8,21670,17,0,14
2722623,94401,8,24859,18,1,15
2722623,94401,8,38159,19,0,15
2722623,94401,8,23822,20,0,15
2722623,94401,8,38248,21,0,15
2722623,94401,8,48476,22,0,15
2722623,94401,8,30148,23,0,15
2722623,94401,8,32106,24,0,15
2722623,94401,8,27966,25,1,16
2722623,94401,8,11182,26,0,16
2722623,94401,8,48628,27,1,17
2722623,94401,8,17830,28,0,17
2722623,94401,8,3272,29,0,17
1250858,95056,5,27360,1,1,1
1250858,95056,5,44761,2,1,2
1250858,95056,5,28842,3,1,3
1250858,95056,5,12013,4,1,4
1250858,95056,5,34358,5,0,4
1250858,95056,5,44142,6,1,5
1250858,95056,5,17140,7,0,5
1250858,95056,5,25647,8,1,6
1250858,95056,5,16139,9,1,7
1627733,95125,5,24852,1,1,1
1627733,95125,5,31915,2,1,2
1627733,95125,5,13806,3,1,3
1627733,95125,5,35417,4,1,4
1627733,95125,5,14704,5,1,5
1627733,95125,5,28199,6,1,6
1627733,95125,5,28204,7,0,6
1627733,95125,5,26723,8,1,7
1627733,95125,5,37646,9,1,8
2429909,95181,8,5160,1,1,1
2429909,95181,8,37722,2,1,2
2429909,95181,8,10402,3,0,2
2429909,95181,8,37119,4,1,3
863590,95238,44,35921,1,1,1
863590,95238,44,47626,2,1,2
863590,95238,44,2447,3,1,3
863590,95238,44,21137,4,1,4
863590,95238,44,21903,5,1,5
863590,95238,44,21376,6,1,6
863590,95238,44,26209,7,1,7
863590,95238,44,18523,8,1,8
863590,95238,44,36929,9,1,9
863590,95238,44,22224,10,1,10
863590,95238,44,16616,11,1,11
863590,95238,44,20943,12,0,11
863590,95238,44,37220,13,0,11
863590,95238,44,6860,14,0,11
863590,95238,44,30391,15,1,12
863590,95238,44,37067,16,0,12
2524340,95543,44,16797,1,1,1
2524340,95543,44,39275,2,1,2
82135,95557,33,42667,1,1,1
82135,95557,33,19942,2,0,1
82135,95557,33,26076,3,0,1
82135,95557,33,43986,4,0,1
3269884,96055,37,13176,1,1,1
3269884,96055,37,28204,2,1,2
3269884,96055,37,9623,3,1,3
3269884,96055,37,5322,4,1,4
3269884,96055,37,14233,5,1,5
1332485,96095,6,23177,1,0,0
1332485,96095,6,35547,2,0,0
1332485,96095,6,37646,3,1,1
1332485,96095,6,26209,4,0,1
1332485,96095,6,10108,5,0,1
1332485,96095,6,16797,6,1,2
1332485,96095,6,38739,7,0,2
1332485,96095,6,22504,8,0,2
1332485,96095,6,17872,9,0,2
3179009,96135,12,44116,1,1,1
3179009,96135,12,24850,2,0,1
3179009,96135,12,21137,3,1,2
3179009,96135,12,38689,4,1,3
3179009,96135,12,27344,5,1,4
3179009,96135,12,46906,6,1,5
3179009,96135,12,42585,7,1,6
3179009,96135,12,21376,8,1,7
3179009,96135,12,28066,9,1,8
3179009,96135,12,1057,10,1,9
3179009,96135,12,2452,11,1,10
3179009,96135,12,40709,12,1,11
3179009,96135,12,42450,13,1,12
3179009,96135,12,13829,14,0,12
3179009,96135,12,7358,15,0,12
3179009,96135,12,42356,16,0,12
3179009,96135,12,31343,17,1,13
3179009,96135,12,17949,18,1,14
3179009,96135,12,43076,19,1,15
3102856,96165,7,33787,1,1,1
3102856,96165,7,19348,2,1,2
3102856,96165,7,41220,3,0,2
3102856,96165,7,29867,4,1,3
3102856,96165,7,3599,5,1,4
3102856,96165,7,33768,6,1,5
3102856,96165,7,21560,7,1,6
3102856,96165,7,4605,8,1,7
3102856,96165,7,5652,9,0,7
3102856,96165,7,40910,10,0,7
3102856,96165,7,16185,11,0,7
3102856,96165,7,24231,12,0,7
2572376,96305,30,6948,1,1,1
2572376,96305,30,16797,2,1,2
2572376,96305,30,13198,3,1,3
2572376,96305,30,2450,4,1,4
2572376,96305,30,8087,5,1,5
2572376,96305,30,30252,6,1,6
2572376,96305,30,23734,7,1,7
2572376,96305,30,14462,8,1,8
2572376,96305,30,8025,9,1,9
2572376,96305,30,48230,10,0,9
1665406,96375,2,16732,1,1,1
1665406,96375,2,45128,2,1,2
1665406,96375,2,43721,3,0,2
3214011,96442,3,47209,1,1,1
3214011,96442,3,27845,2,1,2
3214011,96442,3,10132,3,0,2
3214011,96442,3,1364,4,0,2
3214011,96442,3,33990,5,0,2
3214011,96442,3,43713,6,0,2
3214011,96442,3,45633,7,0,2
3214011,96442,3,5194,8,0,2
3214011,96442,3,11352,9,0,2
3214011,96442,3,9755,10,0,2
3214011,96442,3,31343,11,0,2
3214011,96442,3,31683,12,0,2
3214011,96442,3,20574,13,1,3
3214011,96442,3,24235,14,0,3
3214011,96442,3,25146,15,0,3
3214011,96442,3,32139,16,0,3
3214011,96442,3,42265,17,0,3
3214011,96442,3,13629,18,0,3
3214011,96442,3,45066,19,0,3
3214011,96442,3,4920,20,0,3
3214011,96442,3,9076,21,0,3
3214011,96442,3,14778,22,0,3
3214011,96442,3,29926,23,0,3
3214011,96442,3,13819,24,0,3
2161272,96607,7,32691,1,0,0
2161272,96607,7,36316,2,1,1
2161272,96607,7,40268,3,1,2
2161272,96607,7,21162,4,1,3
2161272,96607,7,5876,5,1,4
2161272,96607,7,8021,6,1,5
2161272,96607,7,46755,7,1,6
2161272,96607,7,9808,8,0,6
1837287,96817,24,49517,1,1,1
1837287,96817,24,46402,2,1,2
1837287,96817,24,48746,3,1,3
1837287,96817,24,35940,4,0,3
1837287,96817,24,44813,5,0,3
944152,97065,5,19660,1,0,0
944152,97065,5,40199,2,1,1
944152,97065,5,21903,3,1,2
944152,97065,5,12703,4,1,3
944152,97065,5,22849,5,0,3
944152,97065,5,41950,6,0,3
944152,97065,5,47734,7,1,4
944152,97065,5,13176,8,0,4
944152,97065,5,27845,9,1,5
1718418,97729,40,14403,1,1,1
1718418,97729,40,45066,2,1,2
1718418,97729,40,9838,3,1,3
1718418,97729,40,39408,4,1,4
1718418,97729,40,11977,5,1,5
1718418,97729,40,21999,6,1,6
1718418,97729,40,24954,7,1,7
1718418,97729,40,13351,8,1,8
1718418,97729,40,31678,9,1,9
1718418,97729,40,29326,10,1,10
2963105,97880,6,24852,1,1,1
2963105,97880,6,45535,2,1,2
2963105,97880,6,34530,3,0,2
1713333,98411,99,30047,1,1,1
1713333,98411,99,41950,2,1,2
1713333,98411,99,3464,3,1,3
2280357,98423,6,24852,1,1,1
2280357,98423,6,1529,2,1,2
2280357,98423,6,29675,3,1,3
2280357,98423,6,24838,4,1,4
2280357,98423,6,4137,5,1,5
2280357,98423,6,33198,6,1,6
2280357,98423,6,30480,7,1,7
2280357,98423,6,46720,8,1,8
2280357,98423,6,49381,9,0,8
2280357,98423,6,11422,10,0,8
2280357,98423,6,35734,11,0,8
2280357,98423,6,31338,12,1,9
2280357,98423,6,7978,13,0,9
2280357,98423,6,36618,14,0,9
1951347,98601,16,30440,1,1,1
1951347,98601,16,24838,2,1,2
1951347,98601,16,27104,3,1,3
1951347,98601,16,9444,4,1,4
1951347,98601,16,49424,5,0,4
1951347,98601,16,27117,6,1,5
1951347,98601,16,25407,7,1,6
864841,98909,10,29675,1,0,0
864841,98909,10,49191,2,0,0
864841,98909,10,43772,3,0,0
3401357,99020,10,42244,1,1,1
3401357,99020,10,26209,2,1,2
3401357,99020,10,28842,3,0,2
3401357,99020,10,20114,4,1,3
3401357,99020,10,47766,5,1,4
3401357,99020,10,22089,6,1,5
3401357,99020,10,23909,7,1,6
3401357,99020,10,47144,8,0,6
3401357,99020,10,44987,9,0,6
3401357,99020,10,29987,10,1,7
3401357,99020,10,38273,11,1,8
3401357,99020,10,4796,12,0,8
3401357,99020,10,38293,13,1,9
3401357,99020,10,47626,14,1,10
3401357,99020,10,33352,15,1,11
3401357,99020,10,13984,16,1,12
3401357,99020,10,47252,17,0,12
3401357,99020,10,19508,18,1,13
3401357,99020,10,28849,19,0,13
3401357,99020,10,32624,20,0,13
3401357,99020,10,5025,21,0,13
3401357,99020,10,30391,22,0,13
3401357,99020,10,4162,23,1,14
3401357,99020,10,16570,24,1,15
3401357,99020,10,25890,25,1,16
3401357,99020,10,13176,26,1,17
3401357,99020,10,39275,27,1,18
3401357,99020,10,21616,28,1,19
3401357,99020,10,45393,29,0,19
3401357,99020,10,35223,30,0,19
675410,99132,23,9510,1,0,0
675410,99132,23,4347,2,0,0
675410,99132,23,8424,3,0,0
675410,99132,23,44142,4,0,0
675410,99132,23,34358,5,0,0
675410,99132,23,7301,6,0,0
675410,99132,23,33568,7,0,0
675410,99132,23,5976,8,0,0
675410,99132,23,10151,9,1,1
675410,99132,23,42980,10,1,2
675410,99132,23,49683,11,0,2
675410,99132,23,24184,12,0,2
675410,99132,23,12288,13,0,2
675410,99132,23,7963,14,0,2
675410,99132,23,49325,15,0,2
675410,99132,23,24658,16,0,2
675410,99132,23,14519,17,0,2
1577371,99300,12,8174,1,1,1
1577371,99300,12,40198,2,1,2
1577371,99300,12,27845,3,1,3
1577371,99300,12,35108,4,1,4
1577371,99300,12,13085,5,0,4
1577371,99300,12,23537,6,0,4
1577371,99300,12,29662,7,0,4
517552,99666,17,38985,1,1,1
1977750,99761,40,340,1,1,1
1977750,99761,40,41544,2,0,1
1977750,99761,40,10749,3,1,2
1977750,99761,40,24231,4,1,3
1977750,99761,40,21903,5,1,4
1977750,99761,40,12341,6,1,5
1977750,99761,40,432,7,1,6
1977750,99761,40,30489,8,1,7
1977750,99761,40,4562,9,1,8
1677644,100012,11,41148,1,1,1
1677644,100012,11,24852,2,1,2
1677644,100012,11,17122,3,1,3
1677644,100012,11,45427,4,1,4
629368,100624,8,13176,1,1,1
629368,100624,8,41950,2,1,2
629368,100624,8,15613,3,1,3
629368,100624,8,28745,4,1,4
629368,100624,8,30909,5,1,5
629368,100624,8,18656,6,1,6
2281257,100961,4,25043,1,0,0
2281257,100961,4,6567,2,0,0
2281257,100961,4,32653,3,0,0
2281257,100961,4,5250,4,0,0
2281257,100961,4,33716,5,0,0
2281257,100961,4,47717,6,0,0
2281257,100961,4,23854,7,1,1
2281257,100961,4,25931,8,1,2
2281257,100961,4,4562,9,0,2
2281257,100961,4,40174,10,1,3
2281257,100961,4,47626,11,1,4
2281257,100961,4,44683,12,1,5
2281257,100961,4,40397,13,0,5
1637564,101066,5,47626,1,1,1
1637564,101066,5,14536,2,0,1
1637564,101066,5,44753,3,1,2
1637564,101066,5,6046,4,1,3
1637564,101066,5,33589,5,1,4
3000825,101163,8,9839,1,1,1
3000825,101163,8,27104,2,1,2
3000825,101163,8,22935,3,1,3
3000825,101163,8,28601,4,1,4
3000825,101163,8,15575,5,1,5
3000825,101163,8,39216,6,1,6
3000825,101163,8,40310,7,1,7
3000825,101163,8,16823,8,1,8
3000825,101163,8,35091,9,1,9
3128148,101335,6,6948,1,0,0
3128148,101335,6,13629,2,0,0
3128148,101335,6,43908,3,1,1
3128148,101335,6,28934,4,1,2
3128148,101335,6,12206,5,0,2
3128148,101335,6,24852,6,0,2
3128148,101335,6,25767,7,1,3
1652163,101474,16,16869,1,1,1
1652163,101474,16,6182,2,1,2
1652163,101474,16,38159,3,1,3
1652163,101474,16,23140,4,1,4
1652163,101474,16,35986,5,1,5
1652163,101474,16,39928,6,1,6
1652163,101474,16,11534,7,1,7
1652163,101474,16,7673,8,1,8
1652163,101474,16,7416,9,1,9
1652163,101474,16,8021,10,1,10
1652163,101474,16,39794,11,1,11
1652163,101474,16,2198,12,1,12
1652163,101474,16,1188,13,0,12
1652163,101474,16,11865,14,0,12
1652163,101474,16,37959,15,0,12
1652163,101474,16,42205,16,1,13
1652163,101474,16,5764,17,1,14
2515496,101659,35,26604,1,1,1
2515496,101659,35,1463,2,1,2
2515496,101659,35,27966,3,1,3
2515496,101659,35,46194,4,1,4
2515496,101659,35,47209,5,1,5
2515496,101659,35,41950,6,1,6
2515496,101659,35,39877,7,1,7
2515496,101659,35,13176,8,1,8
2515496,101659,35,17828,9,1,9
2303842,101797,45,5077,1,1,1
2303842,101797,45,30020,2,1,2
2303842,101797,45,45375,3,1,3
2303842,101797,45,15613,4,1,4
2303842,101797,45,46667,5,1,5
1405140,101937,56,29315,1,1,1
1405140,101937,56,16223,2,1,2
1405140,101937,56,325,3,1,3
1405140,101937,56,45205,4,1,4
1405140,101937,56,39321,5,1,5
1405140,101937,56,27796,6,0,5
1405140,101937,56,46275,7,1,6
1405140,101937,56,31808,8,1,7
1405140,101937,56,41844,9,1,8
1405140,101937,56,397,10,1,9
1405140,101937,56,2481,11,0,9
607502,102051,12,32971,1,0,0
607502,102051,12,16961,2,0,0
607502,102051,12,46820,3,1,1
607502,102051,12,16759,4,1,2
607502,102051,12,4472,5,1,3
607502,102051,12,16168,6,1,4
567143,102473,2,7131,1,1,1
567143,102473,2,21195,2,1,2
567143,102473,2,12899,3,0,2
1495493,102666,88,49095,1,1,1
1495493,102666,88,5479,2,1,2
1495493,102666,88,12564,3,1,3
1495493,102666,88,20042,4,1,4
2225490,102747,13,16495,1,1,1
2225490,102747,13,21153,2,1,2
2225490,102747,13,23888,3,1,3
2225490,102747,13,44870,4,1,4
2225490,102747,13,12816,5,0,4
2225490,102747,13,44337,6,0,4
2225490,102747,13,15836,7,0,4
2225490,102747,13,12564,8,0,4
2225490,102747,13,8260,9,0,4
2225490,102747,13,28829,10,0,4
2225490,102747,13,29529,11,0,4
2225490,102747,13,196,12,1,5
2225490,102747,13,17518,13,0,5
2225490,102747,13,32573,14,0,5
213060,102794,13,41445,1,0,0
213060,102794,13,10862,2,0,0
213060,102794,13,24852,3,1,1
213060,102794,13,28226,4,1,2
213060,102794,13,32429,5,0,2
213060,102794,13,9839,6,1,3
213060,102794,13,21137,7,1,4
213060,102794,13,21174,8,0,4
213060,102794,13,28985,9,0,4
213060,102794,13,18465,10,1,5
213060,102794,13,35221,11,1,6
213060,102794,13,43643,12,1,7
213060,102794,13,36406,13,1,8
213060,102794,13,20899,14,1,9
213060,102794,13,45106,15,0,9
213060,102794,13,20764,16,1,10
213060,102794,13,43713,17,0,10
45189,102929,1,17122,1,0,0
1806968,102990,1,10070,1,0,0
1806968,102990,1,44103,2,0,0
1806968,102990,1,13176,3,0,0
1806968,102990,1,19057,4,0,0
1806968,102990,1,28597,5,0,0
1806968,102990,1,5994,6,0,0
1806968,102990,1,31506,7,0,0
1806968,102990,1,34608,8,0,0
1806968,102990,1,41220,9,0,0
1806968,102990,1,4781,10,0,0
1806968,102990,1,28380,11,0,0
1806968,102990,1,6046,12,0,0
1806968,102990,1,23719,13,0,0
1696964,103334,3,26312,1,0,0
1696964,103334,3,517,2,1,1
1696964,103334,3,36431,3,0,1
1696964,103334,3,36274,4,0,1
1696964,103334,3,29640,5,0,1
1567920,103644,59,30287,1,0,0
1733750,103990,17,39275,1,1,1
1733750,103990,17,18465,2,0,1
1733750,103990,17,40545,3,0,1
1733750,103990,17,24082,4,1,2
1733750,103990,17,27521,5,1,3
1733750,103990,17,2846,6,1,4
1733750,103990,17,9472,7,1,5
1733750,103990,17,17794,8,0,5
1733750,103990,17,26242,9,1,6
1733750,103990,17,25659,10,1,7
1733750,103990,17,890,11,1,8
1733750,103990,17,40721,12,1,9
1733750,103990,17,46709,13,0,9
1733750,103990,17,30291,14,0,9
1733750,103990,17,18918,15,1,10
1733750,103990,17,42768,16,1,11
1602121,104348,15,28413,1,1,1
1602121,104348,15,39922,2,1,2
1602121,104348,15,15200,3,1,3
1602121,104348,15,40467,4,1,4
23571,104536,3,28572,1,1,1
23571,104536,3,12962,2,1,2
23571,104536,3,30338,3,1,3
23571,104536,3,35055,4,1,4
23571,104536,3,44728,5,0,4
3420574,104581,1,7781,1,0,0
3420574,104581,1,45123,2,0,0
3420574,104581,1,37053,3,0,0
3420574,104581,1,32467,4,0,0
3420574,104581,1,29126,5,0,0
3420574,104581,1,5015,6,0,0
3420574,104581,1,24799,7,0,0
3420574,104581,1,8309,8,0,0
3420574,104581,1,28465,9,0,0
3420574,104581,1,32927,10,0,0
3420574,104581,1,8174,11,0,0
3420574,104581,1,21137,12,0,0
3420574,104581,1,34450,13,0,0
3420574,104581,1,20734,14,0,0
3420574,104581,1,34243,15,0,0
3420574,104581,1,30391,16,0,0
3420574,104581,1,14371,17,0,0
3420574,104581,1,27336,18,0,0
3420574,104581,1,27344,19,0,0
3420574,104581,1,38772,20,0,0
3420574,104581,1,40568,21,0,0
3420574,104581,1,29439,22,0,0
3420574,104581,1,35750,23,0,0
3420574,104581,1,15123,24,0,0
3420574,104581,1,13702,25,0,0
2064499,104854,2,20947,1,1,1
2064499,104854,2,4562,2,0,1
2064499,104854,2,13176,3,1,2
2064499,104854,2,19678,4,1,3
2064499,104854,2,25937,5,1,4
2064499,104854,2,33978,6,1,5
2064499,104854,2,11538,7,0,5
2064499,104854,2,29439,8,0,5
2064499,104854,2,6860,9,0,5
2064499,104854,2,49235,10,0,5
2064499,104854,2,22428,11,0,5
2064499,104854,2,46979,12,0,5
2064499,104854,2,24184,13,0,5
2064499,104854,2,878,14,0,5
142426,105118,4,8832,1,1,1
142426,105118,4,9810,2,1,2
142426,105118,4,9477,3,1,3
142426,105118,4,28427,4,1,4
142426,105118,4,28110,5,1,5
142426,105118,4,16759,6,0,5
142426,105118,4,1090,7,0,5
142426,105118,4,45681,8,1,6
142426,105118,4,21890,9,1,7
142426,105118,4,35233,10,0,7
142426,105118,4,31683,11,1,8
142426,105118,4,45007,12,0,8
142426,105118,4,15109,13,1,9
142426,105118,4,37766,14,1,10
142426,105118,4,14381,15,0,10
142426,105118,4,23347,16,1,11
142426,105118,4,42356,17,0,11
142426,105118,4,28204,18,0,11
142426,105118,4,12624,19,0,11
142426,105118,4,22707,20,0,11
142426,105118,4,43391,21,0,11
142426,105118,4,26604,22,0,11
142426,105118,4,10673,23,0,11
142426,105118,4,29487,24,0,11
142426,105118,4,43772,25,0,11
142426,105118,4,24235,26,0,11
142426,105118,4,7673,27,0,11
142426,105118,4,5539,28,0,11
142426,105118,4,32655,29,0,11
2739975,105792,19,16083,1,1,1
2739975,105792,19,8859,2,1,2
2739975,105792,19,13176,3,1,3
2739975,105792,19,26165,4,1,4
2739975,105792,19,1668,5,0,4
2739975,105792,19,27845,6,1,5
2739975,105792,19,16797,7,0,5
2739975,105792,19,8277,8,1,6
2739975,105792,19,37220,9,0,6
2739975,105792,19,34551,10,1,7
2739975,105792,19,24764,11,1,8
2739975,105792,19,26196,12,1,9
2739975,105792,19,42768,13,0,9
2739975,105792,19,31717,14,0,9
2739975,105792,19,26209,15,0,9
2739975,105792,19,29487,16,0,9
1196345,105954,1,1582,1,0,0
1196345,105954,1,24353,2,0,0
1196345,105954,1,7751,3,0,0
1196345,105954,1,2512,4,0,0
1196345,105954,1,42360,5,0,0
1627181,106081,6,5025,1,1,1
1627181,106081,6,49683,2,1,2
1627181,106081,6,46676,3,1,3
1627181,106081,6,23959,4,1,4
1627181,106081,6,38996,5,1,5
1627181,106081,6,14159,6,0,5
1627181,106081,6,12845,7,0,5
1627181,106081,6,17375,8,0,5
1627181,106081,6,27695,9,0,5
681045,106179,24,24852,1,1,1
681045,106179,24,23909,2,1,2
681045,106179,24,16797,3,1,3
681045,106179,24,6873,4,1,4
681045,106179,24,45064,5,1,5
681045,106179,24,15424,6,1,6
681045,106179,24,19871,7,1,7
681045,106179,24,9120,8,1,8
681045,106179,24,43352,9,1,9
681045,106179,24,29758,10,1,10
681045,106179,24,34230,11,1,11
681045,106179,24,44199,12,1,12
681045,106179,24,17122,13,1,13
681045,106179,24,35752,14,1,14
681045,106179,24,16020,15,1,15
681045,106179,24,38739,16,1,16
681045,106179,24,19546,17,1,17
681045,106179,24,16965,18,1,18
681045,106179,24,18019,19,1,19
681045,106179,24,39719,20,1,20
681045,106179,24,42936,21,1,21
681045,106179,24,31848,22,1,22
681045,106179,24,19863,23,1,23
681045,106179,24,20842,24,0,23
681045,106179,24,27796,25,1,24
681045,106179,24,14992,26,1,25
681045,106179,24,6069,27,1,26
681045,106179,24,2091,28,0,26
681045,106179,24,39457,29,0,26
681045,106179,24,42834,30,1,27
2590950,106623,10,13176,1,1,1
2590950,106623,10,7252,2,1,2
2590950,106623,10,39275,3,1,3
2590950,106623,10,21292,4,0,3
2590950,106623,10,32079,5,0,3
2828864,107098,13,5769,1,1,1
2828864,107098,13,40939,2,1,2
2828864,107098,13,5258,3,1,3
1161237,107154,25,35914,1,1,1
1161237,107154,25,43815,2,0,1
2974126,107745,6,12395,1,1,1
2974126,107745,6,13882,2,1,2
2974126,107745,6,21137,3,1,3
2974126,107745,6,40706,4,1,4
2974126,107745,6,34243,5,1,5
2974126,107745,6,43768,6,1,6
2974126,107745,6,15937,7,1,7
2974126,107745,6,38159,8,1,8
2974126,107745,6,20734,9,1,9
2974126,107745,6,4357,10,1,10
2974126,107745,6,30450,11,1,11
2974126,107745,6,41551,12,0,11
2974126,107745,6,12409,13,1,12
2974126,107745,6,31640,14,1,13
2974126,107745,6,29752,15,1,14
2974126,107745,6,16869,16,1,15
2974126,107745,6,9554,17,1,16
2974126,107745,6,10337,18,1,17
2545999,107909,15,36736,1,0,0
2545999,107909,15,31992,2,1,1
2545999,107909,15,13733,3,1,2
2545999,107909,15,27104,4,1,3
2545999,107909,15,17316,5,0,3
1818149,108521,1,30442,1,0,0
1818149,108521,1,47766,2,0,0
1818149,108521,1,35108,3,0,0
1818149,108521,1,16768,4,0,0
1818149,108521,1,11247,5,0,0
1818149,108521,1,45007,6,0,0
1818149,108521,1,23644,7,0,0
1818149,108521,1,47672,8,0,0
1818149,108521,1,24385,9,0,0
1818149,108521,1,2210,10,0,0
2117923,108755,1,32679,1,0,0
2117923,108755,1,27845,2,0,0
2117923,108755,1,31985,3,0,0
2117923,108755,1,39275,4,0,0
2117923,108755,1,21137,5,0,0
2117923,108755,1,5769,6,0,0
2117923,108755,1,30486,7,0,0
3243858,108849,22,49235,1,1,1
3243858,108849,22,22832,2,1,2
3243858,108849,22,15386,3,1,3
3243858,108849,22,23142,4,1,4
3243858,108849,22,41787,5,0,4
3243858,108849,22,1194,6,1,5
3243858,108849,22,4799,7,0,5
3243858,108849,22,23650,8,1,6
3243858,108849,22,13113,9,0,6
350582,109020,49,812,1,1,1
350582,109020,49,172,2,1,2
350582,109020,49,40709,3,1,3
350582,109020,49,34866,4,1,4
1124051,109031,12,43086,1,1,1
2640789,109227,2,38689,1,1,1
2640789,109227,2,11422,2,1,2
2640789,109227,2,37646,3,1,3
2640789,109227,2,2086,4,1,4
2640789,109227,2,18362,5,0,4
2640789,109227,2,2593,6,0,4
2640789,109227,2,22559,7,0,4
2640789,109227,2,7948,8,0,4
2640789,109227,2,23836,9,0,4
2640789,109227,2,24372,10,0,4
2640789,109227,2,41437,11,0,4
1412344,109260,38,127,1,1,1
1412344,109260,38,28990,2,0,1
1412344,109260,38,32951,3,1,2
1412344,109260,38,25283,4,0,2
1412344,109260,38,33023,5,0,2
1412344,109260,38,14467,6,1,3
3093386,109262,18,31506,1,0,0
3093386,109262,18,5621,2,0,0
3093386,109262,18,39928,3,0,0
3093386,109262,18,38313,4,1,1
374542,109268,1,859,1,0,0
374542,109268,1,10032,2,0,0
374542,109268,1,5262,3,0,0
374542,109268,1,30695,4,0,0
374542,109268,1,45188,5,0,0
374542,109268,1,48433,6,0,0
663164,109287,40,35914,1,1,1
663164,109287,40,5077,2,1,2
663164,109287,40,29034,3,1,3
663164,109287,40,29615,4,1,4
663164,109287,40,34368,5,1,5
663164,109287,40,48695,6,1,6
663164,109287,40,40332,7,1,7
663164,109287,40,40709,8,1,8
663164,109287,40,11323,9,1,9
663164,109287,40,36843,10,1,10
663164,109287,40,26348,11,1,11
663164,109287,40,6128,12,1,12
663164,109287,40,21333,13,1,13
663164,109287,40,28911,14,1,14
663164,109287,40,12493,15,0,14
663164,109287,40,11412,16,0,14
663164,109287,40,43973,17,1,15
663164,109287,40,43867,18,1,16
663164,109287,40,7751,19,0,16
663164,109287,40,19468,20,0,16
663164,109287,40,28647,21,1,17
663164,109287,40,39491,22,1,18
755358,109563,3,48812,1,0,0
755358,109563,3,500,2,0,0
598476,109640,2,329,1,1,1
598476,109640,2,24852,2,0,1
598476,109640,2,47766,3,0,1
598476,109640,2,39275,4,1,2
598476,109640,2,19057,5,1,3
598476,109640,2,11520,6,0,3
598476,109640,2,34358,7,0,3
598476,109640,2,7704,8,0,3
598476,109640,2,8518,9,0,3
598476,109640,2,4605,10,0,3
598476,109640,2,21903,11,1,4
2333119,109653,3,46524,1,0,0
2333119,109653,3,9438,2,0,0
2333119,109653,3,13049,3,1,1
2333119,109653,3,8174,4,1,2
2333119,109653,3,13176,5,0,2
2333119,109653,3,4920,6,0,2
2333119,109653,3,2770,7,0,2
398840,110864,5,24799,1,1,1
398840,110864,5,36865,2,0,1
398840,110864,5,26131,3,1,2
398840,110864,5,2086,4,1,3
398840,110864,5,27086,5,1,4
398840,110864,5,15592,6,0,4
398840,110864,5,24852,7,0,4
1518272,110894,31,19057,1,1,1
1518272,110894,31,18152,2,1,2
1518272,110894,31,31717,3,1,3
1518272,110894,31,37067,4,0,3
1518272,110894,31,3339,5,1,4
1518272,110894,31,5250,6,0,4
3135473,110925,1,47626,1,0,0
3135473,110925,1,21903,2,0,0
3135473,110925,1,35547,3,0,0
3135473,110925,1,1408,4,0,0
3135473,110925,1,4562,5,0,0
3135473,110925,1,47209,6,0,0
3135473,110925,1,41665,7,0,0
3135473,110925,1,34969,8,0,0
3135473,110925,1,25666,9,0,0
3135473,110925,1,27156,10,0,0
3135473,110925,1,39337,11,0,0
3135473,110925,1,31378,12,0,0
3135473,110925,1,12576,13,0,0
3135473,110925,1,25659,14,0,0
3135473,110925,1,12206,15,0,0
3135473,110925,1,19478,16,0,0
3135473,110925,1,8012,17,0,0
3263241,110938,9,4210,1,1,1
3263241,110938,9,19348,2,1,2
3263241,110938,9,24852,3,1,3
3263241,110938,9,4455,4,1,4
3263241,110938,9,21267,5,1,5
3263241,110938,9,44948,6,1,6
3263241,110938,9,29285,7,1,7
3263241,110938,9,45537,8,1,8
3263241,110938,9,30494,9,1,9
3263241,110938,9,22594,10,1,10
3263241,110938,9,7088,11,1,11
3263241,110938,9,39275,12,1,12
3263241,110938,9,18722,13,1,13
2227347,111019,4,30233,1,1,1
2227347,111019,4,9405,2,1,2
2227347,111019,4,32134,3,1,3
2227347,111019,4,9076,4,1,4
2227347,111019,4,39216,5,1,5
2227347,111019,4,27113,6,1,6
2227347,111019,4,44352,7,1,7
2227347,111019,4,35951,8,1,8
2227347,111019,4,17948,9,1,9
2227347,111019,4,36011,10,1,10
2227347,111019,4,33399,11,1,11
2227347,111019,4,42507,12,1,12
2227347,111019,4,13176,13,1,13
2227347,111019,4,37766,14,1,14
2227347,111019,4,5450,15,1,15
2227347,111019,4,8174,16,1,16
2227347,111019,4,39275,17,1,17
2227347,111019,4,9839,18,1,18
2227347,111019,4,27104,19,1,19
2227347,111019,4,48775,20,1,20
2227347,111019,4,27521,21,1,21
2227347,111019,4,19048,22,1,22
2227347,111019,4,10288,23,1,23
2227347,111019,4,10941,24,0,23
2227347,111019,4,8277,25,0,23
2227347,111019,4,43122,26,0,23
2227347,111019,4,30635,27,0,23
2227347,111019,4,4097,28,0,23
1735756,111212,62,21999,1,1,1
1735756,111212,62,45447,2,1,2
1735756,111212,62,46486,3,1,3
1047784,111327,46,8174,1,1,1
1047784,111327,46,46676,2,1,2
1047784,111327,46,34335,3,1,3
1047784,111327,46,40709,4,1,4
1047784,111327,46,4367,5,1,5
1047784,111327,46,21567,6,0,5
1047784,111327,46,260,7,0,5
1047784,111327,46,27966,8,0,5
1047784,111327,46,20738,9,0,5
1047784,111327,46,30489,10,0,5
1047784,111327,46,39812,11,1,6
1047784,111327,46,4605,12,0,6
1047784,111327,46,49385,13,0,6
1047784,111327,46,31528,14,0,6
1047784,111327,46,34126,15,1,7
1047784,111327,46,5876,16,1,8
1047784,111327,46,24184,17,1,9
631347,111441,2,4493,1,1,1
631347,111441,2,36135,2,1,2
631347,111441,2,3599,3,1,3
631347,111441,2,5785,4,0,3
631347,111441,2,26706,5,0,3
631347,111441,2,40709,6,1,4
631347,111441,2,9808,7,0,4
631347,111441,2,37119,8,1,5
171592,111554,3,33568,1,1,1
171592,111554,3,405,2,0,1
171592,111554,3,34065,3,0,1
171592,111554,3,3957,4,1,2
171592,111554,3,2966,5,0,2
171592,111554,3,9754,6,1,3
171592,111554,3,44500,7,1,4
171592,111554,3,34427,8,0,4
171592,111554,3,40706,9,1,5
171592,111554,3,32869,10,0,5
171592,111554,3,2383,11,0,5
171592,111554,3,37065,12,0,5
171592,111554,3,20697,13,0,5
932912,111879,16,24964,1,0,0
932912,111879,16,7021,2,0,0
932912,111879,16,41259,3,0,0
932912,111879,16,28842,4,0,0
932912,111879,16,33120,5,1,1
932912,111879,16,44142,6,1,2
932912,111879,16,24852,7,1,3
932912,111879,16,36107,8,1,4
932912,111879,16,47766,9,1,5
3190575,111885,3,8571,1,1,1
3190575,111885,3,16797,2,1,2
3190575,111885,3,8048,3,1,3
3190575,111885,3,32689,4,1,4
3190575,111885,3,9076,5,1,5
3190575,111885,3,38768,6,1,6
3190575,111885,3,8859,7,1,7
3190575,111885,3,33378,8,0,7
3190575,111885,3,21292,9,0,7
3190575,111885,3,24135,10,1,8
1752418,112013,7,30442,1,1,1
1752418,112013,7,24184,2,1,2
1752418,112013,7,18362,3,1,3
1752418,112013,7,27966,4,1,4
1752418,112013,7,28985,5,1,5
1752418,112013,7,8935,6,0,5
1752418,112013,7,49683,7,0,5
1752418,112013,7,40397,8,0,5
2428333,112123,6,42315,1,0,0
2428333,112123,6,9623,2,1,1
2428333,112123,6,4796,3,1,2
2428333,112123,6,48364,4,1,3
2428333,112123,6,26209,5,1,4
2428333,112123,6,41259,6,0,4
2428333,112123,6,37065,7,1,5
2428333,112123,6,31821,8,1,6
2428333,112123,6,32347,9,0,6
2428333,112123,6,31506,10,0,6
2428333,112123,6,28842,11,1,7
3062228,112267,8,16668,1,1,1
3062228,112267,8,45763,2,1,2
3062228,112267,8,10305,3,1,3
3062228,112267,8,39032,4,1,4
3062228,112267,8,41148,5,1,5
3062228,112267,8,30192,6,0,5
3062228,112267,8,5491,7,0,5
3062228,112267,8,37003,8,0,5
3062228,112267,8,28311,9,0,5
3062228,112267,8,4812,10,0,5
3062228,112267,8,31504,11,0,5
2962104,112528,4,32331,1,1,1
2962104,112528,4,7419,2,1,2
2962104,112528,4,1447,3,1,3
2962104,112528,4,9387,4,1,4
2962104,112528,4,15872,5,1,5
2962104,112528,4,45596,6,0,5
2962104,112528,4,44142,7,0,5
291265,112631,6,20995,1,1,1
291265,112631,6,890,2,0,1
291265,112631,6,27156,3,1,2
291265,112631,6,10492,4,0,2
3184805,112651,6,32573,1,1,1
3184805,112651,6,40332,2,1,2
3184805,112651,6,44142,3,1,3
3184805,112651,6,2480,4,1,4
3184805,112651,6,3075,5,1,5
3184805,112651,6,38336,6,1,6
3184805,112651,6,9339,7,1,7
3184805,112651,6,16518,8,0,7
3184805,112651,6,43337,9,1,8
3184805,112651,6,32804,10,0,8
3184805,112651,6,26209,11,0,8
3184805,112651,6,23801,12,1,9
3184805,112651,6,28842,13,0,9
3184805,112651,6,32315,14,1,10
3184805,112651,6,34969,15,0,10
3184805,112651,6,4137,16,1,11
3109162,112691,15,18404,1,1,1
3109162,112691,15,14536,2,0,1
161752,112721,34,44257,1,1,1
161752,112721,34,35784,2,1,2
161752,112721,34,18564,3,1,3
161752,112721,34,8281,4,0,3
161752,112721,34,49683,5,1,4
161752,112721,34,38996,6,1,5
161752,112721,34,14462,7,1,6
161752,112721,34,44661,8,1,7
161752,112721,34,46526,9,1,8
161752,112721,34,21903,10,1,9
161752,112721,34,22142,11,1,10
1234521,112866,1,13176,1,0,0
1234521,112866,1,8053,2,0,0
1234521,112866,1,5959,3,0,0
1234521,112866,1,11933,4,0,0
41376,113305,19,6774,1,1,1
41376,113305,19,3957,2,1,2
41376,113305,19,26079,3,1,3
41376,113305,19,3843,4,1,4
41376,113305,19,35561,5,1,5
41376,113305,19,45200,6,1,6
41376,113305,19,39612,7,0,6
41376,113305,19,1529,8,1,7
41376,113305,19,34244,9,0,7
41376,113305,19,2272,10,1,8
41376,113305,19,30021,11,0,8
1010508,113371,1,6691,1,0,0
1639609,113729,1,11520,1,0,0
1639609,113729,1,26201,2,0,0
1639609,113729,1,9741,3,0,0
1639609,113729,1,23405,4,0,0
1639609,113729,1,21938,5,0,0
1639609,113729,1,27521,6,0,0
1639609,113729,1,15649,7,0,0
1639609,113729,1,36874,8,0,0
1713951,113941,5,28985,1,1,1
1713951,113941,5,23079,2,1,2
1713951,113941,5,39984,3,1,3
1713951,113941,5,21903,4,1,4
1713951,113941,5,34126,5,1,5
1713951,113941,5,31717,6,1,6
1713951,113941,5,35855,7,0,6
1713951,113941,5,10243,8,0,6
1713951,113941,5,44661,9,0,6
1713951,113941,5,42123,10,0,6
2474966,114280,41,16797,1,1,1
2474966,114280,41,8048,2,1,2
2474966,114280,41,38768,3,1,3
2474966,114280,41,27477,4,1,4
2474966,114280,41,12078,5,1,5
2474966,114280,41,27796,6,1,6
2474966,114280,41,16143,7,0,6
1989898,114323,7,28946,1,0,0
1989898,114323,7,24852,2,1,1
1989898,114323,7,22825,3,1,2
1989898,114323,7,14161,4,1,3
1989898,114323,7,27845,5,1,4
1989898,114323,7,38259,6,1,5
1989898,114323,7,43255,7,1,6
1989898,114323,7,46847,8,1,7
1989898,114323,7,1823,9,1,8
1989898,114323,7,9339,10,1,9
1989898,114323,7,32347,11,1,10
1989898,114323,7,35042,12,1,11
1989898,114323,7,32446,13,1,12
1989898,114323,7,16797,14,1,13
1989898,114323,7,28204,15,1,14
1989898,114323,7,31683,16,1,15
1989898,114323,7,22312,17,0,15
1989898,114323,7,25886,18,0,15
1989898,114323,7,14901,19,1,16
1989898,114323,7,46131,20,0,16
1989898,114323,7,35168,21,0,16
1989898,114323,7,48205,22,1,17
1989898,114323,7,49348,23,0,17
1989898,114323,7,41326,24,0,17
1989898,114323,7,38985,25,0,17
1989898,114323,7,23291,26,0,17
1989898,114323,7,33929,27,0,17
1989898,114323,7,9076,28,0,17
1511765,114331,4,10243,1,0,0
1511765,114331,4,5878,2,0,0
1511765,114331,4,20052,3,0,0
1511765,114331,4,46667,4,0,0
1511765,114331,4,38903,5,0,0
1511765,114331,4,48775,6,0,0
1365016,114493,4,5258,1,0,0
1365016,114493,4,46061,2,0,0
1365016,114493,4,9755,3,0,0
1365016,114493,4,21288,4,0,0
163450,115308,19,16759,1,1,1
163450,115308,19,31717,2,0,1
163450,115308,19,16,3,0,1
163450,115308,19,22035,4,1,2
163450,115308,19,35535,5,0,2
163450,115308,19,17794,6,1,3
163450,115308,19,12113,7,0,3
163450,115308,19,8193,8,0,3
163450,115308,19,48416,9,0,3
2296809,115715,9,24852,1,1,1
2296809,115715,9,44570,2,1,2
2296809,115715,9,4210,3,1,3
2296809,115715,9,42736,4,0,3
2296809,115715,9,35855,5,0,3
2296809,115715,9,34551,6,0,3
2296809,115715,9,21777,7,1,4
2296809,115715,9,22534,8,0,4
2296809,115715,9,31553,9,1,5
2296809,115715,9,28842,10,1,6
2296809,115715,9,8670,11,0,6
2296809,115715,9,47086,12,0,6
185135,115723,4,33153,1,0,0
185135,115723,4,30036,2,0,0
185135,115723,4,3008,3,0,0
185135,115723,4,12129,4,0,0
1696556,115729,12,13219,1,1,1
1696556,115729,12,19702,2,1,2
1696556,115729,12,13176,3,1,3
3290624,115840,6,10761,1,1,1
3290624,115840,6,44632,2,1,2
3290624,115840,6,31288,3,1,3
3290624,115840,6,11737,4,1,4
3290624,115840,6,32655,5,1,5
3290624,115840,6,42768,6,0,5
3290624,115840,6,39877,7,0,5
3290624,115840,6,10978,8,0,5
3290624,115840,6,48364,9,1,6
3290624,115840,6,24964,10,0,6
3290624,115840,6,48628,11,0,6
3290624,115840,6,27344,12,1,7
3290624,115840,6,9515,13,1,8
3290624,115840,6,19250,14,1,9
114006,116292,1,37646,1,0,0
114006,116292,1,8277,2,0,0
114006,116292,1,9507,3,0,0
114006,116292,1,13877,4,0,0
114006,116292,1,20995,5,0,0
114006,116292,1,4957,6,0,0
114006,116292,1,33787,7,0,0
114006,116292,1,33754,8,0,0
114006,116292,1,30252,9,0,0
114006,116292,1,9028,10,0,0
114006,116292,1,27344,11,0,0
114006,116292,1,17652,12,0,0
114006,116292,1,46990,13,0,0
114006,116292,1,24062,14,0,0
114006,116292,1,42193,15,0,0
114006,116292,1,22825,16,0,0
114006,116292,1,3464,17,0,0
114006,116292,1,30720,18,0,0
114006,116292,1,7963,19,0,0
114006,116292,1,40268,20,0,0
114006,116292,1,12980,21,0,0
114006,116292,1,5646,22,0,0
36814,116378,20,12756,1,0,0
36814,116378,20,49075,2,1,1
36814,116378,20,2452,3,1,2
36814,116378,20,25371,4,1,3
36814,116378,20,47719,5,1,4
36814,116378,20,20327,6,1,5
36814,116378,20,24852,7,1,6
36814,116378,20,21903,8,1,7
36814,116378,20,22908,9,1,8
36814,116378,20,16589,10,1,9
2105346,116457,5,29934,1,0,0
2105346,116457,5,33747,2,0,0
2105346,116457,5,24400,3,0,0
2105346,116457,5,4374,4,1,1
2105346,116457,5,9623,5,1,2
1947646,116458,99,46906,1,1,1
1947646,116458,99,13176,2,1,2
1947646,116458,99,25890,3,1,3
1947646,116458,99,8424,4,1,4
1947646,116458,99,8518,5,1,5
1947646,116458,99,13702,6,0,5
2581852,116983,19,6184,1,0,0
2581852,116983,19,3798,2,1,1
221658,117009,28,7131,1,1,1
221658,117009,28,19204,2,1,2
221658,117009,28,21137,3,1,3
221658,117009,28,31640,4,1,4
2290481,118072,3,13292,1,1,1
2290481,118072,3,28798,2,1,2
2290481,118072,3,3479,3,1,3
2290481,118072,3,47766,4,0,3
2290481,118072,3,6336,5,0,3
2290481,118072,3,45066,6,0,3
2290481,118072,3,44669,7,0,3
2290481,118072,3,32611,8,0,3
2290481,118072,3,810,9,0,3
2290481,118072,3,21137,10,0,3
2290481,118072,3,30175,11,0,3
1402564,118154,13,14252,1,0,0
1402564,118154,13,20590,2,0,0
1402564,118154,13,17995,3,1,1
1402564,118154,13,43772,4,1,2
1402564,118154,13,27966,5,0,2
1402564,118154,13,39275,6,0,2
352443,118560,1,37710,1,0,0
352443,118560,1,13424,2,0,0
807125,118968,9,11365,1,1,1
807125,118968,9,16797,2,0,1
807125,118968,9,14678,3,1,2
807125,118968,9,13097,4,0,2
1320817,119079,6,24852,1,1,1
1320817,119079,6,26714,2,1,2
1320817,119079,6,20904,3,0,2
1320817,119079,6,9387,4,1,3
1320817,119079,6,45066,5,1,4
1320817,119079,6,45,6,1,5
1320817,119079,6,28985,7,0,5
1320817,119079,6,39415,8,0,5
1320817,119079,6,31848,9,0,5
1320817,119079,6,17948,10,0,5
1320817,119079,6,24489,11,1,6
1320817,119079,6,46802,12,1,7
1320817,119079,6,1158,13,0,7
1320817,119079,6,38656,14,1,8
1320817,119079,6,23579,15,1,9
1320817,119079,6,22227,16,1,10
1320817,119079,6,33716,17,0,10
1320817,119079,6,42625,18,1,11
1320817,119079,6,40001,19,1,12
1320817,119079,6,33120,20,1,13
1320817,119079,6,34511,21,1,14
1320817,119079,6,40396,22,1,15
1022897,119290,14,32134,1,1,1
1022897,119290,14,42399,2,0,1
1022897,119290,14,24852,3,1,2
1022897,119290,14,25499,4,0,2
1022897,119290,14,22369,5,0,2
1022897,119290,14,43995,6,0,2
1022897,119290,14,33884,7,0,2
1022897,119290,14,21903,8,1,3
2071079,119307,35,12351,1,1,1
2071079,119307,35,14252,2,0,1
2071079,119307,35,12487,3,1,2
2071079,119307,35,46391,4,1,3
2071079,119307,35,24852,5,1,4
2071079,119307,35,10656,6,1,5
2071079,119307,35,47596,7,1,6
2071079,119307,35,12731,8,1,7
2071079,119307,35,37725,9,1,8
2071079,119307,35,17010,10,1,9
2071079,119307,35,2584,11,1,10
2071079,119307,35,45149,12,1,11
2071079,119307,35,40490,13,1,12
2071079,119307,35,43049,14,0,12
2274702,119664,13,27845,1,1,1
2274702,119664,13,37718,2,0,1
2274702,119664,13,34557,3,0,1
2274702,119664,13,24852,4,1,2
2274702,119664,13,31334,5,0,2
2274702,119664,13,45681,6,0,2
2274702,119664,13,27344,7,0,2
1192894,120280,27,39921,1,1,1
1192894,120280,27,31066,2,0,1
1192894,120280,27,36326,3,0,1
1192894,120280,27,44461,4,0,1
1192894,120280,27,36051,5,0,1
1192894,120280,27,13895,6,1,2
1192894,120280,27,34024,7,1,3
1192894,120280,27,26209,8,1,4
1192894,120280,27,1181,9,1,5
1192894,120280,27,4920,10,1,6
1192894,120280,27,39832,11,0,6
1192894,120280,27,1382,12,1,7
1192894,120280,27,45930,13,1,8
1192894,120280,27,10613,14,1,9
1192894,120280,27,39922,15,1,10
1192894,120280,27,41290,16,0,10
1192894,120280,27,5188,17,0,10
1192894,120280,27,6444,18,0,10
1592021,120377,93,32650,1,1,1
1592021,120377,93,27065,2,1,2
1592021,120377,93,24852,3,1,3
1592021,120377,93,33614,4,1,4
1592021,120377,93,872,5,1,5
1592021,120377,93,3243,6,1,6
1592021,120377,93,6612,7,1,7
1592021,120377,93,29689,8,1,8
1592021,120377,93,18721,9,0,8
1592021,120377,93,44479,10,1,9
1592021,120377,93,22699,11,1,10
1592021,120377,93,7751,12,1,11
1592021,120377,93,19445,13,1,12
1592021,120377,93,41148,14,0,12
1592021,120377,93,6236,15,1,13
1592021,120377,93,17597,16,1,14
1592021,120377,93,12343,17,1,15
1592021,120377,93,38141,18,1,16
1592021,120377,93,48205,19,1,17
2397162,120776,23,22337,1,1,1
2397162,120776,23,8277,2,1,2
2397162,120776,23,26790,3,1,3
2397162,120776,23,13176,4,1,4
2397162,120776,23,3298,5,1,5
2397162,120776,23,10831,6,1,6
2397162,120776,23,21137,7,1,7
2397162,120776,23,36772,8,1,8
2397162,120776,23,27966,9,1,9
2397162,120776,23,42118,10,1,10
2397162,120776,23,28412,11,1,11
2397162,120776,23,39275,12,1,12
2397162,120776,23,33910,13,1,13
2397162,120776,23,33950,14,1,14
2397162,120776,23,42013,15,0,14
2397162,120776,23,40571,16,0,14
2397162,120776,23,4957,17,0,14
2397162,120776,23,30756,18,1,15
2397162,120776,23,12817,19,1,16
2397162,120776,23,25715,20,1,17
2397162,120776,23,38374,21,1,18
2397162,120776,23,41176,22,0,18
2397162,120776,23,4565,23,1,19
2225416,120826,4,31663,1,0,0
2225416,120826,4,13176,2,0,0
2225416,120826,4,18394,3,0,0
2225416,120826,4,8382,4,0,0
2225416,120826,4,48857,5,0,0
2225416,120826,4,34786,6,0,0
2225416,120826,4,20132,7,0,0
2225416,120826,4,25890,8,1,1
2225416,120826,4,14233,9,0,1
2225416,120826,4,6669,10,0,1
2225416,120826,4,25305,11,0,1
2225416,120826,4,49488,12,1,2
3034547,121210,4,42443,1,1,1
3034547,121210,4,32655,2,1,2
3034547,121210,4,4920,3,1,3
3034547,121210,4,1376,4,1,4
3034547,121210,4,21137,5,1,5
3034547,121210,4,397,6,0,5
3034547,121210,4,37288,7,1,6
3034547,121210,4,33043,8,0,6
3034547,121210,4,24177,9,0,6
3034547,121210,4,3952,10,0,6
3034547,121210,4,27336,11,0,6
3034547,121210,4,9171,12,0,6
3034547,121210,4,26751,13,0,6
3034547,121210,4,9327,14,0,6
3034547,121210,4,18599,15,0,6
3034547,121210,4,16004,16,1,7
3034547,121210,4,27344,17,0,7
3034547,121210,4,28745,18,0,7
3034547,121210,4,46990,19,0,7
3034547,121210,4,18232,20,0,7
3034547,121210,4,26283,21,0,7
3034547,121210,4,47209,22,1,8
3034547,121210,4,24964,23,0,8
3034547,121210,4,13176,24,0,8
3034547,121210,4,38159,25,0,8
3034547,121210,4,25340,26,0,8
3034547,121210,4,45842,27,0,8
1550297,121346,24,5322,1,1,1
1550297,121346,24,45645,2,1,2
1550297,121346,24,13176,3,1,3
1550297,121346,24,4013,4,1,4
1550297,121346,24,25587,5,1,5
1550297,121346,24,28204,6,1,6
1550297,121346,24,48900,7,1,7
1550297,121346,24,35504,8,1,8
1550297,121346,24,36205,9,1,9
1550297,121346,24,27086,10,1,10
1550297,121346,24,38480,11,1,11
1550297,121346,24,25043,12,1,12
1550297,121346,24,5785,13,1,13
1550297,121346,24,24035,14,1,14
1550297,121346,24,8174,15,1,15
1550297,121346,24,1272,16,1,16
1550297,121346,24,27845,17,1,17
1550297,121346,24,6400,18,1,18
1550297,121346,24,21607,19,1,19
1550297,121346,24,42536,20,1,20
1550297,121346,24,21137,21,1,21
1550297,121346,24,39408,22,1,22
1550297,121346,24,11777,23,1,23
1550297,121346,24,10753,24,1,24
1550297,121346,24,17847,25,1,25
1550297,121346,24,20413,26,1,26
2619914,121575,35,28522,1,0,0
2619914,121575,35,8277,2,1,1
2619914,121575,35,10814,3,0,1
2619914,121575,35,43122,4,1,2
2619914,121575,35,44389,5,1,3
2619914,121575,35,18200,6,1,4
2619914,121575,35,20114,7,1,5
2619914,121575,35,26047,8,1,6
2619914,121575,35,14947,9,1,7
2619914,121575,35,4920,10,1,8
661374,121762,1,11520,1,0,0
661374,121762,1,20943,2,0,0
661374,121762,1,41665,3,0,0
661374,121762,1,22228,4,0,0
661374,121762,1,9322,5,0,0
661374,121762,1,28535,6,0,0
661374,121762,1,21267,7,0,0
661374,121762,1,27845,8,0,0
661374,121762,1,6631,9,0,0
661374,121762,1,3697,10,0,0
661374,121762,1,31040,11,0,0
661374,121762,1,27966,12,0,0
661374,121762,1,13176,13,0,0
661374,121762,1,47209,14,0,0
661374,121762,1,22935,15,0,0
661374,121762,1,43961,16,0,0
661374,121762,1,10246,17,0,0
661374,121762,1,26940,18,0,0
661374,121762,1,9755,19,0,0
661374,121762,1,41950,20,0,0
2758501,121855,27,35547,1,1,1
2758501,121855,27,25817,2,1,2
2758501,121855,27,43077,3,1,3
2758501,121855,27,33787,4,1,4
2758501,121855,27,35140,5,1,5
1411097,122921,26,7916,1,1,1
1411097,122921,26,9018,2,1,2
1411097,122921,26,27454,3,1,3
1411097,122921,26,42265,4,1,4
1411097,122921,26,38750,5,1,5
1411097,122921,26,8277,6,1,6
1411097,122921,26,39561,7,1,7
1411097,122921,26,47196,8,1,8
1411097,122921,26,41750,9,1,9
1411097,122921,26,20632,10,1,10
1411097,122921,26,13512,11,1,11
1411097,122921,26,45007,12,1,12
1411097,122921,26,39968,13,1,13
1411097,122921,26,18811,14,1,14
1411097,122921,26,37158,15,1,15
1411097,122921,26,40063,16,1,16
1411097,122921,26,37461,17,1,17
1411097,122921,26,3599,18,1,18
1411097,122921,26,3066,19,1,19
1411097,122921,26,25931,20,1,20
1411097,122921,26,26168,21,1,21
1411097,122921,26,46979,22,1,22
1411097,122921,26,35126,23,0,22
1411097,122921,26,3737,24,0,22
1411097,122921,26,41500,25,1,23
1411097,122921,26,42139,26,0,23
1411097,122921,26,42585,27,1,24
1411097,122921,26,22031,28,0,24
1411097,122921,26,42342,29,0,24
1411097,122921,26,45200,30,1,25
1411097,122921,26,9387,31,1,26
1411097,122921,26,5991,32,1,27
1411097,122921,26,26209,33,1,28
1411097,122921,26,27739,34,0,28
1411097,122921,26,44948,35,0,28
1411097,122921,26,24799,36,0,28
1411097,122921,26,31952,37,1,29
1411097,122921,26,35535,38,1,30
1411097,122921,26,27690,39,1,31
1411097,122921,26,16145,40,1,32
1411097,122921,26,45374,41,1,33
1411097,122921,26,48595,42,0,33
1411097,122921,26,46779,43,0,33
1411097,122921,26,33527,44,0,33
590363,122991,23,177,1,1,1
590363,122991,23,24561,2,1,2
590363,122991,23,47209,3,1,3
590363,122991,23,22935,4,1,4
590363,122991,23,45066,5,1,5
590363,122991,23,25705,6,1,6
590363,122991,23,14233,7,1,7
590363,122991,23,18828,8,1,8
590363,122991,23,1408,9,1,9
590363,122991,23,11408,10,1,10
590363,122991,23,2452,11,1,11
590363,122991,23,13851,12,1,12
590363,122991,23,16759,13,0,12
590363,122991,23,17461,14,1,13
590363,122991,23,46720,15,1,14
590363,122991,23,10749,16,1,15
590363,122991,23,20114,17,1,16
590363,122991,23,5994,18,1,17
590363,122991,23,10895,19,1,18
590363,122991,23,34969,20,1,19
590363,122991,23,8127,21,1,20
1393702,123160,14,21267,1,1,1
1393702,123160,14,17163,2,1,2
1393702,123160,14,32828,3,1,3
1393702,123160,14,35561,4,1,4
1393702,123160,14,14462,5,1,5
1393702,123160,14,44628,6,0,5
1393702,123160,14,19048,7,0,5
1393702,123160,14,38427,8,1,6
1393702,123160,14,47645,9,1,7
1393702,123160,14,18670,10,1,8
1393702,123160,14,39354,11,0,8
3359312,123160,42,31506,1,1,9
3359312,123160,42,21267,2,1,10
3359312,123160,42,27683,3,1,11
3359312,123160,42,2086,4,1,12
3359312,123160,42,32828,5,1,13
3359312,123160,42,19348,6,1,14
3359312,123160,42,5337,7,1,15
3359312,123160,42,35561,8,1,16
3359312,123160,42,38558,9,1,17
3359312,123160,42,9224,10,1,18
3359312,123160,42,18382,11,1,19
3359312,123160,42,43888,12,1,20
3359312,123160,42,49175,13,1,21
3359312,123160,42,47209,14,1,22
3359312,123160,42,6795,15,1,23
3359312,123160,42,37107,16,0,23
3359312,123160,42,26209,17,1,24
3359312,123160,42,32734,18,1,25
3359312,123160,42,32959,19,1,26
1286768,123301,2,35825,1,0,0
1286768,123301,2,27662,2,0,0
1286768,123301,2,12914,3,1,1
1286768,123301,2,31589,4,1,2
1286768,123301,2,2729,5,1,3
1286768,123301,2,27958,6,1,4
1286768,123301,2,5450,7,1,5
1286768,123301,2,5818,8,0,5
302743,123366,47,26369,1,1,1
302743,123366,47,24852,2,1,2
302743,123366,47,21938,3,1,3
302743,123366,47,7021,4,0,3
302743,123366,47,33741,5,0,3
302743,123366,47,22504,6,1,4
302743,123366,47,2855,7,1,5
1956426,123415,4,39719,1,0,0
1956426,123415,4,24852,2,1,1
1956426,123415,4,45066,3,1,2
1956426,123415,4,24221,4,1,3
1956426,123415,4,9387,5,0,3
3006390,123693,1,28199,1,0,0
3006390,123693,1,3952,2,0,0
3006390,123693,1,36695,3,0,0
3006390,123693,1,1244,4,0,0
3006390,123693,1,42507,5,0,0
3006390,123693,1,5456,6,0,0
3006390,123693,1,48058,7,0,0
3006390,123693,1,36869,8,0,0
3006390,123693,1,28457,9,0,0
1257351,123962,22,16797,1,1,1
1257351,123962,22,21288,2,1,2
1257351,123962,22,30450,3,0,2
1257351,123962,22,14161,4,1,3
170591,124102,2,36929,1,0,0
170591,124102,2,45679,2,0,0
170591,124102,2,27554,3,0,0
170591,124102,2,30135,4,0,0
170591,124102,2,890,5,0,0
170591,124102,2,9171,6,0,0
170591,124102,2,4960,7,0,0
170591,124102,2,45249,8,0,0
170591,124102,2,13431,9,0,0
170591,124102,2,44910,10,0,0
170591,124102,2,22035,11,1,1
170591,124102,2,32655,12,0,1
170591,124102,2,6104,13,0,1
170591,124102,2,1870,14,0,1
170591,124102,2,17149,15,0,1
170591,124102,2,44146,16,0,1
170591,124102,2,49235,17,1,2
170591,124102,2,24964,18,0,2
170591,124102,2,44632,19,0,2
391024,124400,12,25466,1,0,0
391024,124400,12,37374,2,1,1
391024,124400,12,32553,3,0,1
391024,124400,12,2797,4,1,2
391024,124400,12,9712,5,0,2
391024,124400,12,5623,6,0,2
391024,124400,12,45607,7,1,3
391024,124400,12,30068,8,0,3
391024,124400,12,12086,9,0,3
391024,124400,12,27696,10,1,4
1472618,124587,7,33237,1,1,1
1472618,124587,7,21243,2,0,1
1472618,124587,7,35070,3,1,2
1472618,124587,7,23645,4,1,3
1472618,124587,7,23232,5,1,4
1472618,124587,7,16464,6,1,5
1472618,124587,7,24852,7,1,6
1472618,124587,7,43026,8,1,7
1472618,124587,7,15925,9,0,7
1472618,124587,7,39386,10,0,7
1472618,124587,7,47990,11,0,7
1472618,124587,7,45961,12,1,8
1640639,124862,12,5876,1,1,1
1640639,124862,12,21334,2,0,1
1640639,124862,12,25890,3,0,1
1640639,124862,12,41273,4,0,1
1640639,124862,12,46979,5,1,2
1640639,124862,12,8518,6,1,3
1640639,124862,12,26604,7,0,3
1640639,124862,12,24082,8,0,3
1640639,124862,12,13176,9,1,4
1640639,124862,12,8277,10,0,4
1640639,124862,12,25705,11,1,5
1640639,124862,12,47209,12,1,6
1640639,124862,12,42265,13,1,7
1640639,124862,12,5258,14,1,8
1640639,124862,12,33352,15,1,9
1640639,124862,12,21903,16,1,10
1640639,124862,12,43295,17,0,10
1765304,124971,2,46886,1,0,0
1765304,124971,2,11512,2,0,0
1765304,124971,2,27966,3,0,0
1765304,124971,2,18110,4,0,0
1765304,124971,2,24561,5,0,0
1765304,124971,2,24221,6,0,0
1134866,125073,19,47209,1,1,1
1134866,125073,19,32578,2,1,2
1134866,125073,19,13176,3,1,3
1134866,125073,19,39928,4,1,4
1134866,125073,19,27966,5,1,5
1134866,125073,19,5479,6,1,6
1134866,125073,19,40396,7,1,7
1134866,125073,19,11520,8,1,8
2032403,125247,13,44008,1,0,0
2032403,125247,13,42469,2,1,1
2032403,125247,13,48017,3,0,1
2032403,125247,13,12703,4,0,1
2032403,125247,13,17131,5,1,2
2032403,125247,13,17706,6,1,3
2830613,125695,6,5612,1,1,1
2830613,125695,6,1131,2,0,1
2830613,125695,6,28204,3,0,1
2830613,125695,6,7948,4,0,1
2830613,125695,6,41658,5,1,2
2830613,125695,6,24372,6,0,2
2830613,125695,6,18382,7,0,2
222302,125909,10,21903,1,1,1
222302,125909,10,10998,2,0,1
222302,125909,10,23545,3,0,1
222302,125909,10,46049,4,0,1
222302,125909,10,17355,5,0,1
222302,125909,10,37019,6,0,1
222302,125909,10,18770,7,0,1
222302,125909,10,40604,8,1,2
222302,125909,10,23835,9,0,2
3212449,126594,45,196,1,1,1
1501718,126682,17,13709,1,0,0
1501718,126682,17,1476,2,0,0
1501718,126682,17,42342,3,1,1
1501718,126682,17,8324,4,0,1
2406469,126887,9,15902,1,1,1
2406469,126887,9,33401,2,1,2
2406469,126887,9,27695,3,1,3
2406469,126887,9,42828,4,1,4
2406469,126887,9,38293,5,1,5
1129548,126949,2,35547,1,1,1
1129548,126949,2,43858,2,0,1
1129548,126949,2,13279,3,1,2
1129548,126949,2,49683,4,1,3
1129548,126949,2,47766,5,0,3
1129548,126949,2,9598,6,1,4
1129548,126949,2,39619,7,1,5
1129548,126949,2,44514,8,0,5
1129548,126949,2,42768,9,0,5
3191470,126989,27,19691,1,1,1
3191470,126989,27,4724,2,1,2
3191470,126989,27,21385,3,1,3
3191470,126989,27,21903,4,1,4
3191470,126989,27,16283,5,1,5
3191470,126989,27,5769,6,1,6
3191470,126989,27,5068,7,1,7
3191470,126989,27,32079,8,1,8
3191470,126989,27,44683,9,1,9
3049866,127180,8,25020,1,1,1
3049866,127180,8,22504,2,0,1
3049866,127180,8,24838,3,0,1
3049866,127180,8,39928,4,1,2
3049866,127180,8,28199,5,0,2
3049866,127180,8,46906,6,0,2
3049866,127180,8,4920,7,0,2
516403,127578,4,20711,1,1,1
516403,127578,4,3473,2,1,2
516403,127578,4,42240,3,1,3
516403,127578,4,25718,4,0,3
516403,127578,4,47977,5,1,4
516403,127578,4,37033,6,0,4
3222693,127706,4,39928,1,1,1
3222693,127706,4,27845,2,1,2
3222693,127706,4,47766,3,1,3
3222693,127706,4,10895,4,1,4
3222693,127706,4,7781,5,1,5
3222693,127706,4,26209,6,1,6
3222693,127706,4,23848,7,1,7
3222693,127706,4,26298,8,0,7
3222693,127706,4,9124,9,0,7
3222693,127706,4,35167,10,0,7
3222693,127706,4,27544,11,0,7
3222693,127706,4,44703,12,0,7
3222693,127706,4,18881,13,0,7
3222693,127706,4,26157,14,0,7
3222693,127706,4,35510,15,0,7
3222693,127706,4,47788,16,0,7
2188148,127852,31,27731,1,0,0
2188148,127852,31,21936,2,1,1
2188148,127852,31,17746,3,0,1
2188148,127852,31,36291,4,0,1
2188148,127852,31,33357,5,1,2
2188148,127852,31,3990,6,1,3
2188148,127852,31,37119,7,1,4
2188148,127852,31,22040,8,0,4
2188148,127852,31,13176,9,1,5
2188148,127852,31,31865,10,0,5
2188148,127852,31,40348,11,1,6
2188148,127852,31,32784,12,1,7
1772732,128178,3,13176,1,1,1
1772732,128178,3,28156,2,1,2
1772732,128178,3,40709,3,1,3
1772732,128178,3,25466,4,1,4
764296,128402,5,18113,1,1,1
1935801,128476,1,43076,1,0,0
1935801,128476,1,36011,2,0,0
1935801,128476,1,25890,3,0,0
1935801,128476,1,26620,4,0,0
1935801,128476,1,651,5,0,0
1935801,128476,1,48974,6,0,0
1935801,128476,1,5266,7,0,0
1935801,128476,1,24810,8,0,0
1935801,128476,1,8296,9,0,0
1935801,128476,1,26201,10,0,0
1935801,128476,1,2435,11,0,0
1935801,128476,1,19174,12,0,0
1935801,128476,1,48395,13,0,0
1903052,128831,16,16589,1,1,1
1903052,128831,16,44632,2,1,2
1903052,128831,16,7924,3,0,2
2662158,128941,4,12384,1,1,1
2662158,128941,4,31635,2,1,2
2662158,128941,4,40723,3,1,3
2662158,128941,4,2732,4,1,4
2662158,128941,4,17948,5,1,5
2662158,128941,4,15146,6,1,6
2662158,128941,4,49026,7,1,7
2662158,128941,4,25371,8,1,8
2662158,128941,4,19627,9,1,9
2662158,128941,4,21903,10,1,10
2662158,128941,4,18670,11,1,11
2662158,128941,4,18171,12,1,12
2662158,128941,4,14852,13,1,13
2662158,128941,4,17964,14,1,14
2662158,128941,4,12312,15,0,14
2662158,128941,4,47626,16,0,14
2662158,128941,4,27402,17,0,14
2662158,128941,4,11481,18,0,14
2662158,128941,4,26723,19,0,14
2662158,128941,4,16479,20,0,14
2662158,128941,4,21783,21,0,14
2662158,128941,4,47167,22,1,15
2662158,128941,4,27596,23,0,15
2662158,128941,4,47209,24,0,15
2662158,128941,4,19240,25,0,15
1534924,129092,2,26209,1,1,1
1534924,129092,2,47766,2,0,1
1534924,129092,2,21616,3,1,2
1534924,129092,2,25890,4,0,2
1534924,129092,2,20114,5,0,2
1534924,129092,2,40706,6,0,2
1534924,129092,2,31717,7,0,2
1534924,129092,2,35221,8,0,2
1534924,129092,2,14947,9,0,2
1737166,129268,13,7391,1,1,1
1737166,129268,13,14947,2,1,2
1737166,129268,13,42193,3,1,3
1737166,129268,13,13176,4,1,4
1737166,129268,13,18272,5,1,5
1737166,129268,13,12011,6,0,5
5402,129309,6,5250,1,1,1
5402,129309,6,45045,2,1,2
5402,129309,6,41787,3,1,3
5402,129309,6,22035,4,1,4
5402,129309,6,44560,5,1,5
5402,129309,6,35221,6,1,6
5402,129309,6,36216,7,1,7
5402,129309,6,26790,8,1,8
5402,129309,6,42803,9,0,8
5402,129309,6,27156,10,1,9
5402,129309,6,13740,11,1,10
5402,129309,6,5194,12,1,11
5402,129309,6,45767,13,1,12
5402,129309,6,32293,14,0,12
5402,129309,6,32360,15,1,13
5402,129309,6,41665,16,1,14
5402,129309,6,12597,17,1,15
5402,129309,6,24841,18,1,16
5402,129309,6,13829,19,1,17
5402,129309,6,27544,20,0,17
5402,129309,6,43352,21,0,17
5402,129309,6,28862,22,0,17
5402,129309,6,8012,23,0,17
5402,129309,6,47900,24,0,17
1805081,129447,18,22175,1,1,1
1805081,129447,18,33943,2,1,2
1805081,129447,18,36790,3,0,2
1805081,129447,18,8590,4,0,2
1805081,129447,18,36618,5,0,2
1805081,129447,18,1006,6,0,2
1805081,129447,18,24852,7,1,3
1805081,129447,18,27237,8,1,4
1805081,129447,18,44142,9,1,5
1805081,129447,18,13920,10,0,5
1805081,129447,18,40177,11,1,6
1805081,129447,18,4778,12,1,7
1805081,129447,18,46025,13,0,7
1805081,129447,18,22952,14,0,7
1805081,129447,18,25952,15,1,8
1805081,129447,18,27356,16,1,9
1805081,129447,18,20682,17,1,10
1805081,129447,18,15290,18,0,10
1805081,129447,18,2295,19,0,10
1805081,129447,18,21938,20,0,10
1805081,129447,18,26262,21,0,10
2073940,129660,36,21591,1,1,1
2073940,129660,36,46785,2,1,2
2073940,129660,36,24852,3,1,3
2073940,129660,36,47884,4,1,4
2073940,129660,36,16595,5,0,4
1972973,129867,30,38775,1,0,0
1972973,129867,30,27554,2,1,1
1972973,129867,30,33508,3,0,1
1972973,129867,30,6478,4,0,1
1972973,129867,30,14365,5,0,1
1972973,129867,30,30807,6,0,1
1972973,129867,30,6337,7,0,1
1972973,129867,30,23623,8,1,2
1972973,129867,30,29830,9,1,3
1972973,129867,30,10180,10,1,4
1972973,129867,30,11869,11,1,5
1972973,129867,30,17341,12,0,5
1972973,129867,30,41787,13,0,5
1972973,129867,30,15913,14,0,5
1972973,129867,30,28599,15,0,5
1972973,129867,30,34247,16,0,5
1972973,129867,30,5241,17,0,5
945368,129878,2,45694,1,0,0
945368,129878,2,16349,2,1,1
945368,129878,2,20114,3,0,1
3206910,130136,85,7242,1,0,0
1388197,130359,31,27845,1,1,1
1388197,130359,31,11520,2,1,2
1388197,130359,31,21137,3,1,3
1388197,130359,31,44882,4,0,3
1388197,130359,31,37067,5,0,3
3087902,130630,7,13830,1,0,0
3087902,130630,7,275,2,0,0
3087902,130630,7,33452,3,1,1
3087902,130630,7,15130,4,0,1
3087902,130630,7,14318,5,0,1
3087902,130630,7,38179,6,0,1
565582,131296,12,40313,1,0,0
565582,131296,12,48118,2,0,0
565582,131296,12,27662,3,0,0
565582,131296,12,48645,4,1,1
565582,131296,12,581,5,0,1
565582,131296,12,44570,6,0,1
565582,131296,12,37991,7,0,1
2156162,131304,1,10255,1,0,0
2173912,131796,27,8193,1,1,1
2173912,131796,27,5818,2,1,2
2173912,131796,27,21872,3,1,3
2173912,131796,27,41540,4,1,4
2173912,131796,27,24852,5,1,5
2173912,131796,27,21903,6,1,6
2173912,131796,27,2962,7,1,7
2116531,131913,5,37193,1,0,0
2116531,131913,5,21497,2,1,1
2116531,131913,5,45364,3,1,2
2116531,131913,5,38772,4,0,2
2116531,131913,5,31371,5,0,2
2116531,131913,5,19478,6,0,2
2116531,131913,5,39619,7,0,2
2116531,131913,5,46906,8,0,2
2116531,131913,5,27086,9,0,2
1533080,131915,17,26209,1,1,1
1533080,131915,17,42701,2,1,2
1533080,131915,17,44359,3,1,3
1533080,131915,17,38456,4,1,4
1533080,131915,17,39408,5,0,4
1533080,131915,17,46667,6,1,5
1533080,131915,17,26842,7,1,6
1533080,131915,17,49683,8,1,7
1074229,132337,4,24852,1,1,1
1074229,132337,4,19204,2,1,2
1074229,132337,4,9076,3,0,2
1074229,132337,4,12341,4,1,3
1074229,132337,4,24489,5,0,3
1074229,132337,4,19348,6,0,3
1074229,132337,4,6361,7,0,3
1074229,132337,4,30967,8,0,3
1074229,132337,4,26346,9,0,3
1074229,132337,4,47759,10,0,3
2318047,132456,17,5876,1,1,1
2318047,132456,17,45007,2,1,2
2318047,132456,17,47209,3,1,3
2318047,132456,17,11140,4,1,4
2318047,132456,17,24184,5,1,5
2318047,132456,17,21938,6,1,6
2318047,132456,17,22935,7,1,7
2318047,132456,17,3952,8,1,8
2318047,132456,17,12206,9,1,9
2318047,132456,17,35504,10,1,10
2318047,132456,17,30776,11,1,11
2318047,132456,17,5258,12,1,12
1673881,132597,13,39242,1,1,1
1673881,132597,13,49247,2,1,2
1673881,132597,13,3957,3,1,3
1673881,132597,13,42091,4,1,4
1673881,132597,13,40706,5,1,5
1420026,132860,32,31422,1,1,1
2576532,133609,9,432,1,1,1
2576532,133609,9,24852,2,1,2
2576532,133609,9,14403,3,1,3
2576532,133609,9,20561,4,1,4
2576532,133609,9,30511,5,1,5
2576532,133609,9,34862,6,1,6
2576532,133609,9,49520,7,1,7
2576532,133609,9,15386,8,1,8
2576532,133609,9,19370,9,1,9
2576532,133609,9,21351,10,1,10
2576532,133609,9,10054,11,1,11
2576532,133609,9,22598,12,1,12
846252,133623,3,20597,1,0,0
679385,133767,8,28985,1,1,1
679385,133767,8,1999,2,1,2
3137744,133931,5,11520,1,0,0
3137744,133931,5,3952,2,1,1
3137744,133931,5,36036,3,0,1
3137744,133931,5,36011,4,0,1
3137744,133931,5,13176,5,0,1
3137744,133931,5,21137,6,1,2
3137744,133931,5,41588,7,0,2
1902528,134135,4,19443,1,1,1
1902528,134135,4,15700,2,1,2
1902528,134135,4,29660,3,0,2
1902528,134135,4,13605,4,0,2
1902528,134135,4,43038,5,1,3
1902528,134135,4,49005,6,0,3
1902528,134135,4,7781,7,0,3
1902528,134135,4,1005,8,0,3
1902528,134135,4,35749,9,0,3
1902528,134135,4,17601,10,0,3
1902528,134135,4,19451,11,0,3
1902528,134135,4,6089,12,0,3
1902528,134135,4,34582,13,0,3
1902528,134135,4,47977,14,0,3
1902528,134135,4,6448,15,0,3
1902528,134135,4,32090,16,0,3
1902528,134135,4,8695,17,1,4
1902528,134135,4,26348,18,0,4
1902528,134135,4,11611,19,0,4
1902528,134135,4,4447,20,0,4
1902528,134135,4,41787,21,0,4
1902528,134135,4,49054,22,1,5
1902528,134135,4,45723,23,1,6
1902528,134135,4,25843,24,0,6
1902528,134135,4,21290,25,0,6
1902528,134135,4,17352,26,1,7
3171557,134200,2,42460,1,1,1
3171557,134200,2,17600,2,1,2
3171557,134200,2,9547,3,1,3
3171557,134200,2,21333,4,0,3
3171557,134200,2,15386,5,0,3
3171557,134200,2,5744,6,0,3
3171557,134200,2,13176,7,0,3
3171557,134200,2,27429,8,0,3
3171557,134200,2,17008,9,0,3
3171557,134200,2,20955,10,0,3
3171557,134200,2,17304,11,0,3
3171557,134200,2,38936,12,0,3
3171557,134200,2,44971,13,0,3
3171557,134200,2,8799,14,0,3
3171557,134200,2,13733,15,0,3
3171557,134200,2,37113,16,0,3
823844,134286,10,1511,1,1,1
823844,134286,10,40604,2,1,2
823844,134286,10,34128,3,1,3
823844,134286,10,2091,4,1,4
823844,134286,10,44632,5,1,5
823844,134286,10,27977,6,1,6
823844,134286,10,27881,7,0,6
823844,134286,10,35221,8,0,6
823844,134286,10,34281,9,0,6
823844,134286,10,47621,10,1,7
3103978,134329,47,17766,1,1,1
3103978,134329,47,8193,2,1,2
3103978,134329,47,10132,3,0,2
3103978,134329,47,3599,4,1,3
3103978,134329,47,7021,5,0,3
3103978,134329,47,4605,6,1,4
3103978,134329,47,45870,7,1,5
3103978,134329,47,42768,8,1,6
3103978,134329,47,10621,9,0,6
3103978,134329,47,34466,10,1,7
3103978,134329,47,34129,11,0,7
3103978,134329,47,45104,12,1,8
3103978,134329,47,4210,13,1,9
3103978,134329,47,16145,14,1,10
3103978,134329,47,42585,15,1,11
3103978,134329,47,17872,16,0,11
3103978,134329,47,32864,17,1,12
503029,134407,18,44008,1,1,1
503029,134407,18,19446,2,1,2
503029,134407,18,13176,3,1,3
503029,134407,18,39275,4,1,4
2978941,134516,12,22123,1,1,1
2978941,134516,12,48779,2,0,1
2978941,134516,12,15998,3,0,1
2978941,134516,12,5845,4,1,2
2978941,134516,12,43749,5,0,2
2978941,134516,12,38218,6,1,3
1827909,134730,67,7521,1,1,1
1827909,134730,67,24852,2,1,2
1827909,134730,67,24024,3,1,3
1827909,134730,67,5077,4,1,4
1446279,135227,49,35221,1,1,1
1446279,135227,49,49191,2,1,2
1446279,135227,49,49235,3,1,3
1446279,135227,49,34079,4,1,4
1446279,135227,49,48717,5,1,5
1446279,135227,49,28092,6,1,6
1446279,135227,49,33552,7,1,7
1446279,135227,49,34247,8,1,8
1446279,135227,49,47428,9,1,9
1446279,135227,49,14783,10,1,10
1446279,135227,49,17183,11,0,10
1446279,135227,49,40198,12,0,10
1446279,135227,49,7781,13,1,11
1446279,135227,49,32284,14,1,12
1446279,135227,49,3919,15,1,13
1446279,135227,49,3696,16,1,14
2082355,135237,32,21137,1,1,1
2082355,135237,32,13176,2,1,2
2082355,135237,32,6873,3,1,3
2082355,135237,32,17794,4,1,4
2082355,135237,32,3952,5,1,5
2082355,135237,32,49683,6,0,5
2082355,135237,32,10246,7,1,6
2082355,135237,32,46906,8,1,7
2082355,135237,32,32293,9,1,8
2082355,135237,32,28204,10,1,9
2082355,135237,32,39877,11,1,10
2082355,135237,32,9598,12,1,11
2082355,135237,32,28199,13,0,11
2082355,135237,32,28928,14,0,11
2082355,135237,32,33043,15,1,12
2082355,135237,32,45671,16,0,12
2082355,135237,32,39430,17,1,13
2082355,135237,32,7622,18,0,13
2082355,135237,32,35383,19,1,14
2082355,135237,32,37876,20,0,14
2082355,135237,32,22035,21,1,15
2082355,135237,32,5794,22,1,16
2082355,135237,32,27522,23,1,17
2082355,135237,32,6975,24,1,18
2082355,135237,32,27423,25,0,18
2082355,135237,32,43154,26,1,19
2082355,135237,32,3330,27,0,19
2082355,135237,32,30967,28,1,20
2082355,135237,32,10761,29,1,21
2082355,135237,32,17579,30,1,22
2082355,135237,32,29544,31,1,23
2082355,135237,32,48073,32,0,23
3100296,135450,5,8025,1,0,0
3100296,135450,5,45819,2,0,0
3100296,135450,5,2295,3,1,1
3100296,135450,5,46692,4,0,1
3100296,135450,5,25824,5,0,1
3100296,135450,5,8555,6,0,1
3100296,135450,5,31040,7,0,1
3100296,135450,5,23594,8,0,1
3100296,135450,5,30489,9,0,1
3100296,135450,5,17429,10,0,1
3100296,135450,5,21019,11,0,1
3100296,135450,5,24654,12,0,1
3100296,135450,5,31562,13,0,1
3100296,135450,5,34969,14,0,1
3100296,135450,5,24759,15,0,1
3100296,135450,5,26209,16,1,2
976527,135561,17,10070,1,1,1
976527,135561,17,7515,2,0,1
976527,135561,17,42479,3,0,1
976527,135561,17,22686,4,0,1
976527,135561,17,21903,5,1,2
976527,135561,17,24838,6,1,3
976527,135561,17,22428,7,0,3
976527,135561,17,27104,8,1,4
976527,135561,17,3952,9,0,4
976527,135561,17,43961,10,1,5
976527,135561,17,16759,11,0,5
976527,135561,17,21137,12,1,6
976527,135561,17,36438,13,1,7
976527,135561,17,19057,14,1,8
976527,135561,17,22825,15,0,8
976527,135561,17,37067,16,0,8
1818666,136099,1,48628,1,0,0
1818666,136099,1,49224,2,0,0
1818666,136099,1,6297,3,0,0
1818666,136099,1,32740,4,0,0
1818666,136099,1,3283,5,0,0
1818666,136099,1,21137,6,0,0
1818666,136099,1,40146,7,0,0
1818666,136099,1,48679,8,0,0
1818666,136099,1,15803,9,0,0
1818666,136099,1,43122,10,0,0
1818666,136099,1,18765,11,0,0
1818666,136099,1,9217,12,0,0
1818666,136099,1,40960,13,0,0
1818666,136099,1,37971,14,0,0
1818666,136099,1,12039,15,0,0
1854375,136122,5,29345,1,0,0
1854375,136122,5,39475,2,1,1
1854375,136122,5,33493,3,0,1
1854375,136122,5,11347,4,0,1
1854375,136122,5,35948,5,0,1
1854375,136122,5,33636,6,0,1
1854375,136122,5,24852,7,1,2
1854375,136122,5,46113,8,0,2
1854375,136122,5,20105,9,0,2
1854375,136122,5,24203,10,0,2
1854375,136122,5,18516,11,1,3
1854375,136122,5,36322,12,0,3
1157958,136152,38,21461,1,1,1
1157958,136152,38,48007,2,1,2
1157958,136152,38,21616,3,1,3
1157958,136152,38,47209,4,1,4
1187860,136418,2,34964,1,1,1
328187,136485,10,48600,1,0,0
328187,136485,10,41063,2,0,0
328187,136485,10,4130,3,0,0
328187,136485,10,13176,4,1,1
328187,136485,10,36127,5,1,2
328187,136485,10,21137,6,1,3
328187,136485,10,27966,7,1,4
328187,136485,10,42561,8,1,5
328187,136485,10,36342,9,1,6
328187,136485,10,14084,10,1,7
328187,136485,10,46906,11,1,8
328187,136485,10,33000,12,0,8
328187,136485,10,24704,13,1,9
328187,136485,10,17630,14,1,10
328187,136485,10,15567,15,1,11
328187,136485,10,47209,16,0,11
328187,136485,10,8467,17,0,11
328187,136485,10,7205,18,0,11
328187,136485,10,41458,19,0,11
328187,136485,10,35815,20,0,11
328187,136485,10,4357,21,0,11
328187,136485,10,35140,22,0,11
2111255,136787,2,24852,1,0,0
2111255,136787,2,21137,2,0,0
2111255,136787,2,38200,3,0,0
2111255,136787,2,38159,4,0,0
2111255,136787,2,34565,5,0,0
2111255,136787,2,15650,6,0,0
536731,137019,2,42240,1,0,0
536731,137019,2,27629,2,0,0
536731,137019,2,31215,3,0,0
536731,137019,2,39275,4,0,0
536731,137019,2,4081,5,0,0
536731,137019,2,10722,6,0,0
536731,137019,2,27966,7,0,0
536731,137019,2,30183,8,0,0
536731,137019,2,25985,9,0,0
536731,137019,2,29091,10,0,0
536731,137019,2,10343,11,0,0
536731,137019,2,19174,12,0,0
536731,137019,2,28571,13,0,0
362846,137262,20,34497,1,0,0
362846,137262,20,41540,2,0,0
362846,137262,20,33768,3,1,1
362846,137262,20,40879,4,1,2
518700,137909,33,47402,1,1,1
518700,137909,33,33783,2,1,2
518700,137909,33,46562,3,1,3
518700,137909,33,37710,4,1,4
494332,138384,4,28204,1,1,1
494332,138384,4,2295,2,1,2
494332,138384,4,15290,3,1,3
494332,138384,4,21288,4,1,4
494332,138384,4,42265,5,1,5
494332,138384,4,42585,6,1,6
494332,138384,4,28849,7,1,7
494332,138384,4,49175,8,1,8
494332,138384,4,47766,9,0,8
494332,138384,4,41463,10,0,8
494332,138384,4,7021,11,0,8
494332,138384,4,17878,12,0,8
494332,138384,4,48204,13,0,8
3356167,138425,9,24184,1,1,1
3356167,138425,9,47977,2,1,2
3356167,138425,9,38689,3,1,3
16202,138483,39,2966,1,1,1
16202,138483,39,43122,2,1,2
16202,138483,39,46676,3,1,3
16202,138483,39,31553,4,1,4
16202,138483,39,47766,5,1,5
16202,138483,39,38662,6,1,6
16202,138483,39,18465,7,1,7
16202,138483,39,8277,8,1,8
16202,138483,39,49683,9,1,9
16202,138483,39,1194,10,1,10
16202,138483,39,21288,11,0,10
16202,138483,39,40821,12,1,11
1762202,138506,26,40898,1,0,0
1762202,138506,26,28682,2,0,0
1762202,138506,26,17568,3,0,0
1762202,138506,26,10814,4,0,0
1762202,138506,26,48679,5,1,1
1762202,138506,26,39475,6,1,2
1762202,138506,26,22367,7,1,3
1762202,138506,26,45681,8,1,4
1762202,138506,26,47626,9,1,5
1762202,138506,26,8424,10,1,6
1762202,138506,26,49191,11,0,6
1762202,138506,26,30353,12,0,6
1762202,138506,26,44632,13,1,7
1762202,138506,26,2462,14,1,8
1762202,138506,26,15937,15,1,9
1762202,138506,26,43352,16,1,10
1762202,138506,26,37825,17,1,11
1762202,138506,26,40229,18,0,11
2220246,138763,4,21903,1,1,1
2220246,138763,4,35217,2,0,1
2220246,138763,4,23537,3,0,1
2220246,138763,4,33572,4,1,2
2220246,138763,4,43961,5,0,2
2220246,138763,4,30720,6,0,2
2220246,138763,4,42585,7,1,3
2220246,138763,4,31095,8,0,3
2220246,138763,4,26209,9,0,3
2220246,138763,4,22312,10,0,3
2220246,138763,4,31523,11,0,3
2220246,138763,4,4487,12,0,3
2220246,138763,4,24320,13,0,3
2220246,138763,4,38293,14,0,3
2220246,138763,4,30957,15,0,3
2220246,138763,4,47209,16,1,4
2220246,138763,4,27323,17,0,4
2220246,138763,4,11520,18,0,4
2220246,138763,4,13176,19,1,5
626848,139304,33,42460,1,1,1
626848,139304,33,40852,2,1,2
626848,139304,33,2295,3,1,3
626848,139304,33,26369,4,1,4
626848,139304,33,13176,5,1,5
626848,139304,33,18234,6,1,6
626848,139304,33,20600,7,1,7
626848,139304,33,27316,8,1,8
626848,139304,33,43352,9,1,9
626848,139304,33,9839,10,0,9
626848,139304,33,47766,11,1,10
2270694,139366,10,43295,1,1,1
2270694,139366,10,2135,2,1,2
2270694,139366,10,14952,3,0,2
2270694,139366,10,37766,4,1,3
2270694,139366,10,12743,5,1,4
2270694,139366,10,33351,6,1,5
2270694,139366,10,4605,7,1,6
2270694,139366,10,38400,8,1,7
2270694,139366,10,11233,9,1,8
2270694,139366,10,40619,10,1,9
2998996,139439,1,16696,1,0,0
2998996,139439,1,6592,2,0,0
2998996,139439,1,36431,3,0,0
2998996,139439,1,18534,4,0,0
2998996,139439,1,4605,5,0,0
2998996,139439,1,44142,6,0,0
2998996,139439,1,48871,7,0,0
2998996,139439,1,33065,8,0,0
2998996,139439,1,3689,9,0,0
2998996,139439,1,38154,10,0,0
2998996,139439,1,49139,11,0,0
2998996,139439,1,16768,12,0,0
2998996,139439,1,12894,13,0,0
2998996,139439,1,24852,14,0,0
2998996,139439,1,25554,15,0,0
2998996,139439,1,16882,16,0,0
2998996,139439,1,29307,17,0,0
2998996,139439,1,38996,18,0,0
2998996,139439,1,45190,19,0,0
2998996,139439,1,44632,20,0,0
2998996,139439,1,3990,21,0,0
3270807,139455,5,26604,1,1,1
3270807,139455,5,21616,2,1,2
3270807,139455,5,13984,3,0,2
3270807,139455,5,4920,4,1,3
3270807,139455,5,22935,5,0,3
3270807,139455,5,7580,6,0,3
3270807,139455,5,16525,7,0,3
3270807,139455,5,5373,8,0,3
3270807,139455,5,40604,9,1,4
3270807,139455,5,30489,10,1,5
3270807,139455,5,30290,11,0,5
3270807,139455,5,2966,12,0,5
3270807,139455,5,6187,13,0,5
3270807,139455,5,10753,14,1,6
3270807,139455,5,17872,15,1,7
3270807,139455,5,38293,16,0,7
2732878,139496,34,13176,1,1,1
2732878,139496,34,14084,2,1,2
2732878,139496,34,20842,3,1,3
2732878,139496,34,13646,4,0,3
3231889,140017,4,13176,1,1,1
3231889,140017,4,30192,2,1,2
3231889,140017,4,5491,3,1,3
3231889,140017,4,31504,4,1,4
3231889,140017,4,47209,5,1,5
3231889,140017,4,2452,6,1,6
3231889,140017,4,19057,7,1,7
3231889,140017,4,34134,8,1,8
3231889,140017,4,18918,9,0,8
3231889,140017,4,22935,10,0,8
3231889,140017,4,47492,11,0,8
3231889,140017,4,744,12,0,8
3231889,140017,4,49044,13,0,8
977817,140109,17,15392,1,0,0
977817,140109,17,39799,2,0,0
977817,140109,17,3142,3,1,1
977817,140109,17,21057,4,0,1
977817,140109,17,43122,5,1,2
977817,140109,17,5025,6,0,2
977817,140109,17,6474,7,1,3
2807030,140250,6,21137,1,1,1
2807030,140250,6,46069,2,1,2
2807030,140250,6,329,3,1,3
2807030,140250,6,30489,4,1,4
2807030,140250,6,28289,5,1,5
2807030,140250,6,33768,6,0,5
2807030,140250,6,43122,7,0,5
2807030,140250,6,7350,8,0,5
2807030,140250,6,30391,9,0,5
2307694,140432,43,45504,1,1,1
2307694,140432,43,27247,2,1,2
2307694,140432,43,22825,3,1,3
2307694,140432,43,13176,4,1,4
2307694,140432,43,18176,5,1,5
2307694,140432,43,28358,6,1,6
2307694,140432,43,31315,7,1,7
194063,140969,42,49683,1,1,1
194063,140969,42,37053,2,0,1
194063,140969,42,23400,3,0,1
194063,140969,42,14197,4,1,2
194063,140969,42,34126,5,0,2
1354983,141362,4,36695,1,1,1
1354983,141362,4,38255,2,0,1
1354983,141362,4,23543,3,0,1
1354983,141362,4,7948,4,0,1
1354983,141362,4,2480,5,0,1
2222236,141398,12,29372,1,0,0
1835005,141483,18,42356,1,1,1
1835005,141483,18,19660,2,1,2
1835005,141483,18,5077,3,1,3
1835005,141483,18,38944,4,1,4
1835005,141483,18,27299,5,1,5
1835005,141483,18,21903,6,1,6
1835005,141483,18,20178,7,1,7
1835005,141483,18,48220,8,1,8
1835005,141483,18,2326,9,1,9
1835005,141483,18,37646,10,1,10
1835005,141483,18,25753,11,1,11
1835005,141483,18,39279,12,1,12
1835005,141483,18,35951,13,1,13
1835005,141483,18,46069,14,1,14
1835005,141483,18,12845,15,1,15
1835005,141483,18,48595,16,1,16
1835005,141483,18,42768,17,1,17
1835005,141483,18,2825,18,0,17
1835005,141483,18,25659,19,0,17
1835005,141483,18,12246,20,0,17
1835005,141483,18,34590,21,0,17
1835005,141483,18,43920,22,0,17
1835005,141483,18,7500,23,0,17
1835005,141483,18,45664,24,0,17
1835005,141483,18,24489,25,0,17
1835005,141483,18,24852,26,0,17
153467,141773,3,6104,1,1,1
153467,141773,3,27845,2,1,2
153467,141773,3,28849,3,1,3
153467,141773,3,21903,4,1,4
153467,141773,3,23236,5,1,5
153467,141773,3,32486,6,1,6
153467,141773,3,42265,7,1,7
153467,141773,3,34034,8,1,8
153467,141773,3,44580,9,1,9
153467,141773,3,18027,10,0,9
153467,141773,3,32347,11,0,9
153467,141773,3,42617,12,0,9
153467,141773,3,16145,13,0,9
153467,141773,3,25890,14,0,9
2855440,141815,7,25890,1,0,0
2855440,141815,7,10017,2,0,0
1088072,142281,9,38490,1,1,1
1088072,142281,9,12069,2,1,2
1088072,142281,9,42102,3,1,3
1088072,142281,9,36342,4,0,3
2944777,142348,7,31564,1,1,1
2944777,142348,7,44234,2,1,2
2944777,142348,7,40203,3,1,3
580816,142432,20,27985,1,1,1
580816,142432,20,36107,2,1,2
580816,142432,20,10133,3,1,3
580816,142432,20,15489,4,1,4
580816,142432,20,32650,5,1,5
580816,142432,20,16254,6,1,6
580816,142432,20,10673,7,1,7
580816,142432,20,38672,8,1,8
580816,142432,20,23892,9,1,9
580816,142432,20,33439,10,1,10
580816,142432,20,37479,11,1,11
580816,142432,20,47865,12,0,11
2630691,143118,44,2547,1,0,0
2630691,143118,44,23672,2,0,0
2630691,143118,44,49072,3,0,0
2630691,143118,44,25407,4,0,0
2630691,143118,44,6833,5,1,1
3302561,143155,14,24852,1,1,1
2262479,143177,69,8859,1,1,1
2262479,143177,69,45948,2,1,2
2262479,143177,69,34121,3,1,3
2262479,143177,69,43643,4,1,4
2262479,143177,69,43295,5,1,5
2262479,143177,69,32655,6,0,5
2262479,143177,69,7175,7,1,6
2262479,143177,69,18670,8,1,7
859425,143240,21,34427,1,0,0
859425,143240,21,48679,2,1,1
859425,143240,21,8518,3,0,1
859425,143240,21,34358,4,1,2
859425,143240,21,22935,5,1,3
859425,143240,21,29487,6,0,3
859425,143240,21,22384,7,0,3
859425,143240,21,18479,8,1,4
859425,143240,21,42075,9,0,4
1805109,143621,21,3382,1,1,1
1805109,143621,21,7781,2,1,2
1805109,143621,21,4792,3,1,3
1805109,143621,21,41890,4,1,4
1805109,143621,21,34969,5,1,5
1805109,143621,21,4799,6,1,6
1805109,143621,21,24852,7,1,7
1805109,143621,21,23044,8,1,8
1805109,143621,21,9808,9,1,9
1805109,143621,21,4659,10,1,10
1805109,143621,21,44765,11,1,11
1805109,143621,21,18370,12,1,12
1805109,143621,21,5649,13,1,13
1805109,143621,21,7021,14,1,14
1805109,143621,21,15290,15,1,15
1805109,143621,21,18465,16,1,16
1805109,143621,21,47209,17,1,17
1805109,143621,21,39475,18,1,18
2788977,143642,2,47144,1,1,1
2788977,143642,2,25804,2,1,2
2788977,143642,2,49235,3,1,3
2788977,143642,2,49517,4,1,4
2788977,143642,2,17316,5,1,5
2788977,143642,2,4942,6,1,6
2788977,143642,2,19106,7,1,7
2788977,143642,2,30557,8,1,8
2788977,143642,2,27925,9,1,9
2788977,143642,2,45066,10,1,10
228411,143986,49,34128,1,1,1
228411,143986,49,26209,2,1,2
228411,143986,49,49683,3,1,3
228411,143986,49,46676,4,1,4
228411,143986,49,1402,5,1,5
228411,143986,49,3712,6,1,6
228411,143986,49,44292,7,1,7
228411,143986,49,17902,8,1,8
228411,143986,49,17794,9,1,9
228411,143986,49,26165,10,1,10
228411,143986,49,21872,11,1,11
228411,143986,49,24184,12,1,12
228411,143986,49,39922,13,1,13
228411,143986,49,1158,14,1,14
228411,143986,49,8580,15,1,15
228411,143986,49,41329,16,1,16
228411,143986,49,26604,17,1,17
228411,143986,49,45007,18,1,18
228411,143986,49,24852,19,1,19
228411,143986,49,38456,20,1,20
3042830,144241,7,4020,1,1,1
3042830,144241,7,6087,2,1,2
3042830,144241,7,33279,3,1,3
3236899,144399,3,45535,1,0,0
3236899,144399,3,34358,2,1,1
3236899,144399,3,26209,3,0,1
3236899,144399,3,4605,4,0,1
3236899,144399,3,1377,5,1,2
3236899,144399,3,5537,6,1,3
1207904,144766,1,42110,1,0,0
2886174,144805,24,29418,1,1,1
2886174,144805,24,21543,2,1,2
2886174,144805,24,21903,3,1,3
2886174,144805,24,14309,4,0,3
2886174,144805,24,48775,5,0,3
2886174,144805,24,47626,6,1,4
2886174,144805,24,17468,7,0,4
2886174,144805,24,21303,8,0,4
2886174,144805,24,7916,9,0,4
2886174,144805,24,47209,10,1,5
2886174,144805,24,21405,11,0,5
403179,144825,7,35284,1,0,0
403179,144825,7,38200,2,1,1
403179,144825,7,47611,3,1,2
403179,144825,7,36310,4,1,3
403179,144825,7,449,5,1,4
403179,144825,7,4137,6,0,4
403179,144825,7,24797,7,1,5
403179,144825,7,14140,8,1,6
403179,144825,7,27102,9,1,7
403179,144825,7,6631,10,1,8
403179,144825,7,21179,11,1,9
403179,144825,7,22017,12,1,10
403179,144825,7,45440,13,1,11
403179,144825,7,23041,14,1,12
403179,144825,7,15716,15,0,12
403179,144825,7,22699,16,0,12
403179,144825,7,17634,17,0,12
403179,144825,7,47766,18,0,12
403179,144825,7,1393,19,0,12
403179,144825,7,9152,20,1,13
403179,144825,7,33438,21,0,13
403179,144825,7,33129,22,0,13
134758,144956,36,22963,1,1,1
134758,144956,36,27454,2,1,2
134758,144956,36,21137,3,1,3
2689537,145173,7,49605,1,1,1
2689537,145173,7,28931,2,1,2
2689537,145173,7,9076,3,1,3
2689537,145173,7,41844,4,1,4
2689537,145173,7,4137,5,1,5
2689537,145173,7,25804,6,1,6
2689537,145173,7,16185,7,1,7
2689537,145173,7,30958,8,1,8
2689537,145173,7,11461,9,1,9
2689537,145173,7,14633,10,0,9
2689537,145173,7,23909,11,1,10
2689537,145173,7,16797,12,1,11
2689537,145173,7,44475,13,1,12
2689537,145173,7,21296,14,1,13
2689537,145173,7,12341,15,1,14
2689537,145173,7,24852,16,1,15
2689537,145173,7,28204,17,1,16
2689537,145173,7,6647,18,0,16
2689537,145173,7,16953,19,1,17
2689537,145173,7,40459,20,1,18
2689537,145173,7,19910,21,0,18
2689537,145173,7,30230,22,0,18
559469,145483,11,47244,1,1,1
559469,145483,11,49520,2,1,2
559469,145483,11,33351,3,1,3
559469,145483,11,36170,4,1,4
559469,145483,11,3389,5,1,5
639604,145549,19,47766,1,1,1
639604,145549,19,45066,2,1,2
639604,145549,19,35108,3,0,2
639604,145549,19,27845,4,1,3
639604,145549,19,17872,5,1,4
639604,145549,19,33845,6,1,5
639604,145549,19,39561,7,0,5
639604,145549,19,27156,8,0,5
639604,145549,19,16797,9,1,6
1671050,145918,26,21067,1,1,1
1671050,145918,26,37849,2,1,2
1671050,145918,26,45588,3,1,3
1671050,145918,26,9252,4,1,4
1671050,145918,26,34222,5,0,4
126582,146006,3,890,1,0,0
126582,146006,3,34358,2,0,0
126582,146006,3,21903,3,0,0
126582,146006,3,13176,4,1,1
126582,146006,3,39530,5,0,1
126582,146006,3,36793,6,0,1
126582,146006,3,13554,7,1,2
126582,146006,3,14633,8,1,3
2624533,146123,1,19154,1,0,0
2624533,146123,1,30450,2,0,0
2624533,146123,1,34590,3,0,0
2624533,146123,1,24852,4,0,0
2624533,146123,1,36164,5,0,0
2624533,146123,1,31292,6,0,0
2624533,146123,1,40545,7,0,0
2624533,146123,1,14050,8,0,0
2624533,146123,1,26629,9,0,0
2624533,146123,1,35708,10,0,0
2624533,146123,1,10749,11,0,0
2624533,146123,1,8006,12,0,0
2624533,146123,1,41463,13,0,0
2624533,146123,1,22883,14,0,0
2624533,146123,1,29487,15,0,0
2008861,146381,20,5785,1,1,1
2008861,146381,20,7781,2,1,2
2008861,146381,20,40469,3,1,3
2008861,146381,20,49235,4,1,4
2008861,146381,20,19155,5,1,5
2008861,146381,20,18523,6,1,6
2008861,146381,20,21009,7,1,7
2008861,146381,20,24561,8,1,8
2008861,146381,20,41658,9,1,9
2008861,146381,20,21203,10,1,10
2008861,146381,20,48679,11,1,11
2008861,146381,20,16262,12,1,12
2008861,146381,20,38159,13,1,13
2008861,146381,20,2164,14,0,13
2008861,146381,20,33572,15,1,14
2008861,146381,20,260,16,1,15
2008861,146381,20,10125,17,1,16
2008861,146381,20,33527,18,1,17
2008861,146381,20,43122,19,1,18
2008861,146381,20,39794,20,1,19
2008861,146381,20,9224,21,1,20
2008861,146381,20,38544,22,1,21
2008861,146381,20,3599,23,1,22
2008861,146381,20,34448,24,0,22
2008861,146381,20,33043,25,0,22
2008861,146381,20,32895,26,0,22
1396468,146484,6,20520,1,0,0
1396468,146484,6,330,2,0,0
1396468,146484,6,32433,3,0,0
701474,147436,4,47599,1,0,0
701474,147436,4,13641,2,1,1
701474,147436,4,37940,3,1,2
701474,147436,4,35440,4,0,2
701474,147436,4,10673,5,1,3
701474,147436,4,47962,6,1,4
1488067,147474,27,9387,1,1,1
1488067,147474,27,28204,2,1,2
1488067,147474,27,39275,3,1,3
1488067,147474,27,18523,4,1,4
1488067,147474,27,6184,5,1,5
1488067,147474,27,38467,6,1,6
1488067,147474,27,32177,7,1,7
1488067,147474,27,27772,8,1,8
1488067,147474,27,27582,9,1,9
1488067,147474,27,20638,10,0,9
1488067,147474,27,17316,11,1,10
1488067,147474,27,36724,12,0,10
1488067,147474,27,24253,13,1,11
1488067,147474,27,47941,14,1,12
2658911,147629,4,22959,1,0,0
2284814,147834,57,28465,1,1,1
2284814,147834,57,36865,2,1,2
2284814,147834,57,13176,3,1,3
2284814,147834,57,47766,4,1,4
2284814,147834,57,33891,5,1,5
2284814,147834,57,29370,6,1,6
2284814,147834,57,46206,7,0,6
2284814,147834,57,16797,8,1,7
2284814,147834,57,26047,9,1,8
95801,148241,6,43352,1,1,1
2971522,148567,8,41171,1,0,0
2971522,148567,8,29153,2,1,1
2971522,148567,8,2974,3,0,1
2971522,148567,8,44867,4,1,2
2971522,148567,8,9409,5,0,2
1688837,149113,12,25872,1,1,1
1688837,149113,12,42972,2,0,1
192997,149218,17,325,1,1,1
192997,149218,17,5653,2,1,2
192997,149218,17,36118,3,1,3
192997,149218,17,12140,4,1,4
192997,149218,17,16234,5,1,5
192997,149218,17,12011,6,1,6
192997,149218,17,14726,7,1,7
192997,149218,17,17744,8,1,8
192997,149218,17,22275,9,0,8
192997,149218,17,15872,10,0,8
192997,149218,17,19057,11,0,8
192997,149218,17,36085,12,0,8
645036,149297,9,15945,1,1,1
645036,149297,9,44085,2,1,2
645036,149297,9,14519,3,0,2
645036,149297,9,32605,4,0,2
645036,149297,9,15664,5,1,3
645036,149297,9,4471,6,0,3
645036,149297,9,15290,7,1,4
645036,149297,9,34615,8,0,4
645036,149297,9,41273,9,1,5
645036,149297,9,12679,10,0,5
645036,149297,9,1503,11,1,6
645036,149297,9,44570,12,1,7
645036,149297,9,4620,13,1,8
645036,149297,9,5025,14,1,9
645036,149297,9,6025,15,0,9
645036,149297,9,27361,16,1,10
645036,149297,9,11526,17,0,10
645036,149297,9,38000,18,1,11
2751644,149901,2,13198,1,0,0
2751644,149901,2,29987,2,0,0
2751644,149901,2,37524,3,0,0
2751644,149901,2,4799,4,0,0
2751644,149901,2,44643,5,0,0
2751644,149901,2,21278,6,0,0
2751644,149901,2,7021,7,0,0
2751644,149901,2,23236,8,0,0
2751644,149901,2,45673,9,0,0
1844833,150514,9,13514,1,0,0
1844833,150514,9,35948,2,0,0
1844833,150514,9,41863,3,0,0
1844833,150514,9,7969,4,0,0
1844833,150514,9,27104,5,1,1
1844833,150514,9,19051,6,0,1
1844833,150514,9,33056,7,0,1
1844833,150514,9,35761,8,1,2
1844833,150514,9,36086,9,1,3
1844833,150514,9,31564,10,0,3
1844833,150514,9,8479,11,0,3
1844833,150514,9,43945,12,0,3
6591,150640,10,17872,1,0,0
6591,150640,10,16083,2,1,1
6591,150640,10,36117,3,1,2
6591,150640,10,40706,4,1,3
6591,150640,10,18523,5,1,4
6591,150640,10,30391,6,1,5
6591,150640,10,21903,7,1,6
6591,150640,10,5514,8,1,7
2094274,150827,3,16349,1,1,1
2094274,150827,3,24964,2,0,1
2094274,150827,3,22935,3,0,1
2094274,150827,3,46979,4,0,1
2094274,150827,3,42397,5,0,1
2094274,150827,3,21198,6,0,1
2094274,150827,3,18677,7,0,1
2094274,150827,3,48642,8,0,1
2094274,150827,3,20693,9,0,1
1666721,151101,4,35503,1,1,1
1666721,151101,4,23457,2,1,2
1666721,151101,4,18564,3,1,3
1666721,151101,4,13176,4,1,4
1666721,151101,4,38164,5,1,5
1666721,151101,4,5450,6,1,6
1666721,151101,4,260,7,1,7
1666721,151101,4,34969,8,0,7
1666721,151101,4,23155,9,1,8
1666721,151101,4,24489,10,1,9
1666721,151101,4,20345,11,1,10
1666721,151101,4,36550,12,1,11
1666721,151101,4,11499,13,1,12
1666721,151101,4,47077,14,1,13
1666721,151101,4,14870,15,1,14
1666721,151101,4,24964,16,0,14
1666721,151101,4,22947,17,1,15
1666721,151101,4,18606,18,0,15
1666721,151101,4,35140,19,1,16
1666721,151101,4,19678,20,0,16
1666721,151101,4,4605,21,0,16
1666721,151101,4,21828,22,0,16
1666721,151101,4,2309,23,0,16
1666721,151101,4,2948,24,0,16
2294656,151314,20,28465,1,0,0
2294656,151314,20,39589,2,1,1
2294656,151314,20,40078,3,1,2
2294656,151314,20,45989,4,1,3
2294656,151314,20,35221,5,1,4
2294656,151314,20,1970,6,1,5
2294656,151314,20,17706,7,1,6
2294656,151314,20,5646,8,0,6
2294656,151314,20,35921,9,1,7
2294656,151314,20,27405,10,0,7
2294656,151314,20,20246,11,0,7
2294656,151314,20,44229,12,1,8
2294656,151314,20,1202,13,0,8
2294656,151314,20,36036,14,1,9
2294656,151314,20,34050,15,0,9
2294656,151314,20,31955,16,0,9
1474644,151591,4,48559,1,1,1
1474644,151591,4,14708,2,1,2
1474644,151591,4,25,3,0,2
744648,151615,1,26096,1,0,0
744648,151615,1,28576,2,0,0
744648,151615,1,9076,3,0,0
744648,151615,1,35221,4,0,0
45229,151618,38,15758,1,1,1
45229,151618,38,17183,2,1,2
45229,151618,38,17758,3,1,3
45229,151618,38,11512,4,1,4
45229,151618,38,46676,5,1,5
45229,151618,38,34993,6,1,6
45229,151618,38,33754,7,1,7
45229,151618,38,30561,8,1,8
45229,151618,38,16262,9,1,9
45229,151618,38,42828,10,1,10
45229,151618,38,27086,11,1,11
45229,151618,38,48220,12,1,12
45229,151618,38,38312,13,1,13
45229,151618,38,31635,14,1,14
45229,151618,38,49026,15,0,14
45229,151618,38,14891,16,1,15
1793987,151805,18,41890,1,1,1
1793987,151805,18,24964,2,1,2
1793987,151805,18,47209,3,0,2
1793987,151805,18,8385,4,0,2
1793987,151805,18,31618,5,0,2
1793987,151805,18,42265,6,1,3
1793987,151805,18,30489,7,1,4
1793987,151805,18,45948,8,1,5
1793987,151805,18,37107,9,0,5
1793987,151805,18,25659,10,1,6
1793987,151805,18,23400,11,1,7
1793987,151805,18,49175,12,1,8
250294,152182,26,24841,1,0,0
2455090,152290,6,20161,1,0,0
2455090,152290,6,48205,2,1,1
2455090,152290,6,24852,3,1,2
2455090,152290,6,40571,4,1,3
2455090,152290,6,4957,5,1,4
2455090,152290,6,14897,6,0,4
2455090,152290,6,45066,7,0,4
2455090,152290,6,2135,8,0,4
2455090,152290,6,17191,9,0,4
2455090,152290,6,21709,10,1,5
2455090,152290,6,22025,11,0,5
2455090,152290,6,1110,12,1,6
2455090,152290,6,37250,13,0,6
2455090,152290,6,27418,14,0,6
2455090,152290,6,31268,15,0,6
2455090,152290,6,16494,16,1,7
1246261,152360,44,17807,1,1,1
1246261,152360,44,16262,2,1,2
1246261,152360,44,24830,3,1,3
1246261,152360,44,5115,4,1,4
1246261,152360,44,30192,5,1,5
1246261,152360,44,5491,6,1,6
87749,152363,31,44422,1,0,0
87749,152363,31,2314,2,1,1
87749,152363,31,45842,3,1,2
87749,152363,31,45741,4,1,3
87749,152363,31,10736,5,1,4
87749,152363,31,39475,6,1,5
87749,152363,31,27451,7,1,6
87749,152363,31,45007,8,1,7
87749,152363,31,10017,9,1,8
87749,152363,31,46990,10,1,9
87749,152363,31,30233,11,1,10
87749,152363,31,24838,12,1,11
87749,152363,31,9507,13,1,12
87749,152363,31,42557,14,1,13
87749,152363,31,18370,15,1,14
87749,152363,31,44910,16,1,15
87749,152363,31,38772,17,1,16
87749,152363,31,49235,18,0,16
87749,152363,31,8075,19,0,16
3282247,152749,5,6987,1,1,1
3282247,152749,5,49235,2,1,2
3282247,152749,5,49533,3,1,3
3282247,152749,5,34067,4,1,4
3282247,152749,5,19862,5,1,5
3282247,152749,5,33942,6,1,6
3282247,152749,5,22290,7,1,7
3282247,152749,5,3829,8,1,8
3282247,152749,5,44414,9,1,9
3282247,152749,5,2825,10,1,10
3282247,152749,5,49478,11,1,11
3282247,152749,5,47229,12,1,12
1429714,152798,15,36431,1,1,1
2884777,152896,16,28199,1,1,1
2884777,152896,16,16797,2,1,2
2884777,152896,16,38127,3,1,3
2884777,152896,16,13178,4,1,4
2884777,152896,16,7469,5,1,5
2884777,152896,16,46448,6,1,6
2884777,152896,16,32211,7,1,7
2308612,152905,4,9741,1,1,1
2308612,152905,4,22935,2,1,2
2249917,153182,8,48386,1,1,1
2249917,153182,8,26464,2,1,2
2249917,153182,8,23892,3,0,2
2249917,153182,8,8195,4,0,2
2249917,153182,8,35622,5,1,3
2249917,153182,8,27325,6,0,3
1925778,153273,22,41541,1,1,1
1925778,153273,22,47766,2,1,2
1925778,153273,22,44968,3,0,2
1925778,153273,22,34358,4,0,2
1925778,153273,22,19167,5,0,2
1925778,153273,22,16726,6,0,2
2275775,153516,92,16168,1,0,0
2275775,153516,92,30480,2,1,1
2275775,153516,92,25659,3,1,2
2275775,153516,92,3464,4,1,3
2275775,153516,92,47209,5,1,4
2275775,153516,92,21616,6,1,5
2275775,153516,92,31717,7,0,5
2275775,153516,92,43789,8,0,5
2275775,153516,92,47008,9,1,6
2275775,153516,92,11309,10,0,6
2275775,153516,92,5539,11,1,7
2275775,153516,92,19678,12,1,8
2602913,153560,20,1529,1,1,1
2602913,153560,20,2846,2,1,2
2602913,153560,20,21027,3,1,3
2602913,153560,20,13176,4,1,4
2602913,153560,20,39928,5,1,5
2602913,153560,20,28204,6,0,5
2602913,153560,20,34243,7,1,6
2602913,153560,20,18465,8,1,7
2602913,153560,20,23165,9,1,8
2602913,153560,20,2086,10,1,9
2602913,153560,20,45007,11,1,10
2602913,153560,20,47734,12,1,11
2602913,153560,20,22935,13,1,12
2602913,153560,20,41220,14,1,13
2256752,153793,4,21938,1,0,0
2256752,153793,4,34126,2,0,0
2256752,153793,4,22935,3,0,0
1182053,153819,3,36107,1,0,0
1182053,153819,3,27985,2,1,1
1182053,153819,3,24749,3,0,1
1182053,153819,3,31449,4,0,1
1182053,153819,3,40623,5,0,1
1182053,153819,3,46476,6,0,1
1182053,153819,3,13639,7,0,1
1182053,153819,3,8366,8,1,2
1182053,153819,3,44156,9,0,2
1182053,153819,3,34519,10,0,2
34244,154072,9,21903,1,1,1
34244,154072,9,6347,2,1,2
34244,154072,9,13176,3,1,3
34244,154072,9,40516,4,1,4
34244,154072,9,47766,5,1,5
34244,154072,9,20280,6,1,6
34244,154072,9,9472,7,1,7
34244,154072,9,45007,8,1,8
34244,154072,9,44683,9,1,9
34244,154072,9,48775,10,1,10
34244,154072,9,45200,11,1,11
34244,154072,9,18288,12,1,12
34244,154072,9,17794,13,1,13
34244,154072,9,20114,14,1,14
34244,154072,9,34358,15,1,15
34244,154072,9,13535,16,0,15
34244,154072,9,22993,17,0,15
34244,154072,9,30305,18,1,16
34244,154072,9,14833,19,0,16
34244,154072,9,33750,20,0,16
34244,154072,9,18993,21,0,16
34244,154072,9,35140,22,0,16
34244,154072,9,46979,23,1,17
34244,154072,9,39275,24,1,18
34244,154072,9,11107,25,0,18
2490435,154082,5,13176,1,1,1
2490435,154082,5,39275,2,1,2
2490435,154082,5,30486,3,0,2
2490435,154082,5,11365,4,0,2
370781,154317,9,30391,1,0,0
370781,154317,9,21115,2,1,1
370781,154317,9,42585,3,0,1
370781,154317,9,4605,4,1,2
370781,154317,9,18339,5,1,3
370781,154317,9,29487,6,1,4
370781,154317,9,4671,7,0,4
370781,154317,9,17794,8,1,5
370781,154317,9,31573,9,0,5
370781,154317,9,16325,10,0,5
370781,154317,9,28842,11,1,6
370781,154317,9,17634,12,0,6
370781,154317,9,21795,13,0,6
838752,154615,15,20082,1,1,1
838752,154615,15,1511,2,1,2
838752,154615,15,27966,3,1,3
838752,154615,15,42813,4,1,4
838752,154615,15,39275,5,1,5
838752,154615,15,30949,6,1,6
838752,154615,15,44025,7,1,7
838752,154615,15,7781,8,1,8
838752,154615,15,8997,9,1,9
838752,154615,15,36724,10,1,10
838752,154615,15,24235,11,1,11
838752,154615,15,21137,12,1,12
838752,154615,15,19354,13,1,13
838752,154615,15,22474,14,1,14
838752,154615,15,41988,15,1,15
838752,154615,15,2921,16,1,16
838752,154615,15,4600,17,1,17
838752,154615,15,14312,18,1,18
838752,154615,15,29660,19,1,19
838752,154615,15,44632,20,0,19
3388399,154670,2,13079,1,1,1
3388399,154670,2,13870,2,0,1
3388399,154670,2,5322,3,0,1
3388399,154670,2,34137,4,0,1
3388399,154670,2,17847,5,0,1
3388399,154670,2,16665,6,0,1
3388399,154670,2,18205,7,0,1
3388399,154670,2,21077,8,1,2
284189,154743,18,47000,1,1,1
284189,154743,18,29801,2,1,2
284189,154743,18,39046,3,1,3
284189,154743,18,40174,4,1,4
284189,154743,18,432,5,1,5
284189,154743,18,4652,6,1,6
284189,154743,18,40945,7,0,6
284189,154743,18,16056,8,0,6
284189,154743,18,38067,9,0,6
284189,154743,18,22142,10,0,6
284189,154743,18,3479,11,0,6
284189,154743,18,14705,12,1,7
284189,154743,18,37016,13,0,7
284189,154743,18,15359,14,0,7
284189,154743,18,47651,15,0,7
284189,154743,18,7156,16,0,7
284189,154743,18,39693,17,0,7
284189,154743,18,42625,18,0,7
284189,154743,18,28571,19,0,7
1608834,155287,2,32942,1,0,0
1608834,155287,2,24852,2,1,1
1608834,155287,2,24955,3,0,1
1608834,155287,2,42536,4,0,1
1982656,155347,3,22025,1,1,1
1982656,155347,3,21267,2,1,2
1982656,155347,3,5550,3,1,3
1982656,155347,3,44632,4,1,4
1982656,155347,3,24852,5,1,5
1982656,155347,3,31444,6,1,6
1982656,155347,3,4605,7,1,7
1982656,155347,3,23909,8,0,7
1982656,155347,3,22035,9,0,7
1982656,155347,3,34126,10,1,8
1982656,155347,3,43352,11,0,8
1982656,155347,3,7358,12,1,9
1982656,155347,3,8239,13,0,9
1982656,155347,3,16462,14,0,9
1982656,155347,3,13852,15,0,9
1982656,155347,3,12258,16,0,9
1982656,155347,3,38772,17,1,10
1982656,155347,3,38288,18,0,10
1982656,155347,3,11068,19,0,10
1982656,155347,3,38739,20,1,11
968410,155568,6,17122,1,1,1
968410,155568,6,20019,2,0,1
968410,155568,6,20940,3,1,2
968410,155568,6,37687,4,1,3
968410,155568,6,16797,5,1,4
968410,155568,6,20395,6,1,5
1175296,156043,2,9741,1,1,1
1175296,156043,2,17341,2,1,2
1175296,156043,2,39046,3,1,3
1175296,156043,2,14218,4,1,4
1175296,156043,2,24816,5,1,5
1175296,156043,2,16959,6,0,5
1681341,156247,19,21246,1,1,1
1681341,156247,19,15516,2,0,1
1681341,156247,19,18531,3,1,2
1681341,156247,19,12442,4,0,2
2992169,156420,32,45,1,1,1
2992169,156420,32,28976,2,1,2
2992169,156420,32,12463,3,1,3
2992169,156420,32,34070,4,1,4
221974,156716,15,41665,1,1,1
221974,156716,15,27690,2,1,2
221974,156716,15,13838,3,1,3
221974,156716,15,14862,4,1,4
221974,156716,15,42402,5,1,5
221974,156716,15,33198,6,1,6
221974,156716,15,36953,7,1,7
221974,156716,15,13945,8,1,8
221974,156716,15,16715,9,1,9
1661664,156835,22,5785,1,1,1
1661664,156835,22,35523,2,1,2
1661664,156835,22,47209,3,1,3
1661664,156835,22,48628,4,1,4
1661664,156835,22,27086,5,1,5
1661664,156835,22,31720,6,1,6
1661664,156835,22,4487,7,1,7
1661664,156835,22,24184,8,1,8
1661664,156835,22,27966,9,1,9
1661664,156835,22,22115,10,1,10
1661664,156835,22,22035,11,1,11
1661664,156835,22,38312,12,1,12
1661664,156835,22,16178,13,1,13
1661664,156835,22,36550,14,1,14
1661664,156835,22,38777,15,1,15
1661664,156835,22,21137,16,1,16
1661664,156835,22,2732,17,0,16
1661664,156835,22,45097,18,0,16
1661664,156835,22,23744,19,0,16
3142659,157307,33,1069,1,1,1
3142659,157307,33,27388,2,1,2
3142659,157307,33,33508,3,1,3
3142659,157307,33,17021,4,1,4
3142659,157307,33,20512,5,1,5
3142659,157307,33,30754,6,1,6
3337287,157637,10,10125,1,1,1
3337287,157637,10,13176,2,1,2
3337287,157637,10,329,3,1,3
3337287,157637,10,30776,4,1,4
3337287,157637,10,5212,5,1,5
3337287,157637,10,22035,6,1,6
3337287,157637,10,47766,7,1,7
3337287,157637,10,9839,8,1,8
3337287,157637,10,32734,9,1,9
3337287,157637,10,25890,10,1,10
3337287,157637,10,44471,11,1,11
3337287,157637,10,7963,12,1,12
3337287,157637,10,17872,13,1,13
3337287,157637,10,49235,14,1,14
3337287,157637,10,11512,15,1,15
3337287,157637,10,43122,16,1,16
3337287,157637,10,27690,17,1,17
3337287,157637,10,33000,18,1,18
3337287,157637,10,46667,19,1,19
3337287,157637,10,45866,20,1,20
3337287,157637,10,24946,21,1,21
3337287,157637,10,10652,22,0,21
3337287,157637,10,2825,23,0,21
3337287,157637,10,29987,24,0,21
3337287,157637,10,15995,25,0,21
3337287,157637,10,46979,26,0,21
3337287,157637,10,29077,27,0,21
1122088,157793,6,39146,1,1,1
1122088,157793,6,14853,2,0,1
1122088,157793,6,9020,3,0,1
1122088,157793,6,29447,4,1,2
1122088,157793,6,45200,5,0,2
1122088,157793,6,24852,6,1,3
1122088,157793,6,21405,7,0,3
1015153,157857,2,17794,1,0,0
1015153,157857,2,19480,2,0,0
1015153,157857,2,28579,3,0,0
1015153,157857,2,34126,4,0,0
1015153,157857,2,13565,5,0,0
1015153,157857,2,17795,6,0,0
1015153,157857,2,21616,7,0,0
1015153,157857,2,47209,8,0,0
1015153,157857,2,12145,9,0,0
1015153,157857,2,7562,10,0,0
2483337,157912,4,13874,1,0,0
2483337,157912,4,38015,2,0,0
2483337,157912,4,2716,3,1,1
2291674,158043,10,24852,1,1,1
2291674,158043,10,2326,2,1,2
2291674,158043,10,13113,3,1,3
2291674,158043,10,27104,4,1,4
2291674,158043,10,18908,5,1,5
2291674,158043,10,29987,6,1,6
2291674,158043,10,44741,7,1,7
2291674,158043,10,27690,8,1,8
2291674,158043,10,39984,9,0,8
2291674,158043,10,33206,10,0,8
2291674,158043,10,27966,11,0,8
2291674,158043,10,17872,12,0,8
2291674,158043,10,17568,13,1,9
2291674,158043,10,34497,14,1,10
2291674,158043,10,34126,15,0,10
2291674,158043,10,34243,16,1,11
1464659,158080,17,432,1,1,1
1464659,158080,17,45504,2,1,2
1464659,158080,17,45007,3,1,3
1464659,158080,17,9623,4,1,4
1464659,158080,17,26350,5,0,4
1464659,158080,17,43248,6,0,4
1464659,158080,17,21331,7,1,5
1464659,158080,17,39275,8,1,6
1464659,158080,17,26604,9,0,6
1464659,158080,17,4462,10,1,7
1464659,158080,17,13870,11,0,7
1464659,158080,17,1890,12,1,8
2691282,158090,8,45965,1,0,0
2691282,158090,8,38768,2,1,1
2691282,158090,8,31759,3,1,2
2691282,158090,8,30532,4,0,2
2691282,158090,8,26709,5,1,3
2691282,158090,8,27179,6,1,4
2691282,158090,8,44234,7,0,4
2691282,158090,8,27796,8,0,4
2691282,158090,8,25124,9,1,5
2691282,158090,8,38739,10,0,5
2691282,158090,8,29487,11,0,5
2691282,158090,8,8153,12,0,5
2691282,158090,8,24629,13,1,6
1260995,158294,4,31506,1,0,0
1260995,158294,4,47280,2,1,1
1260995,158294,4,12163,3,0,1
1260995,158294,4,46069,4,1,2
1260995,158294,4,34243,5,0,2
1607611,158546,12,21616,1,1,1
1607611,158546,12,5989,2,1,2
1607611,158546,12,30327,3,1,3
1607611,158546,12,18200,4,1,4
1607611,158546,12,8736,5,1,5
1607611,158546,12,25981,6,1,6
1607611,158546,12,24184,7,0,6
1607611,158546,12,16797,8,0,6
1607611,158546,12,22935,9,0,6
1886907,158709,69,24852,1,1,1
1886907,158709,69,45066,2,1,2
1886907,158709,69,29487,3,1,3
1886907,158709,69,35824,4,1,4
1886907,158709,69,33731,5,1,5
1886907,158709,69,4962,6,1,6
1886907,158709,69,38544,7,1,7
1886907,158709,69,26665,8,1,8
1886907,158709,69,41503,9,1,9
1886907,158709,69,48679,10,1,10
1886907,158709,69,4947,11,1,11
1886907,158709,69,12572,12,0,11
1886907,158709,69,44632,13,1,12
1886907,158709,69,24288,14,0,12
1886907,158709,69,20920,15,1,13
1886907,158709,69,28745,16,1,14
2026145,159183,79,2180,1,1,1
2026145,159183,79,14165,2,1,2
2026145,159183,79,29900,3,1,3
2026145,159183,79,31564,4,1,4
2026145,159183,79,15120,5,1,5
2026145,159183,79,4638,6,1,6
2026145,159183,79,35976,7,1,7
2026145,159183,79,37654,8,1,8
2026145,159183,79,5077,9,1,9
2026145,159183,79,28632,10,1,10
2026145,159183,79,27761,11,0,10
2026145,159183,79,19604,12,1,11
2026145,159183,79,16797,13,1,12
384505,159267,2,47931,1,1,1
384505,159267,2,5460,2,0,1
384505,159267,2,23734,3,0,1
384505,159267,2,44987,4,0,1
384505,159267,2,1313,5,1,2
384505,159267,2,16419,6,1,3
384505,159267,2,46941,7,0,3
384505,159267,2,38139,8,0,3
384505,159267,2,8460,9,0,3
384505,159267,2,20768,10,0,3
384505,159267,2,21781,11,0,3
384505,159267,2,9477,12,0,3
384505,159267,2,32707,13,0,3
384505,159267,2,46041,14,0,3
3325115,159270,2,9644,1,1,1
3325115,159270,2,10473,2,0,1
3325115,159270,2,4724,3,0,1
2159023,159291,5,26512,1,1,1
2159023,159291,5,22935,2,1,2
2159023,159291,5,37552,3,1,3
2159023,159291,5,1360,4,0,3
2159023,159291,5,12872,5,1,4
2159023,159291,5,13549,6,0,4
2159023,159291,5,44632,7,0,4
2159023,159291,5,44987,8,0,4
2159023,159291,5,8297,9,0,4
2159023,159291,5,33021,10,0,4
2159023,159291,5,9365,11,0,4
2159023,159291,5,1979,12,1,5
2159023,159291,5,44014,13,1,6
2159023,159291,5,17666,14,1,7
2159023,159291,5,42265,15,0,7
2159023,159291,5,21938,16,0,7
2836139,159311,2,34320,1,0,0
2836139,159311,2,18567,2,0,0
2836139,159311,2,31506,3,0,0
2836139,159311,2,1890,4,0,0
2836139,159311,2,11421,5,0,0
2836139,159311,2,6649,6,0,0
2836139,159311,2,2086,7,0,0
2836139,159311,2,27024,8,0,0
2836139,159311,2,16349,9,0,0
2836139,159311,2,6975,10,1,1
2836139,159311,2,40166,11,0,1
2087725,159408,34,5258,1,1,1
2837977,159585,36,31640,1,1,1
2837977,159585,36,24852,2,1,2
2837977,159585,36,21295,3,0,2
2837977,159585,36,21903,4,1,3
2837977,159585,36,12456,5,0,3
2837977,159585,36,39180,6,1,4
2837977,159585,36,33401,7,1,5
2837977,159585,36,12845,8,1,6
1772802,159620,4,14464,1,0,0
1772802,159620,4,17286,2,0,0
3060958,159772,4,7412,1,0,0
3060958,159772,4,21709,2,0,0
3060958,159772,4,11142,3,0,0
3060958,159772,4,4736,4,0,0
3060958,159772,4,19087,5,0,0
134569,159904,4,7131,1,1,1
134569,159904,4,25890,2,1,2
134569,159904,4,21137,3,1,3
134569,159904,4,21288,4,1,4
134569,159904,4,9387,5,1,5
2742639,160420,17,19836,1,1,1
2742639,160420,17,23955,2,1,2
2742639,160420,17,40490,3,1,3
2742639,160420,17,27243,4,1,4
2742639,160420,17,46203,5,1,5
2742639,160420,17,2192,6,1,6
2742639,160420,17,23888,7,1,7
2742639,160420,17,402,8,1,8
2742639,160420,17,32047,9,1,9
2646046,160463,3,857,1,1,1
2557590,160714,4,12576,1,1,1
2557590,160714,4,44632,2,1,2
2557590,160714,4,24852,3,1,3
2557590,160714,4,15011,4,1,4
2557590,160714,4,27966,5,1,5
2557590,160714,4,39947,6,1,6
2557590,160714,4,28204,7,1,7
2557590,160714,4,13877,8,1,8
2557590,160714,4,6452,9,1,9
2557590,160714,4,45082,10,1,10
2557590,160714,4,5020,11,1,11
2557590,160714,4,26620,12,1,12
2557590,160714,4,38274,13,1,13
2557590,160714,4,33754,14,0,13
2557590,160714,4,1559,15,0,13
2557590,160714,4,13269,16,0,13
2557590,160714,4,21269,17,0,13
2557590,160714,4,42828,18,0,13
2557590,160714,4,46676,19,0,13
2557590,160714,4,27845,20,1,14
2557590,160714,4,49235,21,0,14
2557590,160714,4,47965,22,1,15
2557590,160714,4,24841,23,0,15
2557590,160714,4,5212,24,0,15
2557590,160714,4,11710,25,0,15
2557590,160714,4,34949,26,0,15
1201375,160913,15,23915,1,1,1
3366398,161405,6,34283,1,1,1
3366398,161405,6,32403,2,1,2
3366398,161405,6,24734,3,0,2
3366398,161405,6,30241,4,0,2
3366398,161405,6,10063,5,0,2
3366398,161405,6,9340,6,1,3
3366398,161405,6,29061,7,0,3
3366398,161405,6,23432,8,0,3
3366398,161405,6,8030,9,0,3
3366398,161405,6,9777,10,0,3
381983,161412,36,27086,1,1,1
381983,161412,36,16797,2,1,2
381983,161412,36,13176,3,1,3
381983,161412,36,24184,4,1,4
381983,161412,36,21903,5,1,5
381983,161412,36,34244,6,1,6
381983,161412,36,48679,7,1,7
381983,161412,36,47900,8,1,8
381983,161412,36,11109,9,1,9
381983,161412,36,9952,10,1,10
381983,161412,36,47766,11,1,11
381983,161412,36,9803,12,1,12
381983,161412,36,17835,13,1,13
381983,161412,36,43086,14,1,14
381983,161412,36,39732,15,1,15
381983,161412,36,39877,16,1,16
381983,161412,36,17794,17,1,17
381983,161412,36,16521,18,0,17
381983,161412,36,24830,19,1,18
381983,161412,36,33000,20,1,19
381983,161412,36,10246,21,1,20
381983,161412,36,11777,22,1,21
381983,161412,36,17027,23,1,22
381983,161412,36,37966,24,1,23
381983,161412,36,5132,25,0,23
381983,161412,36,45246,26,1,24
381983,161412,36,5896,27,0,24
381983,161412,36,33845,28,0,24
1645782,161928,46,4210,1,1,1
1645782,161928,46,18610,2,1,2
1645782,161928,46,41602,3,1,3
1645782,161928,46,19488,4,1,4
1645782,161928,46,24852,5,1,5
1645782,161928,46,29766,6,1,6
1645782,161928,46,19863,7,1,7
1645782,161928,46,31506,8,1,8
86849,162135,39,13707,1,1,1
86849,162135,39,44097,2,1,2
86849,162135,39,31720,3,1,3
86849,162135,39,12099,4,1,4
86849,162135,39,43713,5,1,5
86849,162135,39,39276,6,1,6
86849,162135,39,34230,7,1,7
599925,162189,3,15399,1,1,1
599925,162189,3,19660,2,1,2
599925,162189,3,38656,3,0,2
192409,162225,22,44643,1,1,1
192409,162225,22,25256,2,1,2
192409,162225,22,24944,3,1,3
192409,162225,22,39812,4,1,4
192409,162225,22,49533,5,1,5
192409,162225,22,20632,6,1,6
192409,162225,22,6341,7,1,7
192409,162225,22,2748,8,1,8
192409,162225,22,27344,9,1,9
192409,162225,22,47521,10,1,10
192409,162225,22,117,11,1,11
192409,162225,22,41844,12,1,12
192409,162225,22,8490,13,1,13
608190,162245,11,29447,1,1,1
608190,162245,11,9137,2,1,2
608190,162245,11,48226,3,0,2
608190,162245,11,24852,4,0,2
608190,162245,11,47847,5,0,2
2434146,162264,2,38928,1,0,0
2434146,162264,2,39534,2,0,0
1541078,162337,67,33589,1,1,1
1541078,162337,67,14999,2,1,2
1541078,162337,67,877,3,1,3
1541078,162337,67,5025,4,1,4
1541078,162337,67,32784,5,1,5
1541078,162337,67,43565,6,1,6
1541078,162337,67,47087,7,1,7
1541078,162337,67,22025,8,1,8
2990815,162863,28,5479,1,1,1
2990815,162863,28,47912,2,1,2
2990815,162863,28,26131,3,1,3
2990815,162863,28,34358,4,1,4
2990815,162863,28,17794,5,1,5
2990815,162863,28,27521,6,1,6
2990815,162863,28,3999,7,1,7
2990815,162863,28,28204,8,1,8
2990815,162863,28,5575,9,0,8
2990815,162863,28,5578,10,1,9
2990815,162863,28,22935,11,1,10
1889255,163106,5,11576,1,1,1
1889255,163106,5,16262,2,1,2
1889255,163106,5,34220,3,1,3
1889255,163106,5,36076,4,1,4
1889255,163106,5,4162,5,1,5
2869109,163370,13,28199,1,0,0
2869109,163370,13,38200,2,1,1
2869109,163370,13,37888,3,1,2
3026087,163496,1,19429,1,0,0
3026087,163496,1,43693,2,0,0
3026087,163496,1,33357,3,0,0
3026087,163496,1,26954,4,0,0
3026087,163496,1,19808,5,0,0
3026087,163496,1,37777,6,0,0
3026087,163496,1,28199,7,0,0
3026087,163496,1,13176,8,0,0
3026087,163496,1,32303,9,0,0
3026087,163496,1,13643,10,0,0
3026087,163496,1,32465,11,0,0
3026087,163496,1,14118,12,0,0
283772,163587,16,24852,1,1,1
283772,163587,16,32655,2,1,2
283772,163587,16,11777,3,1,3
283772,163587,16,22959,4,1,4
283772,163587,16,43295,5,1,5
283772,163587,16,33642,6,1,6
283772,163587,16,9092,7,1,7
283772,163587,16,8230,8,0,7
2316206,163641,2,40332,1,0,0
2316206,163641,2,4210,2,1,1
2316206,163641,2,34005,3,1,2
2316206,163641,2,42518,4,1,3
2316206,163641,2,48205,5,1,4
2316206,163641,2,13629,6,1,5
2316206,163641,2,3044,7,1,6
3133915,163644,51,3808,1,0,0
3133915,163644,51,36431,2,1,1
3133915,163644,51,24649,3,1,2
3133915,163644,51,28031,4,1,3
3133915,163644,51,45158,5,1,4
3133915,163644,51,12212,6,1,5
1763649,163750,12,5684,1,0,0
1763649,163750,12,30489,2,0,0
1763649,163750,12,31257,3,0,0
1763649,163750,12,20113,4,0,0
1763649,163750,12,49235,5,0,0
1763649,163750,12,27086,6,1,1
1763649,163750,12,27247,7,0,1
1763649,163750,12,2966,8,1,2
1763649,163750,12,44292,9,1,3
1763649,163750,12,32138,10,1,4
1763649,163750,12,45223,11,1,5
1763649,163750,12,15693,12,1,6
1763649,163750,12,21603,13,1,7
1526289,163764,15,43352,1,1,1
1526289,163764,15,26172,2,0,1
1526289,163764,15,42736,3,1,2
1526289,163764,15,34234,4,0,2
1526289,163764,15,9387,5,0,2
1526289,163764,15,44987,6,0,2
1526289,163764,15,22935,7,0,2
1526289,163764,15,21938,8,0,2
1526289,163764,15,34358,9,1,3
1526289,163764,15,7090,10,0,3
1526289,163764,15,11408,11,0,3
1526289,163764,15,703,12,0,3
1526289,163764,15,11461,13,1,4
1526289,163764,15,44683,14,0,4
1526289,163764,15,990,15,1,5
1526289,163764,15,41107,16,0,5
1526289,163764,15,4006,17,0,5
1526289,163764,15,49082,18,0,5
1526289,163764,15,38266,19,0,5
1526289,163764,15,30480,20,0,5
1526289,163764,15,15752,21,0,5
1526289,163764,15,44368,22,1,6
1526289,163764,15,45646,23,0,6
1526289,163764,15,46522,24,0,6
1526289,163764,15,40722,25,0,6
1526289,163764,15,21616,26,1,7
1526289,163764,15,12341,27,0,7
1526289,163764,15,31506,28,0,7
1526289,163764,15,47626,29,1,8
1526289,163764,15,8193,30,1,9
1526289,163764,15,31217,31,0,9
1526289,163764,15,19005,32,0,9
1526289,163764,15,31471,33,1,10
1526289,163764,15,35971,34,0,10
1526289,163764,15,3439,35,0,10
1478972,163819,14,37646,1,1,1
1478972,163819,14,4957,2,1,2
1478972,163819,14,2962,3,1,3
1478972,163819,14,30233,4,1,4
1478972,163819,14,30489,5,1,5
1478972,163819,14,28071,6,1,6
1478972,163819,14,13176,7,1,7
1478972,163819,14,47209,8,1,8
1478972,163819,14,43122,9,1,9
1478972,163819,14,22993,10,1,10
1478972,163819,14,40063,11,1,11
1478972,163819,14,32786,12,1,12
1478972,163819,14,46107,13,0,12
1478972,163819,14,41950,14,0,12
1478972,163819,14,42536,15,1,13
2955483,163895,37,8580,1,0,0
2955483,163895,37,27247,2,1,1
2955483,163895,37,27086,3,1,2
2955483,163895,37,14870,4,1,3
2955483,163895,37,13263,5,1,4
2955483,163895,37,8516,6,1,5
2955483,163895,37,28465,7,1,6
2955483,163895,37,46820,8,1,7
2955483,163895,37,4472,9,1,8
2955483,163895,37,40723,10,1,9
2955483,163895,37,20842,11,1,10
2955483,163895,37,1710,12,0,10
2955483,163895,37,4142,13,0,10
2955483,163895,37,21137,14,1,11
2955483,163895,37,19057,15,1,12
2955483,163895,37,24799,16,1,13
2955483,163895,37,42265,17,1,14
2955483,163895,37,15984,18,1,15
2955483,163895,37,30489,19,1,16
2955483,163895,37,37646,20,1,17
2955483,163895,37,7452,21,1,18
2847338,164009,5,42715,1,0,0
2847338,164009,5,46676,2,1,1
2847338,164009,5,23032,3,0,1
1169192,164010,10,10957,1,1,1
1169192,164010,10,39327,2,1,2
2630498,164121,16,24852,1,1,1
2630498,164121,16,4962,2,1,2
2630498,164121,16,7963,3,1,3
2630498,164121,16,16797,4,1,4
2630498,164121,16,39190,5,1,5
2630498,164121,16,38827,6,1,6
2630498,164121,16,13819,7,1,7
2630498,164121,16,13870,8,1,8
2630498,164121,16,31257,9,1,9
2630498,164121,16,43768,10,1,10
2630498,164121,16,40706,11,1,11
2630498,164121,16,49683,12,1,12
2630498,164121,16,17794,13,1,13
2630498,164121,16,22035,14,1,14
2630498,164121,16,10246,15,1,15
2630498,164121,16,28199,16,1,16
2630498,164121,16,30839,17,0,16
2630498,164121,16,11941,18,1,17
650651,164435,7,25890,1,1,1
650651,164435,7,47144,2,0,1
650651,164435,7,49075,3,1,2
650651,164435,7,46906,4,1,3
650651,164435,7,25340,5,0,3
96619,164589,45,45886,1,0,0
96619,164589,45,83,2,1,1
96619,164589,45,39732,3,1,2
96619,164589,45,40545,4,1,3
96619,164589,45,45104,5,1,4
96619,164589,45,8859,6,1,5
96619,164589,45,13440,7,0,5
96619,164589,45,34356,8,1,6
96619,164589,45,12703,9,1,7
96619,164589,45,47000,10,0,7
1809339,164755,33,6104,1,1,1
1809339,164755,33,13176,2,1,2
1809339,164755,33,38689,3,1,3
1809339,164755,33,40706,4,1,4
1809339,164755,33,28289,5,1,5
1809339,164755,33,17794,6,1,6
1809339,164755,33,39391,7,1,7
1809339,164755,33,47734,8,1,8
1809339,164755,33,19048,9,1,9
1809339,164755,33,14704,10,1,10
357234,164755,38,6104,1,1,11
357234,164755,38,21137,2,1,12
357234,164755,38,26384,3,1,13
357234,164755,38,13176,4,1,14
357234,164755,38,38689,5,1,15
357234,164755,38,40706,6,1,16
357234,164755,38,27966,7,1,17
357234,164755,38,46906,8,1,18
357234,164755,38,44580,9,1,19
357234,164755,38,10017,10,1,20
357234,164755,38,17794,11,1,21
357234,164755,38,39391,12,1,22
357234,164755,38,21903,13,0,22
357234,164755,38,27521,14,1,23
357234,164755,38,37288,15,0,23
421289,164799,11,14129,1,1,1
421289,164799,11,46847,2,1,2
421289,164799,11,8424,3,1,3
421289,164799,11,9020,4,1,4
421289,164799,11,39877,5,1,5
421289,164799,11,31343,6,1,6
421289,164799,11,27521,7,1,7
2043534,164875,7,44867,1,0,0
2043534,164875,7,19340,2,1,1
2043534,164875,7,19604,3,0,1
2043534,164875,7,32691,4,1,2
2043534,164875,7,44098,5,1,3
208468,164901,13,12341,1,1,1
208468,164901,13,35561,2,1,2
1916455,165016,7,37687,1,1,1
1916455,165016,7,13263,2,1,2
1916455,165016,7,15070,3,1,3
1916455,165016,7,24852,4,1,4
1916455,165016,7,35547,5,1,5
1916455,165016,7,49683,6,1,6
1916455,165016,7,27845,7,1,7
1916455,165016,7,21137,8,1,8
1916455,165016,7,28465,9,1,9
1916455,165016,7,35503,10,1,10
1916455,165016,7,4957,11,1,11
1916455,165016,7,14437,12,1,12
1916455,165016,7,23576,13,1,13
1916455,165016,7,8277,14,1,14
1916455,165016,7,26604,15,1,15
1489667,165096,10,38996,1,0,0
1489667,165096,10,26209,2,0,0
1489667,165096,10,17794,3,0,0
1489667,165096,10,47209,4,0,0
1489667,165096,10,5876,5,0,0
1489667,165096,10,15261,6,1,1
1489667,165096,10,24964,7,1,2
1489667,165096,10,42736,8,1,3
1489667,165096,10,40593,9,1,4
1489667,165096,10,19348,10,1,5
1489667,165096,10,44142,11,1,6
2581945,165687,30,9839,1,1,1
2581945,165687,30,35078,2,1,2
2581945,165687,30,25890,3,1,3
2581945,165687,30,49499,4,0,3
2581945,165687,30,13848,5,0,3
2581945,165687,30,46979,6,1,4
2581945,165687,30,40706,7,1,5
2581945,165687,30,21616,8,0,5
2581945,165687,30,44628,9,0,5
2581945,165687,30,30391,10,1,6
2581945,165687,30,1244,11,1,7
2581945,165687,30,30489,12,1,8
2581945,165687,30,31371,13,1,9
2581945,165687,30,47209,14,1,10
2581945,165687,30,39877,15,0,10
2581945,165687,30,38984,16,0,10
2581945,165687,30,40449,17,1,11
2581945,165687,30,28156,18,1,12
2581945,165687,30,17872,19,1,13
2581945,165687,30,39275,20,1,14
2581945,165687,30,26604,21,1,15
2581945,165687,30,14491,22,1,16
1586341,166384,22,47755,1,0,0
1586341,166384,22,24009,2,1,1
1586341,166384,22,12341,3,1,2
1586341,166384,22,27086,4,1,3
1586341,166384,22,14678,5,1,4
1586341,166384,22,40706,6,1,5
1586341,166384,22,48835,7,1,6
1586341,166384,22,13176,8,1,7
1586341,166384,22,31528,9,0,7
1586341,166384,22,42736,10,1,8
1586341,166384,22,39275,11,1,9
506620,166686,33,12109,1,1,1
506620,166686,33,48154,2,0,1
506620,166686,33,21246,3,1,2
506620,166686,33,34234,4,1,3
506620,166686,33,23909,5,1,4
506620,166686,33,22959,6,1,5
871430,166866,16,28571,1,1,1
871430,166866,16,42495,2,1,2
871430,166866,16,37825,3,1,3
871430,166866,16,25340,4,1,4
871430,166866,16,7677,5,1,5
871430,166866,16,41844,6,1,6
871430,166866,16,46812,7,1,7
871430,166866,16,37418,8,1,8
871430,166866,16,9825,9,1,9
871430,166866,16,49086,10,1,10
871430,166866,16,38650,11,1,11
871430,166866,16,44014,12,1,12
871430,166866,16,2322,13,1,13
871430,166866,16,5684,14,0,13
871430,166866,16,13629,15,1,14
871430,166866,16,4605,16,1,15
871430,166866,16,32689,17,1,16
871430,166866,16,42265,18,0,16
871430,166866,16,32828,19,1,17
871430,166866,16,25659,20,1,18
836777,167928,5,19660,1,1,1
836777,167928,5,13176,2,1,2
836777,167928,5,32478,3,1,3
917710,167952,1,24852,1,0,0
917710,167952,1,2361,2,0,0
917710,167952,1,16965,3,0,0
917710,167952,1,40002,4,0,0
917710,167952,1,48523,5,0,0
917710,167952,1,14159,6,0,0
917710,167952,1,1118,7,0,0
917710,167952,1,14891,8,0,0
546893,168783,5,2038,1,1,1
546893,168783,5,43183,2,1,2
546893,168783,5,35383,3,1,3
546893,168783,5,26040,4,1,4
546893,168783,5,4605,5,1,5
546893,168783,5,33050,6,1,6
546893,168783,5,35365,7,1,7
546893,168783,5,33651,8,0,7
546893,168783,5,24297,9,1,8
546893,168783,5,19218,10,0,8
546893,168783,5,15100,11,0,8
2173992,169250,2,37776,1,1,1
2173992,169250,2,43474,2,1,2
2173992,169250,2,49139,3,0,2
2173992,169250,2,4645,4,0,2
2173992,169250,2,10132,5,0,2
2173992,169250,2,24604,6,0,2
2173992,169250,2,11050,7,0,2
1827477,169352,9,13877,1,0,0
1827477,169352,9,27470,2,1,1
1827477,169352,9,13176,3,1,2
1827477,169352,9,22963,4,0,2
1827477,169352,9,30489,5,1,3
263784,169500,8,30348,1,0,0
263784,169500,8,22959,2,1,1
263784,169500,8,32679,3,0,1
263784,169500,8,4377,4,0,1
263784,169500,8,47866,5,0,1
263784,169500,8,8195,6,0,1
263784,169500,8,3044,7,0,1
2068407,169820,19,4317,1,1,1
2068407,169820,19,19309,2,1,2
2068407,169820,19,45531,3,1,3
2068407,169820,19,38444,4,1,4
2068407,169820,19,3308,5,1,5
2068407,169820,19,39041,6,0,5
2068407,169820,19,8277,7,1,6
2068407,169820,19,5794,8,0,6
2068407,169820,19,14992,9,1,7
2068407,169820,19,29628,10,0,7
2068407,169820,19,42949,11,1,8
2068407,169820,19,43039,12,0,8
2068407,169820,19,21948,13,0,8
2766034,170070,7,34543,1,1,1
2766034,170070,7,2120,2,1,2
2766034,170070,7,23767,3,1,3
2766034,170070,7,2751,4,1,4
2766034,170070,7,8536,5,1,5
2766034,170070,7,6724,6,1,6
2766034,170070,7,19701,7,1,7
2766034,170070,7,12513,8,1,8
2766034,170070,7,30597,9,1,9
2766034,170070,7,4317,10,1,10
2766034,170070,7,26520,11,1,11
2766034,170070,7,14379,12,1,12
2766034,170070,7,8174,13,1,13
2766034,170070,7,17858,14,0,13
2766034,170070,7,9829,15,0,13
2766034,170070,7,28913,16,0,13
2766034,170070,7,19348,17,0,13
2766034,170070,7,26412,18,1,14
2766034,170070,7,26133,19,0,14
2154434,170560,8,10702,1,0,0
2154434,170560,8,33065,2,0,0
2154434,170560,8,5450,3,1,1
2154434,170560,8,44570,4,1,2
2154434,170560,8,1160,5,1,3
2154434,170560,8,3999,6,1,4
2154434,170560,8,44683,7,1,5
2154434,170560,8,27104,8,1,6
2154434,170560,8,42736,9,1,7
2154434,170560,8,17752,10,1,8
2931008,170588,15,39024,1,1,1
2931008,170588,15,10565,2,0,1
819723,170666,7,37710,1,1,1
819723,170666,7,10310,2,1,2
819723,170666,7,32455,3,1,3
1863363,170808,39,41290,1,1,1
1863363,170808,39,10840,2,1,2
1417569,170847,5,36780,1,0,0
1417569,170847,5,28379,2,0,0
1417569,170847,5,45161,3,1,1
1417569,170847,5,36822,4,1,2
1417569,170847,5,22285,5,0,2
1417569,170847,5,25861,6,1,3
1417569,170847,5,23605,7,1,4
1417569,170847,5,5782,8,0,4
1417569,170847,5,28281,9,1,5
1417569,170847,5,5653,10,1,6
1417569,170847,5,18150,11,1,7
1417569,170847,5,22559,12,1,8
1417569,170847,5,25581,13,1,9
1417569,170847,5,33045,14,1,10
1417569,170847,5,3796,15,1,11
1417569,170847,5,34217,16,1,12
1417569,170847,5,25675,17,1,13
2709791,171551,33,39812,1,1,1
2709791,171551,33,29662,2,0,1
2709791,171551,33,32537,3,0,1
2709791,171551,33,48559,4,1,2
2709791,171551,33,6287,5,0,2
2709791,171551,33,29898,6,1,3
2709791,171551,33,32387,7,1,4
2709791,171551,33,41463,8,0,4
2709791,171551,33,42617,9,0,4
1226681,171616,9,8428,1,0,0
1226681,171616,9,784,2,0,0
1559269,172088,53,27845,1,1,1
1559269,172088,53,49235,2,1,2
1559269,172088,53,39427,3,1,3
1559269,172088,53,30949,4,0,3
1559269,172088,53,17487,5,1,4
1559269,172088,53,18418,6,1,5
1559269,172088,53,5134,7,1,6
1559269,172088,53,25890,8,1,7
1559269,172088,53,26369,9,1,8
1559269,172088,53,29987,10,1,9
1559269,172088,53,21903,11,1,10
1559269,172088,53,2611,12,1,11
1559269,172088,53,33401,13,1,12
1559269,172088,53,31130,14,0,12
964339,172291,9,8174,1,1,1
964339,172291,9,41787,2,1,2
964339,172291,9,27966,3,0,2
964339,172291,9,35233,4,0,2
2092058,172425,29,4305,1,0,0
2092058,172425,29,5820,2,0,0
2092058,172425,29,48946,3,0,0
2092058,172425,29,39149,4,0,0
2092058,172425,29,41621,5,0,0
2092058,172425,29,24359,6,0,0
2092058,172425,29,27548,7,1,1
2092058,172425,29,42265,8,0,1
2092058,172425,29,30489,9,0,1
1126880,172474,5,12905,1,0,0
1126880,172474,5,10787,2,1,1
1126880,172474,5,16953,3,1,2
1126880,172474,5,47144,4,1,3
1126880,172474,5,23909,5,1,4
1126880,172474,5,46522,6,0,4
1126880,172474,5,16185,7,0,4
1126880,172474,5,29327,8,0,4
2075838,172765,38,10017,1,1,1
2075838,172765,38,260,2,1,2
2075838,172765,38,36011,3,1,3
2075838,172765,38,21903,4,1,4
2075838,172765,38,38312,5,1,5
2075838,172765,38,15984,6,1,6
2075838,172765,38,48220,7,1,7
2075838,172765,38,432,8,1,8
2075838,172765,38,23288,9,1,9
2075838,172765,38,12932,10,1,10
2075838,172765,38,21077,11,1,11
2075838,172765,38,40706,12,1,12
2075838,172765,38,19057,13,1,13
2075838,172765,38,31964,14,1,14
2075838,172765,38,26032,15,0,14
790403,172790,4,35595,1,1,1
790403,172790,4,29898,2,1,2
790403,172790,4,26882,3,1,3
790403,172790,4,23029,4,0,3
790403,172790,4,49175,5,1,4
790403,172790,4,42342,6,0,4
790403,172790,4,35042,7,1,5
790403,172790,4,9515,8,1,6
790403,172790,4,46049,9,1,7
790403,172790,4,26344,10,1,8
790403,172790,4,4269,11,1,9
790403,172790,4,21137,12,1,10
790403,172790,4,18362,13,1,11
790403,172790,4,35004,14,1,12
790403,172790,4,14852,15,1,13
790403,172790,4,29447,16,1,14
790403,172790,4,28985,17,1,15
790403,172790,4,4605,18,1,16
790403,172790,4,22451,19,1,17
790403,172790,4,47209,20,1,18
790403,172790,4,24799,21,1,19
790403,172790,4,28465,22,0,19
790403,172790,4,6046,23,1,20
1974159,172999,3,47626,1,0,0
1974159,172999,3,46906,2,0,0
1974159,172999,3,21137,3,0,0
1974159,172999,3,13176,4,0,0
1974159,172999,3,45007,5,1,1
1974159,172999,3,46979,6,1,2
1974159,172999,3,18656,7,0,2
1974159,172999,3,31553,8,0,2
1974159,172999,3,17794,9,0,2
1974159,172999,3,38383,10,0,2
1974159,172999,3,27344,11,1,3
2394086,173057,1,32650,1,0,0
2394086,173057,1,49355,2,0,0
2394086,173057,1,42705,3,0,0
2227607,173514,25,8518,1,1,1
2227607,173514,25,24964,2,1,2
2227607,173514,25,33731,3,1,3
2227607,173514,25,17872,4,1,4
2227607,173514,25,26369,5,1,5
2227607,173514,25,28289,6,1,6
2227607,173514,25,38383,7,1,7
2227607,173514,25,699,8,1,8
2227607,173514,25,42450,9,1,9
2227607,173514,25,47766,10,1,10
2227607,173514,25,13176,11,1,11
2227607,173514,25,15592,12,1,12
2227607,173514,25,28849,13,1,13
2227607,173514,25,36792,14,1,14
2227607,173514,25,35547,15,1,15
2227607,173514,25,41588,16,1,16
2227607,173514,25,31717,17,1,17
2227607,173514,25,40229,18,1,18
3332452,173933,5,1398,1,0,0
3332452,173933,5,8859,2,0,0
3332452,173933,5,13176,3,0,0
3332452,173933,5,9196,4,0,0
3332452,173933,5,36186,5,1,1
3332452,173933,5,20286,6,0,1
3332452,173933,5,27240,7,0,1
3332452,173933,5,41385,8,0,1
2354873,174029,8,26209,1,1,1
2354873,174029,8,42719,2,1,2
2541457,174301,15,34244,1,0,0
2541457,174301,15,32585,2,0,0
2541457,174301,15,18037,3,0,0
2541457,174301,15,17419,4,0,0
2541457,174301,15,43248,5,1,1
2541457,174301,15,21903,6,1,2
2541457,174301,15,4656,7,1,3
2541457,174301,15,23554,8,0,3
2541457,174301,15,24830,9,1,4
2541457,174301,15,22556,10,1,5
2541457,174301,15,4932,11,0,5
2541457,174301,15,9515,12,1,6
2541457,174301,15,13176,13,0,6
456868,175232,2,24852,1,1,1
456868,175232,2,16797,2,0,1
456868,175232,2,42495,3,0,1
456868,175232,2,28204,4,0,1
456868,175232,2,49605,5,1,2
456868,175232,2,15485,6,0,2
456868,175232,2,23102,7,0,2
456868,175232,2,17316,8,0,2
456868,175232,2,40174,9,0,2
456868,175232,2,49517,10,0,2
1234084,175238,22,38689,1,1,1
1234084,175238,22,17704,2,0,1
1234084,175238,22,8424,3,1,2
1234084,175238,22,49401,4,1,3
1234084,175238,22,12385,5,1,4
1234084,175238,22,47766,6,1,5
1234084,175238,22,1511,7,1,6
2817738,175434,22,42347,1,1,1
2817738,175434,22,8518,2,1,2
2817738,175434,22,7325,3,1,3
2817738,175434,22,21405,4,1,4
2817738,175434,22,19895,5,1,5
2817738,175434,22,21616,6,1,6
2817738,175434,22,45741,7,1,7
2817738,175434,22,47734,8,0,7
2817738,175434,22,9955,9,0,7
773487,175900,5,34126,1,1,1
773487,175900,5,36253,2,1,2
773487,175900,5,38273,3,0,2
773487,175900,5,14633,4,0,2
773487,175900,5,19660,5,1,3
412496,176420,7,46979,1,1,1
412496,176420,7,6265,2,1,2
412496,176420,7,13733,3,1,3
412496,176420,7,480,4,0,3
412496,176420,7,9139,5,0,3
412496,176420,7,25146,6,0,3
412496,176420,7,15412,7,0,3
412496,176420,7,29082,8,1,4
965476,176756,16,22935,1,1,1
965476,176756,16,47766,2,1,2
965476,176756,16,28985,3,1,3
965476,176756,16,44632,4,1,4
965476,176756,16,5025,5,1,5
965476,176756,16,35784,6,1,6
965476,176756,16,29487,7,1,7
965476,176756,16,24830,8,1,8
965476,176756,16,22993,9,1,9
965476,176756,16,20580,10,1,10
965476,176756,16,11520,11,1,11
965476,176756,16,49683,12,1,12
965476,176756,16,27521,13,1,13
965476,176756,16,36389,14,1,14
965476,176756,16,14764,15,1,15
965476,176756,16,1925,16,1,16
965476,176756,16,18689,17,1,17
965476,176756,16,49416,18,1,18
965476,176756,16,31478,19,1,19
965476,176756,16,24390,20,1,20
965476,176756,16,6692,21,1,21
965476,176756,16,49383,22,1,22
965476,176756,16,44926,23,1,23
965476,176756,16,18072,24,1,24
965476,176756,16,7806,25,1,25
965476,176756,16,38650,26,1,26
965476,176756,16,21616,27,1,27
965476,176756,16,33919,28,1,28
965476,176756,16,14447,29,0,28
965476,176756,16,24852,30,0,28
965476,176756,16,34126,31,1,29
965476,176756,16,8518,32,1,30
965476,176756,16,27156,33,1,31
965476,176756,16,44873,34,0,31
965476,176756,16,48679,35,1,32
965476,176756,16,49520,36,0,32
965476,176756,16,37053,37,0,32
965476,176756,16,35467,38,0,32
965476,176756,16,6328,39,0,32
1091855,176924,18,18465,1,1,1
1091855,176924,18,21137,2,1,2
1091855,176924,18,5764,3,1,3
1091855,176924,18,41960,4,1,4
1091855,176924,18,5578,5,1,5
1091855,176924,18,36198,6,1,6
1091855,176924,18,24852,7,1,7
1091855,176924,18,26940,8,1,8
1091855,176924,18,42719,9,1,9
2569931,177194,2,15613,1,0,0
2569931,177194,2,17526,2,0,0
2569931,177194,2,49533,3,0,0
2569931,177194,2,19677,4,0,0
2569931,177194,2,43712,5,0,0
2569931,177194,2,42701,6,0,0
2569931,177194,2,28123,7,0,0
2569931,177194,2,26209,8,0,0
2569931,177194,2,25659,9,0,0
2569931,177194,2,31717,10,0,0
2569931,177194,2,24184,11,0,0
2261206,177418,89,37067,1,1,1
2261206,177418,89,3896,2,1,2
2261206,177418,89,10385,3,1,3
2261206,177418,89,6795,4,0,3
2261206,177418,89,28401,5,0,3
2261206,177418,89,14462,6,1,4
2261206,177418,89,10749,7,1,5
2261206,177418,89,21413,8,1,6
1860876,177767,3,19061,1,0,0
1860876,177767,3,37516,2,0,0
1860876,177767,3,8193,3,0,0
1860876,177767,3,41610,4,0,0
1860876,177767,3,47766,5,1,1
1860876,177767,3,40174,6,1,2
1860876,177767,3,46820,7,1,3
1860876,177767,3,43294,8,0,3
1860876,177767,3,24852,9,1,4
1860876,177767,3,18594,10,0,4
2894199,177885,12,36200,1,0,0
3344009,178308,6,4097,1,0,0
3344009,178308,6,8424,2,0,0
3344009,178308,6,25618,3,0,0
3344009,178308,6,2120,4,0,0
3344009,178308,6,22475,5,0,0
3344009,178308,6,8518,6,0,0
3344009,178308,6,15937,7,0,0
3344009,178308,6,7872,8,0,0
3344009,178308,6,38504,9,0,0
3344009,178308,6,5251,10,0,0
3344009,178308,6,31006,11,0,0
3344009,178308,6,42483,12,0,0
3344009,178308,6,4853,13,0,0
3344009,178308,6,31341,14,0,0
3344009,178308,6,33198,15,0,0
3344009,178308,6,33065,16,1,1
3344009,178308,6,7108,17,1,2
1767288,178474,5,14578,1,0,0
270802,178737,25,29127,1,0,0
270802,178737,25,43693,2,1,1
270802,178737,25,32403,3,1,2
2621257,178903,6,33911,1,0,0
2621257,178903,6,49484,2,0,0
2621257,178903,6,43295,3,1,1
2621257,178903,6,37011,4,0,1
2621257,178903,6,46676,5,0,1
2621257,178903,6,4920,6,1,2
2621257,178903,6,30391,7,1,3
2621257,178903,6,43086,8,1,4
2621257,178903,6,47626,9,1,5
2621257,178903,6,13176,10,0,5
2621257,178903,6,26209,11,0,5
2621257,178903,6,21903,12,0,5
2621257,178903,6,42342,13,1,6
2621257,178903,6,6972,14,1,7
2621257,178903,6,21982,15,0,7
2621257,178903,6,44282,16,0,7
2621257,178903,6,14976,17,0,7
2621257,178903,6,29871,18,0,7
2621257,178903,6,21996,19,0,7
2621257,178903,6,37158,20,0,7
2621257,178903,6,12144,21,0,7
2621257,178903,6,41055,22,0,7
2621257,178903,6,25659,23,0,7
2621257,178903,6,8988,24,0,7
101222,179038,2,41588,1,1,1
101222,179038,2,17584,2,1,2
101222,179038,2,28553,3,0,2
101222,179038,2,23236,4,0,2
101222,179038,2,30450,5,0,2
101222,179038,2,5024,6,0,2
101222,179038,2,28849,7,0,2
101222,179038,2,22395,8,0,2
101222,179038,2,47766,9,0,2
101222,179038,2,47144,10,0,2
101222,179038,2,7241,11,0,2
101222,179038,2,40229,12,1,3
101222,179038,2,8193,13,0,3
101222,179038,2,23634,14,0,3
101222,179038,2,8670,15,0,3
101222,179038,2,7461,16,0,3
101222,179038,2,13829,17,0,3
101222,179038,2,7021,18,1,4
101222,179038,2,16797,19,0,4
101222,179038,2,3376,20,0,4
101222,179038,2,8412,21,0,4
101222,179038,2,39639,22,0,4
101222,179038,2,9076,23,0,4
2419056,179548,35,27845,1,1,1
2419056,179548,35,27086,2,1,2
2419056,179548,35,2855,3,1,3
2419056,179548,35,27744,4,1,4
2419056,179548,35,9339,5,1,5
2419056,179548,35,29270,6,1,6
2419056,179548,35,7521,7,1,7
2419056,179548,35,17949,8,1,8
2419056,179548,35,22035,9,1,9
2419056,179548,35,14084,10,1,10
2419056,179548,35,44765,11,1,11
2419056,179548,35,20794,12,1,12
2419056,179548,35,30776,13,1,13
2419056,179548,35,13292,14,1,14
2419056,179548,35,25157,15,1,15
2419056,179548,35,9913,16,1,16
2419056,179548,35,31634,17,1,17
2419056,179548,35,45603,18,1,18
2419056,179548,35,47830,19,1,19
129682,179752,68,32988,1,1,1
129682,179752,68,20583,2,1,2
129682,179752,68,28106,3,1,3
129682,179752,68,39276,4,0,3
129682,179752,68,6870,5,0,3
129682,179752,68,15763,6,1,4
129682,179752,68,9337,7,0,4
129682,179752,68,327,8,1,5
2410101,179790,30,19348,1,1,1
2410101,179790,30,9825,2,1,2
2410101,179790,30,890,3,0,2
2410101,179790,30,46720,4,0,2
2410101,179790,30,33884,5,0,2
2410101,179790,30,27104,6,1,3
2410101,179790,30,47766,7,1,4
2410101,179790,30,35163,8,1,5
2410101,179790,30,8518,9,1,6
2410101,179790,30,24964,10,1,7
2410101,179790,30,43352,11,0,7
2410101,179790,30,42617,12,0,7
2410101,179790,30,26209,13,1,8
1100587,180129,7,41390,1,0,0
1100587,180129,7,30064,2,0,0
1100587,180129,7,23405,3,0,0
1100587,180129,7,27117,4,0,0
1100587,180129,7,20791,5,0,0
1100587,180129,7,28427,6,0,0
1100587,180129,7,22598,7,0,0
2754597,180621,47,38984,1,1,1
2754597,180621,47,47734,2,1,2
2754597,180621,47,48745,3,1,3
2754597,180621,47,38689,4,1,4
2754597,180621,47,18234,5,1,5
2754597,180621,47,14992,6,1,6
2754597,180621,47,7676,7,1,7
21101,180800,28,13431,1,1,1
21101,180800,28,22035,2,1,2
21101,180800,28,18531,3,1,3
21101,180800,28,13176,4,1,4
21101,180800,28,31717,5,1,5
21101,180800,28,46720,6,1,6
21101,180800,28,47209,7,1,7
21101,180800,28,40723,8,1,8
21101,180800,28,48857,9,1,9
21101,180800,28,19478,10,1,10
21101,180800,28,27423,11,1,11
21101,180800,28,34448,12,1,12
446529,181012,4,49026,1,0,0
446529,181012,4,31635,2,0,0
446529,181012,4,38312,3,0,0
446529,181012,4,24852,4,0,0
446529,181012,4,28199,5,0,0
446529,181012,4,24533,6,1,1
446529,181012,4,48527,7,1,2
446529,181012,4,17122,8,1,3
446529,181012,4,18281,9,0,3
446529,181012,4,38656,10,0,3
446529,181012,4,6069,11,0,3
446529,181012,4,20361,12,1,4
446529,181012,4,25462,13,0,4
3028535,181293,18,8598,1,1,1
3028535,181293,18,30921,2,1,2
3028535,181293,18,49067,3,1,3
3028535,181293,18,46804,4,1,4
3028535,181293,18,33564,5,1,5
3028535,181293,18,8590,6,1,6
3028535,181293,18,7148,7,1,7
3028535,181293,18,4063,8,1,8
3028535,181293,18,34506,9,0,8
3028535,181293,18,44448,10,0,8
3028535,181293,18,27041,11,0,8
3028535,181293,18,8098,12,0,8
3292970,181426,3,35887,1,1,1
3292970,181426,3,24852,2,1,2
3292970,181426,3,47209,3,1,3
3292970,181426,3,46802,4,1,4
3292970,181426,3,18465,5,1,5
3292970,181426,3,31766,6,1,6
3292970,181426,3,48595,7,0,6
3292970,181426,3,7676,8,0,6
2133837,181548,38,18610,1,1,1
2133837,181548,38,23645,2,0,1
2133837,181548,38,5067,3,0,1
3239951,181887,13,39194,1,1,1
3239951,181887,13,20009,2,1,2
3239951,181887,13,3583,3,1,3
3239951,181887,13,45578,4,1,4
3239951,181887,13,10724,5,0,4
3239951,181887,13,3717,6,1,5
3239951,181887,13,9124,7,1,6
3239951,181887,13,20015,8,1,7
3239951,181887,13,2091,9,1,8
3239951,181887,13,18465,10,1,9
3239951,181887,13,45200,11,0,9
3239951,181887,13,14852,12,1,10
544166,182062,13,21137,1,1,1
1183871,182093,3,19057,1,0,0
1183871,182093,3,46979,2,0,0
1183871,182093,3,39275,3,1,1
1183871,182093,3,48057,4,0,1
1183871,182093,3,432,5,1,2
1183871,182093,3,21927,6,1,3
1183871,182093,3,16291,7,1,4
1183871,182093,3,11140,8,1,5
1183871,182093,3,12980,9,1,6
1183871,182093,3,19160,10,1,7
1183871,182093,3,26209,11,1,8
1183871,182093,3,13031,12,1,9
2225015,182324,16,39877,1,1,1
2225015,182324,16,26128,2,1,2
2225015,182324,16,22825,3,1,3
2225015,182324,16,25138,4,1,4
2225015,182324,16,45007,5,1,5
2225015,182324,16,27521,6,1,6
2225015,182324,16,27104,7,1,7
2225015,182324,16,10749,8,1,8
2225015,182324,16,22849,9,1,9
2225015,182324,16,42768,10,0,9
601540,182633,1,42415,1,0,0
601540,182633,1,22211,2,0,0
601540,182633,1,1194,3,0,0
601540,182633,1,33198,4,0,0
601540,182633,1,2099,5,0,0
601540,182633,1,29941,6,0,0
601540,182633,1,37067,7,0,0
601540,182633,1,19691,8,0,0
601540,182633,1,43961,9,0,0
601540,182633,1,48057,10,0,0
601540,182633,1,21137,11,0,0
601540,182633,1,21526,12,0,0
601540,182633,1,40488,13,0,0
601540,182633,1,47977,14,0,0
601540,182633,1,36316,15,0,0
601540,182633,1,35221,16,0,0
601540,182633,1,4620,17,0,0
601540,182633,1,5785,18,0,0
700063,183076,7,712,1,1,1
700063,183076,7,45437,2,1,2
700063,183076,7,36956,3,1,3
700063,183076,7,4781,4,1,4
700063,183076,7,13176,5,1,5
700063,183076,7,43961,6,1,6
700063,183076,7,2966,7,1,7
700063,183076,7,43450,8,1,8
700063,183076,7,3765,9,1,9
700063,183076,7,21137,10,0,9
700063,183076,7,46047,11,1,10
700063,183076,7,27850,12,1,11
700063,183076,7,39275,13,0,11
700063,183076,7,26209,14,0,11
700063,183076,7,27966,15,1,12
700063,183076,7,5653,16,1,13
700063,183076,7,21384,17,0,13
700063,183076,7,27044,18,0,13
700063,183076,7,34023,19,0,13
1626060,183126,49,23537,1,1,1
1626060,183126,49,43122,2,1,2
1626060,183126,49,31127,3,1,3
2773175,183169,41,43956,1,0,0
2773175,183169,41,13819,2,1,1
2773175,183169,41,5785,3,1,2
2773175,183169,41,49235,4,1,3
2773175,183169,41,24852,5,1,4
2773175,183169,41,4472,6,1,5
2773175,183169,41,43122,7,1,6
2773175,183169,41,39877,8,1,7
2773175,183169,41,21910,9,1,8
2773175,183169,41,1240,10,1,9
2773175,183169,41,40268,11,1,10
2773175,183169,41,28199,12,1,11
2773175,183169,41,33055,13,1,12
2773175,183169,41,5876,14,1,13
2150579,183257,10,39982,1,1,1
2150579,183257,10,13284,2,1,2
2150579,183257,10,47144,3,0,2
2150579,183257,10,40910,4,0,2
2150579,183257,10,32068,5,1,3
2150579,183257,10,32325,6,0,3
2150579,183257,10,49605,7,0,3
1664326,183439,26,36070,1,0,0
1664326,183439,26,12583,2,0,0
1664326,183439,26,49383,3,0,0
1664326,183439,26,421,4,0,0
1664326,183439,26,22260,5,1,1
1664326,183439,26,30305,6,1,2
1664326,183439,26,39732,7,1,3
1664326,183439,26,34126,8,1,4
1664326,183439,26,45007,9,0,4
2698628,183785,26,10409,1,1,1
2698628,183785,26,34,2,1,2
2698628,183785,26,42460,3,1,3
2698628,183785,26,46881,4,0,3
697845,184124,4,18891,1,1,1
697845,184124,4,13870,2,1,2
697845,184124,4,12674,3,1,3
697845,184124,4,21761,4,1,4
697845,184124,4,48022,5,1,5
697845,184124,4,11132,6,1,6
697845,184124,4,3887,7,0,6
766449,185283,5,16953,1,0,0
766449,185283,5,35267,2,0,0
766449,185283,5,14996,3,0,0
766449,185283,5,34451,4,0,0
766449,185283,5,34496,5,0,0
766449,185283,5,15664,6,0,0
844382,185491,37,34197,1,1,1
844382,185491,37,21709,2,1,2
844382,185491,37,11520,3,1,3
844382,185491,37,38264,4,1,4
844382,185491,37,18689,5,1,5
844382,185491,37,38750,6,1,6
844382,185491,37,30489,7,1,7
844382,185491,37,41842,8,1,8
844382,185491,37,7521,9,1,9
844382,185491,37,25718,10,1,10
844382,185491,37,47912,11,0,10
844382,185491,37,39861,12,1,11
844382,185491,37,49396,13,1,12
844382,185491,37,14129,14,1,13
844382,185491,37,28465,15,0,13
844382,185491,37,28849,16,1,14
844382,185491,37,4421,17,0,14
844382,185491,37,16278,18,0,14
844382,185491,37,12872,19,1,15
844382,185491,37,23375,20,0,15
844382,185491,37,3952,21,1,16
844382,185491,37,38730,22,1,17
844382,185491,37,46755,23,1,18
844382,185491,37,15008,24,1,19
844382,185491,37,25630,25,1,20
844382,185491,37,18770,26,1,21
844382,185491,37,21903,27,1,22
844382,185491,37,19006,28,1,23
844382,185491,37,3957,29,1,24
844382,185491,37,35425,30,0,24
844382,185491,37,20957,31,0,24
844382,185491,37,19057,32,0,24
844382,185491,37,4366,33,1,25
792476,185501,20,4920,1,1,1
792476,185501,20,32689,2,1,2
2761299,185665,26,21903,1,1,1
2761299,185665,26,25640,2,1,2
2761299,185665,26,45220,3,1,3
2761299,185665,26,37796,4,1,4
2761299,185665,26,36192,5,1,5
2761299,185665,26,19057,6,1,6
2761299,185665,26,25653,7,1,7
83824,185977,20,4837,1,0,0
83824,185977,20,2120,2,1,1
689129,186174,1,24852,1,0,0
689129,186174,1,30002,2,0,0
689129,186174,1,1516,3,0,0
689129,186174,1,2979,4,0,0
689129,186174,1,43717,5,0,0
689129,186174,1,21019,6,0,0
689129,186174,1,22993,7,0,0
689129,186174,1,43205,8,0,0
689129,186174,1,790,9,0,0
689129,186174,1,49351,10,0,0
689129,186174,1,24838,11,0,0
689129,186174,1,21194,12,0,0
689129,186174,1,42265,13,0,0
2564511,186282,13,9595,1,1,1
2564511,186282,13,4600,2,1,2
2564511,186282,13,6948,3,1,3
2564511,186282,13,14867,4,1,4
2564511,186282,13,17600,5,1,5
2564511,186282,13,12440,6,1,6
2564511,186282,13,31927,7,1,7
2564511,186282,13,37335,8,1,8
2564511,186282,13,5612,9,1,9
2564511,186282,13,34497,10,0,9
2564511,186282,13,34466,11,1,10
2564511,186282,13,29487,12,1,11
1050845,186525,7,1873,1,1,1
1050845,186525,7,6991,2,1,2
1050845,186525,7,45064,3,1,3
1050845,186525,7,41751,4,1,4
1050845,186525,7,21847,5,0,4
1050845,186525,7,34594,6,1,5
1050845,186525,7,12919,7,1,6
1050845,186525,7,11488,8,1,7
1050845,186525,7,41290,9,1,8
1050845,186525,7,44167,10,0,8
1050845,186525,7,945,11,0,8
1050845,186525,7,23356,12,0,8
1050845,186525,7,43692,13,0,8
1050845,186525,7,43867,14,0,8
3344640,187086,2,14766,1,1,1
3344640,187086,2,37552,2,1,2
3344640,187086,2,18606,3,1,3
3344640,187086,2,49517,4,0,3
3344640,187086,2,40709,5,0,3
3344640,187086,2,39303,6,0,3
3344640,187086,2,31343,7,0,3
3344640,187086,2,4350,8,0,3
3344640,187086,2,29027,9,0,3
3344640,187086,2,39619,10,0,3
3344640,187086,2,38453,11,1,4
3344640,187086,2,16101,12,0,4
814061,187487,3,31506,1,1,1
814061,187487,3,17920,2,1,2
814061,187487,3,19154,3,1,3
814061,187487,3,12659,4,1,4
814061,187487,3,4920,5,1,5
814061,187487,3,37646,6,1,6
814061,187487,3,33055,7,1,7
814061,187487,3,20588,8,1,8
814061,187487,3,20589,9,1,9
814061,187487,3,18829,10,1,10
814061,187487,3,46820,11,1,11
814061,187487,3,19677,12,1,12
814061,187487,3,24838,13,1,13
814061,187487,3,10880,14,1,14
814061,187487,3,1240,15,1,15
814061,187487,3,40966,16,1,16
814061,187487,3,23102,17,1,17
814061,187487,3,31378,18,1,18
814061,187487,3,24852,19,1,19
2878446,187610,14,5470,1,1,1
2878446,187610,14,12013,2,1,2
2878446,187610,14,39448,3,1,3
2878446,187610,14,38444,4,1,4
2878446,187610,14,2120,5,1,5
2878446,187610,14,38739,6,0,5
2878446,187610,14,41950,7,0,5
2878446,187610,14,42701,8,1,6
2878446,187610,14,13539,9,1,7
2878446,187610,14,26209,10,1,8
2878446,187610,14,3469,11,0,8
2878446,187610,14,7898,12,1,9
2878446,187610,14,27964,13,1,10
2878446,187610,14,34680,14,1,11
2878446,187610,14,15547,15,1,12
2878446,187610,14,22215,16,1,13
2878446,187610,14,31506,17,1,14
2878446,187610,14,25531,18,0,14
2878446,187610,14,41662,19,0,14
2878446,187610,14,1295,20,0,14
2878446,187610,14,1599,21,0,14
2878446,187610,14,11725,22,0,14
2878446,187610,14,5707,23,0,14
2878446,187610,14,5757,24,0,14
2878446,187610,14,29845,25,0,14
2878446,187610,14,38635,26,0,14
2878446,187610,14,32348,27,0,14
239636,187895,4,38456,1,0,0
239636,187895,4,31915,2,0,0
239636,187895,4,5212,3,1,1
239636,187895,4,12576,4,0,1
239636,187895,4,14084,5,1,2
239636,187895,4,13176,6,1,3
239636,187895,4,17485,7,0,3
239636,187895,4,37508,8,0,3
239636,187895,4,5451,9,1,4
239636,187895,4,41065,10,0,4
239636,187895,4,45007,11,1,5
239636,187895,4,47766,12,1,6
239636,187895,4,20995,13,0,6
239636,187895,4,49273,14,0,6
239636,187895,4,46876,15,0,6
239636,187895,4,13212,16,0,6
239636,187895,4,45063,17,1,7
239636,187895,4,33195,18,0,7
239636,187895,4,31486,19,0,7
239636,187895,4,13143,20,0,7
239636,187895,4,12442,21,0,7
239636,187895,4,36342,22,0,7
239636,187895,4,48034,23,0,7
2240516,187930,41,34968,1,1,1
2240516,187930,41,6036,2,1,2
2240516,187930,41,32545,3,0,2
2240516,187930,41,287,4,1,3
2240516,187930,41,14645,5,1,4
2240516,187930,41,13997,6,1,5
2240516,187930,41,20253,7,1,6
2240516,187930,41,28985,8,1,7
2240516,187930,41,28842,9,1,8
1162861,188020,12,44103,1,1,1
1162861,188020,12,30796,2,1,2
1162861,188020,12,7139,3,1,3
1162861,188020,12,5876,4,1,4
1162861,188020,12,5390,5,0,4
1162861,188020,12,22935,6,1,5
1162861,188020,12,47209,7,1,6
820279,188140,6,8048,1,1,1
820279,188140,6,21903,2,1,2
820279,188140,6,38768,3,1,3
2218527,188352,13,35752,1,0,0
2218527,188352,13,29487,2,1,1
2218527,188352,13,17752,3,0,1
2218527,188352,13,41453,4,1,2
2218527,188352,13,43530,5,0,2
2218527,188352,13,46870,6,1,3
2218527,188352,13,16014,7,0,3
2218527,188352,13,10070,8,1,4
2218527,188352,13,16185,9,1,5
2218527,188352,13,40232,10,0,5
2218527,188352,13,25480,11,0,5
2218527,188352,13,35199,12,0,5
2218527,188352,13,26698,13,1,6
2218527,188352,13,33909,14,0,6
2218527,188352,13,11370,15,0,6
962514,188463,1,20704,1,0,0
962514,188463,1,33913,2,0,0
962514,188463,1,8224,3,0,0
962514,188463,1,8290,4,0,0
962514,188463,1,29608,5,0,0
962514,188463,1,21011,6,0,0
864886,188574,14,17355,1,1,1
864886,188574,14,29926,2,1,2
864886,188574,14,30489,3,1,3
864886,188574,14,18232,4,1,4
1925239,189122,15,37935,1,1,1
1925239,189122,15,22559,2,0,1
1925239,189122,15,3717,3,0,1
1925239,189122,15,5918,4,0,1
1925239,189122,15,30135,5,0,1
1925239,189122,15,12381,6,0,1
1925239,189122,15,31461,7,0,1
918451,189413,34,24852,1,1,1
918451,189413,34,39275,2,0,1
918451,189413,34,26604,3,1,2
918451,189413,34,16797,4,1,3
918451,189413,34,7969,5,1,4
918451,189413,34,45313,6,0,4
918451,189413,34,43026,7,0,4
918451,189413,34,43183,8,1,5
918451,189413,34,46572,9,1,6
918451,189413,34,2466,10,0,6
918451,189413,34,46941,11,1,7
918451,189413,34,17615,12,0,7
918451,189413,34,32156,13,0,7
918451,189413,34,40103,14,0,7
918451,189413,34,11488,15,1,8
918451,189413,34,3529,16,1,9
918451,189413,34,26172,17,0,9
918451,189413,34,24097,18,1,10
918451,189413,34,7901,19,1,11
918451,189413,34,28080,20,1,12
1869693,189664,48,9292,1,1,1
1869693,189664,48,39581,2,1,2
1159106,189969,14,24852,1,1,1
1159106,189969,14,21775,2,1,2
1159106,189969,14,5077,3,1,3
1159106,189969,14,24954,4,1,4
1159106,189969,14,43129,5,1,5
1159106,189969,14,47626,6,1,6
1159106,189969,14,48745,7,1,7
1159106,189969,14,20063,8,1,8
1159106,189969,14,47993,9,1,9
1159106,189969,14,19678,10,1,10
1159106,189969,14,11520,11,1,11
1159106,189969,14,40992,12,0,11
1159106,189969,14,8670,13,0,11
1159106,189969,14,10644,14,0,11
1159106,189969,14,19348,15,0,11
1159106,189969,14,8297,16,1,12
1159106,189969,14,17666,17,1,13
1159106,189969,14,11452,18,0,13
1320633,190890,14,35731,1,1,1
1642416,191308,15,47626,1,1,1
1642416,191308,15,27104,2,1,2
1642416,191308,15,31553,3,1,3
1642416,191308,15,21403,4,1,4
1642416,191308,15,44570,5,1,5
1642416,191308,15,4149,6,1,6
1642416,191308,15,13176,7,1,7
1642416,191308,15,15937,8,0,7
1642416,191308,15,15290,9,1,8
1642416,191308,15,32605,10,1,9
1642416,191308,15,34480,11,0,9
1642416,191308,15,41771,12,1,10
1642416,191308,15,9756,13,0,10
1642416,191308,15,1025,14,1,11
1642416,191308,15,32864,15,0,11
1642416,191308,15,33846,16,0,11
1642416,191308,15,24170,17,0,11
1642416,191308,15,35782,18,1,12
1642416,191308,15,42736,19,0,12
1963123,191391,13,2228,1,1,1
1963123,191391,13,36082,2,0,1
1963123,191391,13,1516,3,0,1
1963123,191391,13,24489,4,0,1
1963123,191391,13,47209,5,1,2
1963123,191391,13,12798,6,0,2
1963123,191391,13,8518,7,1,3
1963123,191391,13,35939,8,1,4
1963123,191391,13,5876,9,1,5
1963123,191391,13,26209,10,0,5
1963123,191391,13,47734,11,0,5
1963123,191391,13,11250,12,1,6
1963123,191391,13,46979,13,0,6
1963123,191391,13,28785,14,0,6
1963123,191391,13,35750,15,0,6
1963123,191391,13,19057,16,1,7
1963123,191391,13,24373,17,0,7
2313494,191406,19,7969,1,1,1
2313494,191406,19,7936,2,1,2
2313494,191406,19,39877,3,1,3
2313494,191406,19,19057,4,1,4
2313494,191406,19,8193,5,0,4
2313494,191406,19,4932,6,1,5
2313494,191406,19,43789,7,0,5
2313494,191406,19,3957,8,1,6
2313494,191406,19,2164,9,0,6
2313494,191406,19,21850,10,0,6
2313494,191406,19,10387,11,0,6
2133610,191777,1,38689,1,0,0
2133610,191777,1,5479,2,0,0
2133610,191777,1,17949,3,0,0
2133610,191777,1,11109,4,0,0
2133610,191777,1,17600,5,0,0
2133610,191777,1,21137,6,0,0
2133610,191777,1,20345,7,0,0
2133610,191777,1,41787,8,0,0
2133610,191777,1,40545,9,0,0
2133610,191777,1,6187,10,0,0
3217995,192500,16,260,1,1,1
3217995,192500,16,43338,2,0,1
3217995,192500,16,46531,3,0,1
3217995,192500,16,24288,4,1,2
3217995,192500,16,31392,5,1,3
1126718,192628,6,44882,1,1,1
1126718,192628,6,24852,2,1,2
706187,192694,7,36724,1,1,1
2183860,192713,6,24852,1,1,1
2183860,192713,6,18224,2,1,2
2183860,192713,6,5077,3,1,3
2183860,192713,6,4605,4,1,4
2183860,192713,6,46979,5,1,5
2183860,192713,6,10978,6,1,6
2183860,192713,6,23400,7,0,6
2183860,192713,6,12564,8,0,6
2183860,192713,6,11933,9,0,6
2183860,192713,6,15613,10,0,6
2183860,192713,6,20591,11,1,7
2183860,192713,6,34513,12,0,7
586944,192728,4,47766,1,1,1
586944,192728,4,21709,2,1,2
586944,192728,4,20919,3,1,3
586944,192728,4,12285,4,1,4
586944,192728,4,47965,5,1,5
586944,192728,4,37653,6,1,6
586944,192728,4,37374,7,0,6
586944,192728,4,18249,8,0,6
586944,192728,4,14048,9,0,6
586944,192728,4,3231,10,0,6
586944,192728,4,4410,11,0,6
586944,192728,4,21377,12,0,6
586944,192728,4,40332,13,1,7
586944,192728,4,43867,14,0,7
1036405,192778,45,37710,1,0,0
3242653,192824,8,4421,1,1,1
3060597,193309,16,48577,1,1,1
3060597,193309,16,45035,2,1,2
3060597,193309,16,41148,3,1,3
3060597,193309,16,38562,4,1,4
3144293,193512,19,24852,1,1,1
3144293,193512,19,35951,2,0,1
3144293,193512,19,28849,3,0,1
3144293,193512,19,41690,4,0,1
3144293,193512,19,24964,5,1,2
3144293,193512,19,21417,6,0,2
3144293,193512,19,46900,7,0,2
3144293,193512,19,46667,8,1,3
3144293,193512,19,28601,9,0,3
1099266,193619,9,24852,1,1,1
1099266,193619,9,5077,2,0,1
1099266,193619,9,47626,3,0,1
1099266,193619,9,39921,4,0,1
1099266,193619,9,16185,5,0,1
1099266,193619,9,5460,6,0,1
1099266,193619,9,1940,7,0,1
1099266,193619,9,45125,8,0,1
1099266,193619,9,21333,9,1,2
1099266,193619,9,41844,10,0,2
152966,193815,34,21100,1,1,1
152966,193815,34,14165,2,1,2
152966,193815,34,4210,3,1,3
152966,193815,34,12304,4,1,4
152966,193815,34,40535,5,1,5
152966,193815,34,15528,6,1,6
152966,193815,34,20227,7,0,6
152966,193815,34,17258,8,0,6
152966,193815,34,15685,9,0,6
152966,193815,34,6856,10,1,7
1269144,194176,25,21903,1,1,1
1269144,194176,25,31717,2,1,2
266304,195439,1,35629,1,0,0
266304,195439,1,31717,2,0,0
266304,195439,1,45007,3,0,0
266304,195439,1,17619,4,0,0
266304,195439,1,1787,5,0,0
266304,195439,1,40873,6,0,0
3069327,195762,2,21376,1,0,0
3069327,195762,2,14852,2,1,1
3069327,195762,2,43889,3,0,1
3069327,195762,2,41259,4,1,2
3069327,195762,2,41665,5,0,2
1783311,196196,1,42768,1,0,0
1783311,196196,1,28785,2,0,0
1783311,196196,1,28990,3,0,0
1783311,196196,1,45229,4,0,0
1783311,196196,1,27028,5,0,0
1783311,196196,1,25138,6,0,0
3226474,196322,30,19585,1,0,0
3226474,196322,30,39991,2,0,0
3226474,196322,30,20738,3,1,1
3226474,196322,30,11081,4,1,2
3226474,196322,30,16953,5,1,3
3226474,196322,30,3285,6,1,4
3226474,196322,30,31263,7,1,5
3226474,196322,30,3169,8,0,5
640090,196340,10,47209,1,1,1
640090,196340,10,5428,2,1,2
640090,196340,10,23282,3,1,3
640090,196340,10,7559,4,1,4
640090,196340,10,17771,5,1,5
640090,196340,10,35939,6,1,6
640090,196340,10,13712,7,0,6
640090,196340,10,432,8,1,7
640090,196340,10,43713,9,0,7
640090,196340,10,7988,10,0,7
640090,196340,10,44479,11,0,7
640090,196340,10,3957,12,0,7
2599566,196528,11,24852,1,1,1
2599566,196528,11,2180,2,0,1
2599566,196528,11,8670,3,0,1
2599566,196528,11,8239,4,0,1
2599566,196528,11,37220,5,0,1
2599566,196528,11,6341,6,0,1
2599566,196528,11,28928,7,0,1
2599566,196528,11,18272,8,0,1
2599566,196528,11,21903,9,0,1
2599566,196528,11,22888,10,0,1
3397759,196562,21,21903,1,1,1
3397759,196562,21,22474,2,1,2
3397759,196562,21,44632,3,1,3
3397759,196562,21,42828,4,1,4
3397759,196562,21,28745,5,1,5
3397759,196562,21,21137,6,1,6
3397759,196562,21,47209,7,1,7
3397759,196562,21,27966,8,1,8
3397759,196562,21,37011,9,1,9
3397759,196562,21,9076,10,1,10
3397759,196562,21,7054,11,1,11
3397759,196562,21,19068,12,1,12
3397759,196562,21,10749,13,1,13
3397759,196562,21,16185,14,1,14
3397759,196562,21,30385,15,1,15
3397759,196562,21,42768,16,1,16
3397759,196562,21,21009,17,1,17
3397759,196562,21,10782,18,1,18
389842,196732,3,22963,1,0,0
389842,196732,3,48765,2,0,0
389842,196732,3,1639,3,0,0
389842,196732,3,10369,4,0,0
389842,196732,3,25879,5,0,0
389842,196732,3,27086,6,0,0
389842,196732,3,39228,7,0,0
389842,196732,3,14678,8,0,0
389842,196732,3,7539,9,0,0
389842,196732,3,25998,10,0,0
389842,196732,3,37157,11,0,0
389842,196732,3,42296,12,0,0
389842,196732,3,15384,13,0,0
389842,196732,3,38875,14,1,1
389842,196732,3,13338,15,0,1
389842,196732,3,45552,16,0,1
389842,196732,3,37478,17,0,1
389842,196732,3,31225,18,0,1
389842,196732,3,33642,19,0,1
389842,196732,3,2116,20,0,1
389842,196732,3,36438,21,0,1
389842,196732,3,35140,22,0,1
389842,196732,3,21616,23,0,1
389842,196732,3,38647,24,0,1
389842,196732,3,21137,25,0,1
1405047,196877,59,4799,1,1,1
1405047,196877,59,27845,2,1,2
1405047,196877,59,26165,3,1,3
1405047,196877,59,47209,4,1,4
1405047,196877,59,11520,5,1,5
1405047,196877,59,18594,6,1,6
1405047,196877,59,23644,7,1,7
1405047,196877,59,41950,8,1,8
1405047,196877,59,29126,9,1,9
1405047,196877,59,5015,10,1,10
1405047,196877,59,13176,11,1,11
1656908,196904,11,47626,1,0,0
1656908,196904,11,19678,2,1,1
1656908,196904,11,39877,3,1,2
1656908,196904,11,30391,4,0,2
1656908,196904,11,25330,5,0,2
1656908,196904,11,28918,6,0,2
1656908,196904,11,39275,7,0,2
1656908,196904,11,47209,8,1,3
2128545,197085,6,45578,1,1,1
2128545,197085,6,39812,2,0,1
2128545,197085,6,436,3,1,2
2128545,197085,6,13219,4,1,3
2128545,197085,6,24852,5,1,4
2128545,197085,6,595,6,0,4
2128545,197085,6,4302,7,1,5
2128545,197085,6,19162,8,1,6
39446,197536,46,10148,1,1,1
39446,197536,46,649,2,1,2
39446,197536,46,29487,3,1,3
39446,197536,46,4605,4,1,4
39446,197536,46,46999,5,1,5
39446,197536,46,36262,6,0,5
39446,197536,46,5818,7,0,5
1500697,197683,7,14947,1,1,1
1500697,197683,7,44632,2,1,2
1500697,197683,7,26165,3,0,2
1500697,197683,7,19660,4,1,3
1500697,197683,7,24852,5,1,4
3009409,197962,30,38557,1,0,0
3009409,197962,30,13176,2,1,1
3009409,197962,30,30391,3,1,2
3319415,198009,16,26209,1,1,1
3319415,198009,16,35921,2,1,2
3319415,198009,16,17316,3,0,2
3319415,198009,16,45622,4,1,3
3319415,198009,16,18988,5,1,4
3319415,198009,16,9170,6,1,5
967273,198020,2,5876,1,0,0
967273,198020,2,14129,2,0,0
967273,198020,2,28234,3,0,0
2040407,198165,40,18722,1,1,1
2040407,198165,40,6935,2,1,2
1529816,198217,93,21454,1,0,0
923857,199163,9,2344,1,0,0
923857,199163,9,41593,2,0,0
923857,199163,9,21137,3,1,1
923857,199163,9,10070,4,1,2
923857,199163,9,47209,5,1,3
2005470,199190,33,21616,1,1,1
2005470,199190,33,33120,2,1,2
2005470,199190,33,36695,3,1,3
2005470,199190,33,34949,4,1,4
2005470,199190,33,31717,5,1,5
2005470,199190,33,3896,6,1,6
2005470,199190,33,5646,7,1,7
2005470,199190,33,5450,8,1,8
2005470,199190,33,8138,9,1,9
2005470,199190,33,14992,10,1,10
2005470,199190,33,46906,11,1,11
2005470,199190,33,27104,12,1,12
2005470,199190,33,6552,13,1,13
2005470,199190,33,44359,14,1,14
2005470,199190,33,37029,15,1,15
2005470,199190,33,17794,16,1,16
2005470,199190,33,27086,17,1,17
2005470,199190,33,5258,18,1,18
1789044,199665,1,45066,1,0,0
1789044,199665,1,28655,2,0,0
1789044,199665,1,46906,3,0,0
1789044,199665,1,14633,4,0,0
1789044,199665,1,31040,5,0,0
1789044,199665,1,32864,6,0,0
1789044,199665,1,48057,7,0,0
693617,199688,1,26209,1,0,0
693617,199688,1,18531,2,0,0
693617,199688,1,29801,3,0,0
693617,199688,1,36695,4,0,0
693617,199688,1,40706,5,0,0
693617,199688,1,21137,6,0,0
693617,199688,1,46979,7,0,0
693617,199688,1,35321,8,0,0
693617,199688,1,15455,9,0,0
693617,199688,1,35855,10,0,0
552595,199688,75,44257,1,1,1
552595,199688,75,18531,2,1,2
552595,199688,75,25931,3,1,3
552595,199688,75,36695,4,1,4
552595,199688,75,29801,5,1,5
552595,199688,75,31371,6,1,6
552595,199688,75,47626,7,1,7
552595,199688,75,42736,8,1,8
552595,199688,75,26209,9,1,9
552595,199688,75,11199,10,1,10
1472280,199746,14,10957,1,1,1
1472280,199746,14,24852,2,1,2
1472280,199746,14,31555,3,1,3
1472280,199746,14,8153,4,1,4
1472280,199746,14,48742,5,1,5
1472280,199746,14,21511,6,1,6
1472280,199746,14,14901,7,1,7
1472280,199746,14,8744,8,1,8
1472280,199746,14,22699,9,0,8
1472280,199746,14,8859,10,1,9
1472280,199746,14,40376,11,1,10
1472280,199746,14,19586,12,1,11
2358365,199781,6,24852,1,1,1
2358365,199781,6,14858,2,1,2
2358365,199781,6,20082,3,1,3
2358365,199781,6,5077,4,1,4
2358365,199781,6,32915,5,1,5
2358365,199781,6,33651,6,1,6
2358365,199781,6,45066,7,1,7
2358365,199781,6,17600,8,1,8
2358365,199781,6,30489,9,1,9
2358365,199781,6,7131,10,1,10
2358365,199781,6,39046,11,1,11
2358365,199781,6,1181,12,1,12
2358365,199781,6,47516,13,1,13
2358365,199781,6,37766,14,1,14
2358365,199781,6,6532,15,0,14
2358365,199781,6,31372,16,0,14
2358365,199781,6,48375,17,0,14
2358365,199781,6,48708,18,0,14
889321,199955,35,13292,1,1,1
889321,199955,35,9339,2,1,2
889321,199955,35,18980,3,1,3
889321,199955,35,13560,4,1,4
889321,199955,35,21137,5,1,5
889321,199955,35,15290,6,1,6
889321,199955,35,26324,7,1,7
889321,199955,35,45066,8,1,8
889321,199955,35,35750,9,1,9
889321,199955,35,25705,10,1,10
889321,199955,35,37766,11,1,11
889321,199955,35,24852,12,1,12
889321,199955,35,20866,13,1,13
889321,199955,35,13629,14,1,14
889321,199955,35,49555,15,1,15
889321,199955,35,2832,16,1,16
889321,199955,35,43249,17,1,17
889321,199955,35,4269,18,1,18
889321,199955,35,36695,19,1,19
889321,199955,35,40198,20,1,20
889321,199955,35,8518,21,1,21
889321,199955,35,19678,22,0,21
889321,199955,35,42239,23,1,22
889321,199955,35,12614,24,1,23
889321,199955,35,30391,25,0,23
889321,199955,35,45007,26,0,23
889321,199955,35,48870,27,0,23
1718253,200553,1,41400,1,0,0
1718253,200553,1,35561,2,0,0
1718253,200553,1,42629,3,0,0
1718253,200553,1,31912,4,0,0
2582749,200984,4,10957,1,1,1
2582749,200984,4,8475,2,1,2
2582749,200984,4,3389,3,1,3
2582749,200984,4,27616,4,1,4
2582749,200984,4,35656,5,0,4
1077640,201337,5,25199,1,1,1
1077640,201337,5,31181,2,1,2
1077640,201337,5,25837,3,1,3
1077640,201337,5,28325,4,1,4
1077640,201337,5,7806,5,1,5
1077640,201337,5,47209,6,1,6
1077640,201337,5,7622,7,0,6
1077640,201337,5,43484,8,0,6
1077640,201337,5,24852,9,0,6
1077640,201337,5,43086,10,1,7
1077640,201337,5,3957,11,1,8
1077640,201337,5,33198,12,0,8
2370090,201766,3,40939,1,1,1
2370090,201766,3,29373,2,0,1
2370090,201766,3,21925,3,1,2
2370090,201766,3,47766,4,1,3
2370090,201766,3,34013,5,1,4
2370090,201766,3,19283,6,0,4
2370090,201766,3,12265,7,0,4
2370090,201766,3,13176,8,0,4
2370090,201766,3,43295,9,0,4
2370090,201766,3,38321,10,0,4
2544855,201831,2,25087,1,0,0
2544855,201831,2,15937,2,0,0
2544855,201831,2,23909,3,0,0
2544855,201831,2,27171,4,0,0
2544855,201831,2,123,5,0,0
2544855,201831,2,44514,6,0,0
2544855,201831,2,19048,7,0,0
2544855,201831,2,43076,8,0,0
2544855,201831,2,47526,9,0,0
2544855,201831,2,14992,10,0,0
2544855,201831,2,18918,11,0,0
2544855,201831,2,20995,12,0,0
2544855,201831,2,42824,13,0,0
2544855,201831,2,32347,14,0,0
2544855,201831,2,28999,15,0,0
2544855,201831,2,1131,16,0,0
2544855,201831,2,9076,17,0,0
2173638,201853,16,38562,1,1,1
2173638,201853,16,10385,2,1,2
2173638,201853,16,21903,3,1,3
2173638,201853,16,30017,4,1,4
2173638,201853,16,26209,5,0,4
2173638,201853,16,18471,6,0,4
3359446,201947,3,43504,1,1,1
3359446,201947,3,44292,2,1,2
3359446,201947,3,15547,3,1,3
3359446,201947,3,23909,4,1,4
3359446,201947,3,38889,5,1,5
3359446,201947,3,48241,6,1,6
3359446,201947,3,30696,7,1,7
3359446,201947,3,42333,8,1,8
3359446,201947,3,23645,9,1,9
3359446,201947,3,48370,10,0,9
3359446,201947,3,34217,11,1,10
3359446,201947,3,18019,12,1,11
3359446,201947,3,13176,13,1,12
3359446,201947,3,3990,14,0,12
3359446,201947,3,982,15,0,12
3359446,201947,3,47017,16,0,12
3359446,201947,3,33129,17,0,12
2707549,201997,10,13431,1,0,0
2707549,201997,10,13176,2,1,1
2707549,201997,10,644,3,1,2
2707549,201997,10,35221,4,1,3
2707549,201997,10,47766,5,1,4
2707549,201997,10,15405,6,1,5
2707549,201997,10,14462,7,1,6
2707549,201997,10,32442,8,1,7
2707549,201997,10,39303,9,1,8
2707549,201997,10,7953,10,1,9
2707549,201997,10,29926,11,1,10
2707549,201997,10,41665,12,1,11
2707549,201997,10,22888,13,1,12
2707549,201997,10,13629,14,1,13
2707549,201997,10,6647,15,0,13
2707549,201997,10,39430,16,1,14
2707549,201997,10,21955,17,0,14
2707549,201997,10,22281,18,0,14
1780772,202500,16,19333,1,0,0
1780772,202500,16,46941,2,1,1
1780772,202500,16,21115,3,1,2
1780772,202500,16,24907,4,1,3
1780772,202500,16,5782,5,1,4
1780772,202500,16,21410,6,1,5
107884,202824,13,40708,1,0,0
107884,202824,13,10749,2,0,0
107884,202824,13,31506,3,0,0
107884,202824,13,47626,4,1,1
107884,202824,13,42625,5,1,2
107884,202824,13,13780,6,0,2
107884,202824,13,22935,7,0,2
107884,202824,13,44359,8,0,2
107884,202824,13,41259,9,0,2
107884,202824,13,28842,10,1,3
107884,202824,13,30480,11,0,3
107884,202824,13,27156,12,0,3
107884,202824,13,5769,13,0,3
107884,202824,13,18531,14,1,4
1290210,203440,43,13176,1,1,1
1290210,203440,43,13425,2,0,1
1290210,203440,43,25931,3,1,2
1290210,203440,43,41787,4,1,3
1290210,203440,43,44310,5,1,4
1290210,203440,43,17652,6,1,5
1290210,203440,43,24561,7,1,6
1290210,203440,43,39877,8,1,7
1290210,203440,43,47209,9,1,8
1290210,203440,43,35132,10,1,9
1290210,203440,43,13870,11,0,9
1290210,203440,43,26790,12,0,9
1290210,203440,43,35140,13,1,10
1290210,203440,43,21376,14,0,10
1290210,203440,43,11352,15,0,10
1290210,203440,43,5134,16,0,10
1290210,203440,43,24850,17,1,11
1290210,203440,43,27695,18,1,12
1290210,203440,43,8467,19,0,12
1290210,203440,43,18027,20,0,12
1290210,203440,43,48230,21,1,13
1290210,203440,43,16797,22,1,14
1290210,203440,43,12872,23,1,15
1290210,203440,43,32734,24,1,16
3290937,203556,5,20754,1,1,1
3290937,203556,5,15937,2,1,2
3290937,203556,5,46720,3,1,3
3290937,203556,5,9163,4,1,4
3290937,203556,5,46226,5,1,5
1123533,203858,26,47415,1,1,1
1123533,203858,26,8859,2,1,2
1123533,203858,26,21938,3,1,3
1123533,203858,26,17794,4,1,4
1589758,203896,14,3896,1,1,1
1589758,203896,14,11520,2,1,2
1589758,203896,14,41665,3,1,3
1589758,203896,14,47626,4,1,4
1589758,203896,14,21903,5,1,5
1589758,203896,14,21137,6,1,6
1589758,203896,14,17461,7,1,7
1589758,203896,14,3583,8,1,8
1589758,203896,14,43122,9,1,9
1589758,203896,14,7835,10,1,10
1589758,203896,14,47209,11,1,11
1589758,203896,14,41658,12,1,12
1589758,203896,14,41950,13,1,13
1589758,203896,14,11440,14,0,13
1589758,203896,14,42735,15,0,13
1589758,203896,14,41966,16,0,13
1589758,203896,14,45007,17,0,13
1589758,203896,14,16040,18,0,13
1589758,203896,14,12456,19,0,13
1589758,203896,14,7179,20,1,14
2368528,204544,43,24852,1,0,0
2368528,204544,43,2604,2,1,1
2368528,204544,43,43622,3,1,2
2368528,204544,43,8352,4,1,3
2368528,204544,43,46979,5,1,4
2368528,204544,43,7877,6,0,4
1149784,205068,27,32433,1,1,1
1149784,205068,27,9339,2,1,2
1149784,205068,27,34197,3,1,3
1149784,205068,27,2243,4,1,4
1149784,205068,27,27086,5,1,5
1149784,205068,27,4189,6,1,6
1033470,205287,22,31040,1,1,1
1033470,205287,22,22035,2,1,2
1033470,205287,22,11497,3,0,2
1033470,205287,22,17429,4,1,3
1033470,205287,22,21933,5,0,3
1033470,205287,22,5479,6,1,4
1033470,205287,22,46049,7,1,5
272157,205446,3,26369,1,1,1
272157,205446,3,11776,2,1,2
272157,205446,3,28842,3,1,3
272157,205446,3,36865,4,1,4
272157,205446,3,19677,5,0,4
272157,205446,3,31506,6,0,4
272157,205446,3,19503,7,0,4
272157,205446,3,39121,8,0,4
272157,205446,3,24531,9,0,4
272157,205446,3,47626,10,0,4
272157,205446,3,25355,11,0,4
272157,205446,3,24964,12,0,4
272157,205446,3,29970,13,1,5
272157,205446,3,21709,14,1,6
272157,205446,3,39968,15,1,7
272157,205446,3,24852,16,0,7
272157,205446,3,41665,17,0,7
272157,205446,3,6750,18,0,7
272157,205446,3,37029,19,0,7
272157,205446,3,21616,20,0,7
272157,205446,3,4562,21,0,7
272157,205446,3,21655,22,0,7
272157,205446,3,34243,23,0,7
272157,205446,3,4461,24,0,7
272157,205446,3,10749,25,0,7
272157,205446,3,8518,26,0,7
272157,205446,3,39475,27,0,7
31554,205691,6,6184,1,1,1
31554,205691,6,8803,2,0,1
1589126,205895,5,30169,1,1,1
1589126,205895,5,27662,2,1,2
1589126,205895,5,21137,3,1,3
1589126,205895,5,39121,4,1,4
1589126,205895,5,49075,5,1,5
1589126,205895,5,10070,6,0,5
1589126,205895,5,9934,7,0,5
1589126,205895,5,42265,8,0,5
1589126,205895,5,22613,9,0,5
1589126,205895,5,27966,10,0,5
1589126,205895,5,24489,11,0,5
1589126,205895,5,22935,12,0,5
349096,205897,3,34284,1,1,1
349096,205897,3,19101,2,0,1
349096,205897,3,22798,3,1,2
349096,205897,3,40531,4,1,3
349096,205897,3,14804,5,0,3
349096,205897,3,48246,6,0,3
349096,205897,3,8477,7,1,4
349096,205897,3,7649,8,0,4
2681105,205898,17,7963,1,1,1
2681105,205898,17,36397,2,1,2
2681105,205898,17,36792,3,1,3
2681105,205898,17,13176,4,1,4
2681105,205898,17,5212,5,1,5
2681105,205898,17,204,6,1,6
2681105,205898,17,34197,7,1,7
2681105,205898,17,13984,8,1,8
2681105,205898,17,33686,9,1,9
2681105,205898,17,33000,10,1,10
2681105,205898,17,8021,11,1,11
2681105,205898,17,12207,12,1,12
2681105,205898,17,5120,13,1,13
2681105,205898,17,22713,14,1,14
2681105,205898,17,17706,15,1,15
2681105,205898,17,31338,16,1,16
2681105,205898,17,21343,17,1,17
2681105,205898,17,712,18,0,17
2681105,205898,17,41844,19,0,17
2681105,205898,17,33198,20,0,17
2681105,205898,17,37158,21,0,17
2681105,205898,17,42828,22,0,17
2681105,205898,17,20670,23,0,17
2681105,205898,17,48595,24,1,18
2862144,205906,14,34829,1,1,1
2862144,205906,14,46149,2,1,2
2862144,205906,14,49235,3,1,3
2862144,205906,14,11759,4,0,3
1401309,206072,5,44683,1,0,0
1401309,206072,5,32691,2,1,1
1401309,206072,5,27790,3,1,2
1401309,206072,5,43154,4,1,3
1401309,206072,5,12341,5,1,4
911158,206074,1,24964,1,0,0
911158,206074,1,18880,2,0,0
911158,206074,1,38890,3,0,0
911158,206074,1,48857,4,0,0
911158,206074,1,22141,5,0,0
911158,206074,1,2014,6,0,0
