order_id,product_id,add_to_cart_order,reordered
322,13819,1,1
322,432,2,1
322,19311,3,1
322,36646,4,0
322,28842,5,1
322,41259,6,0
322,4605,7,0
322,46526,8,0
322,37011,9,0
5402,5250,1,1
5402,45045,2,1
5402,41787,3,1
5402,22035,4,1
5402,44560,5,1
5402,35221,6,1
5402,36216,7,1
5402,26790,8,1
5402,42803,9,0
5402,27156,10,1
5402,13740,11,1
5402,5194,12,1
5402,45767,13,1
5402,32293,14,0
5402,32360,15,1
5402,41665,16,1
5402,12597,17,1
5402,24841,18,1
5402,13829,19,1
5402,27544,20,0
5402,43352,21,0
5402,28862,22,0
5402,8012,23,0
5402,47900,24,0
5599,37869,1,0
5599,21616,2,0
5599,40516,3,0
5599,12980,4,0
5599,7419,5,0
5599,1408,6,0
5599,14992,7,0
5599,23341,8,0
5599,15602,9,0
5599,8424,10,0
5599,18596,11,0
5599,38635,12,0
6591,17872,1,0
6591,16083,2,1
6591,36117,3,1
6591,40706,4,1
6591,18523,5,1
6591,30391,6,1
6591,21903,7,1
6591,5514,8,1
6761,8016,1,0
6761,21884,2,0
6761,7736,3,0
6761,30352,4,0
6761,22474,5,0
6761,31577,6,0
6761,12916,7,0
6761,30095,8,0
6761,33655,9,0
6761,29941,10,0
6761,16797,11,0
11388,42811,1,0
11388,49235,2,0
11388,33195,3,0
11388,12817,4,0
11388,2078,5,0
11388,17200,6,0
11388,9551,7,0
16202,2966,1,1
16202,43122,2,1
16202,46676,3,1
16202,31553,4,1
16202,47766,5,1
16202,38662,6,1
16202,18465,7,1
16202,8277,8,1
16202,49683,9,1
16202,1194,10,1
16202,21288,11,0
16202,40821,12,1
21101,13431,1,1
21101,22035,2,1
21101,18531,3,1
21101,13176,4,1
21101,31717,5,1
21101,46720,6,1
21101,47209,7,1
21101,40723,8,1
21101,48857,9,1
21101,19478,10,1
21101,27423,11,1
21101,34448,12,1
23571,28572,1,1
23571,12962,2,1
23571,30338,3,1
23571,35055,4,1
23571,44728,5,0
31554,6184,1,1
31554,8803,2,0
32608,42803,1,0
34244,21903,1,1
34244,6347,2,1
34244,13176,3,1
34244,40516,4,1
34244,47766,5,1
34244,20280,6,1
34244,9472,7,1
34244,45007,8,1
34244,44683,9,1
34244,48775,10,1
34244,45200,11,1
34244,18288,12,1
34244,17794,13,1
34244,20114,14,1
34244,34358,15,1
34244,13535,16,0
34244,22993,17,0
34244,30305,18,1
34244,14833,19,0
34244,33750,20,0
34244,18993,21,0
34244,35140,22,0
34244,46979,23,1
34244,39275,24,1
34244,11107,25,0
35475,21616,1,1
35475,41787,2,0
35475,12149,3,0
35475,24563,4,0
35475,45681,5,0
35475,26586,6,0
36814,12756,1,0
36814,49075,2,1
36814,2452,3,1
36814,25371,4,1
36814,47719,5,1
36814,20327,6,1
36814,24852,7,1
36814,21903,8,1
36814,22908,9,1
36814,16589,10,1
39446,10148,1,1
39446,649,2,1
39446,29487,3,1
39446,4605,4,1
39446,46999,5,1
39446,36262,6,0
39446,5818,7,0
41376,6774,1,1
41376,3957,2,1
41376,26079,3,1
41376,3843,4,1
41376,35561,5,1
41376,45200,6,1
41376,39612,7,0
41376,1529,8,1
41376,34244,9,0
41376,2272,10,1
41376,30021,11,0
45189,17122,1,0
45229,15758,1,1
45229,17183,2,1
45229,17758,3,1
45229,11512,4,1
45229,46676,5,1
45229,34993,6,1
45229,33754,7,1
45229,30561,8,1
45229,16262,9,1
45229,42828,10,1
45229,27086,11,1
45229,48220,12,1
45229,38312,13,1
45229,31635,14,1
45229,49026,15,0
45229,14891,16,1
50904,32281,1,0
50904,35815,2,1
50904,2397,3,0
50904,6760,4,0
50904,12674,5,1
50904,41774,6,1
50904,49510,7,1
50904,10199,8,1
50904,47652,9,0
50904,28904,10,0
50904,30391,11,1
50904,12254,12,0
50904,12206,13,0
50904,8654,14,0
61558,19660,1,0
61558,17029,2,0
61558,28993,3,0
61558,42736,4,0
61558,14168,5,0
61558,1940,6,1
61558,47626,7,0
61558,1578,8,0
61558,10706,9,1
61558,43279,10,0
61558,38714,11,0
62477,18288,1,0
62477,27086,2,1
62477,48205,3,1
62477,23734,4,1
81253,43154,1,1
82135,42667,1,1
82135,19942,2,0
82135,26076,3,0
82135,43986,4,0
83824,4837,1,0
83824,2120,2,1
84785,12163,1,0
84785,31533,2,0
84785,31563,3,0
84785,49416,4,0
84785,35946,5,0
84785,41063,6,0
84785,15110,7,0
86849,13707,1,1
86849,44097,2,1
86849,31720,3,1
86849,12099,4,1
86849,43713,5,1
86849,39276,6,1
86849,34230,7,1
87749,44422,1,0
87749,2314,2,1
87749,45842,3,1
87749,45741,4,1
87749,10736,5,1
87749,39475,6,1
87749,27451,7,1
87749,45007,8,1
87749,10017,9,1
87749,46990,10,1
87749,30233,11,1
87749,24838,12,1
87749,9507,13,1
87749,42557,14,1
87749,18370,15,1
87749,44910,16,1
87749,38772,17,1
87749,49235,18,0
87749,8075,19,0
95801,43352,1,1
96619,45886,1,0
96619,83,2,1
96619,39732,3,1
96619,40545,4,1
96619,45104,5,1
96619,8859,6,1
96619,13440,7,0
96619,34356,8,1
96619,12703,9,1
96619,47000,10,0
101222,41588,1,1
101222,17584,2,1
101222,28553,3,0
101222,23236,4,0
101222,30450,5,0
101222,5024,6,0
101222,28849,7,0
101222,22395,8,0
101222,47766,9,0
101222,47144,10,0
101222,7241,11,0
101222,40229,12,1
101222,8193,13,0
101222,23634,14,0
101222,8670,15,0
101222,7461,16,0
101222,13829,17,0
101222,7021,18,1
101222,16797,19,0
101222,3376,20,0
101222,8412,21,0
101222,39639,22,0
101222,9076,23,0
107884,40708,1,0
107884,10749,2,0
107884,31506,3,0
107884,47626,4,1
107884,42625,5,1
107884,13780,6,0
107884,22935,7,0
107884,44359,8,0
107884,41259,9,0
107884,28842,10,1
107884,30480,11,0
107884,27156,12,0
107884,5769,13,0
107884,18531,14,1
112819,5646,1,1
112819,32857,2,1
114006,37646,1,0
114006,8277,2,0
114006,9507,3,0
114006,13877,4,0
114006,20995,5,0
114006,4957,6,0
114006,33787,7,0
114006,33754,8,0
114006,30252,9,0
114006,9028,10,0
114006,27344,11,0
114006,17652,12,0
114006,46990,13,0
114006,24062,14,0
114006,42193,15,0
114006,22825,16,0
114006,3464,17,0
114006,30720,18,0
114006,7963,19,0
114006,40268,20,0
114006,12980,21,0
114006,5646,22,0
114695,43772,1,1
114695,44632,2,1
114695,18993,3,1
114695,31373,4,1
114695,14240,5,1
114695,33071,6,1
115075,32884,1,1
115075,22935,2,1
115075,8339,3,1
115075,13852,4,0
115075,42265,5,1
115075,38739,6,1
115075,31075,7,0
126582,890,1,0
126582,34358,2,0
126582,21903,3,0
126582,13176,4,1
126582,39530,5,0
126582,36793,6,0
126582,13554,7,1
126582,14633,8,1
127309,43394,1,1
127309,46558,2,0
127309,17461,3,1
127309,37220,4,1
127309,24082,5,1
127309,24964,6,1
129682,32988,1,1
129682,20583,2,1
129682,28106,3,1
129682,39276,4,0
129682,6870,5,0
129682,15763,6,1
129682,9337,7,0
129682,327,8,1
133630,11078,1,0
133630,22025,2,1
133630,43295,3,1
133630,8022,4,1
134569,7131,1,1
134569,25890,2,1
134569,21137,3,1
134569,21288,4,1
134569,9387,5,1
134758,22963,1,1
134758,27454,2,1
134758,21137,3,1
138957,31981,1,0
138957,2745,2,1
142426,8832,1,1
142426,9810,2,1
142426,9477,3,1
142426,28427,4,1
142426,28110,5,1
142426,16759,6,0
142426,1090,7,0
142426,45681,8,1
142426,21890,9,1
142426,35233,10,0
142426,31683,11,1
142426,45007,12,0
142426,15109,13,1
142426,37766,14,1
142426,14381,15,0
142426,23347,16,1
142426,42356,17,0
142426,28204,18,0
142426,12624,19,0
142426,22707,20,0
142426,43391,21,0
142426,26604,22,0
142426,10673,23,0
142426,29487,24,0
142426,43772,25,0
142426,24235,26,0
142426,7673,27,0
142426,5539,28,0
142426,32655,29,0
149297,38311,1,1
149297,13870,2,1
149297,10125,3,1
152960,47900,1,1
152960,11520,2,1
152966,21100,1,1
152966,14165,2,1
152966,4210,3,1
152966,12304,4,1
152966,40535,5,1
152966,15528,6,1
152966,20227,7,0
152966,17258,8,0
152966,15685,9,0
152966,6856,10,1
153467,6104,1,1
153467,27845,2,1
153467,28849,3,1
153467,21903,4,1
153467,23236,5,1
153467,32486,6,1
153467,42265,7,1
153467,34034,8,1
153467,44580,9,1
153467,18027,10,0
153467,32347,11,0
153467,42617,12,0
153467,16145,13,0
153467,25890,14,0
154318,16616,1,0
154318,5449,2,0
154318,260,3,0
154318,13851,4,1
154318,5973,5,0
154318,21791,6,0
154318,26010,7,0
154318,34668,8,0
154318,47403,9,0
154318,3957,10,1
154318,33929,11,0
154318,20757,12,0
154318,35951,13,0
154318,16868,14,0
157195,37687,1,1
157195,42867,2,0
157195,6104,3,0
157970,23248,1,1
157970,48626,2,1
157970,14999,3,1
157970,39982,4,1
157970,43295,5,1
157970,9558,6,1
157970,1117,7,1
157970,6128,8,0
157970,25495,9,1
157970,2639,10,1
157970,8506,11,1
157970,24799,12,0
157970,40723,13,0
157970,43772,14,0
157970,20158,15,0
157970,48491,16,0
161752,44257,1,1
161752,35784,2,1
161752,18564,3,1
161752,8281,4,0
161752,49683,5,1
161752,38996,6,1
161752,14462,7,1
161752,44661,8,1
161752,46526,9,1
161752,21903,10,1
161752,22142,11,1
163450,16759,1,1
163450,31717,2,0
163450,16,3,0
163450,22035,4,1
163450,35535,5,0
163450,17794,6,1
163450,12113,7,0
163450,8193,8,0
163450,48416,9,0
170591,36929,1,0
170591,45679,2,0
170591,27554,3,0
170591,30135,4,0
170591,890,5,0
170591,9171,6,0
170591,4960,7,0
170591,45249,8,0
170591,13431,9,0
170591,44910,10,0
170591,22035,11,1
170591,32655,12,0
170591,6104,13,0
170591,1870,14,0
170591,17149,15,0
170591,44146,16,0
170591,49235,17,1
170591,24964,18,0
170591,44632,19,0
171592,33568,1,1
171592,405,2,0
171592,34065,3,0
171592,3957,4,1
171592,2966,5,0
171592,9754,6,1
171592,44500,7,1
171592,34427,8,0
171592,40706,9,1
171592,32869,10,0
171592,2383,11,0
171592,37065,12,0
171592,20697,13,0
177281,21616,1,1
177281,29307,2,1
177281,21183,3,0
177281,30776,4,0
177281,30494,5,1
177281,30489,6,1
185135,33153,1,0
185135,30036,2,0
185135,3008,3,0
185135,12129,4,0
192409,44643,1,1
192409,25256,2,1
192409,24944,3,1
192409,39812,4,1
192409,49533,5,1
192409,20632,6,1
192409,6341,7,1
192409,2748,8,1
192409,27344,9,1
192409,47521,10,1
192409,117,11,1
192409,41844,12,1
192409,8490,13,1
192997,325,1,1
192997,5653,2,1
192997,36118,3,1
192997,12140,4,1
192997,16234,5,1
192997,12011,6,1
192997,14726,7,1
192997,17744,8,1
192997,22275,9,0
192997,15872,10,0
192997,19057,11,0
192997,36085,12,0
193077,47209,1,0
193077,4945,2,1
193077,33232,3,1
193077,47626,4,1
193077,49683,5,1
193077,19322,6,1
193077,39190,7,1
193077,46667,8,1
193077,16083,9,1
193077,24759,10,1
193077,2429,11,1
193077,26209,12,1
193077,31404,13,1
193077,41212,14,1
193077,45066,15,1
193077,14195,16,1
193077,43352,17,1
193077,39877,18,1
193077,21903,19,1
193077,7503,20,1
193077,24120,21,0
194063,49683,1,1
194063,37053,2,0
194063,23400,3,0
194063,14197,4,1
194063,34126,5,0
194904,14084,1,1
194904,19660,2,1
194904,4920,3,1
194904,21137,4,1
194904,611,5,1
194904,20632,6,1
194904,26369,7,1
194904,44359,8,1
194904,5652,9,1
194904,31717,10,1
194904,22935,11,1
194904,17017,12,1
194904,44146,13,1
194904,45200,14,1
194904,5456,15,1
194904,45633,16,1
194904,436,17,1
194904,21938,18,1
194904,8025,19,1
194904,45063,20,1
208468,12341,1,1
208468,35561,2,1
210969,48647,1,1
210969,37646,2,1
210969,30233,3,0
210969,4367,4,1
210969,13409,5,1
210969,38456,6,1
210969,10305,7,1
213060,41445,1,0
213060,10862,2,0
213060,24852,3,1
213060,28226,4,1
213060,32429,5,0
213060,9839,6,1
213060,21137,7,1
213060,21174,8,0
213060,28985,9,0
213060,18465,10,1
213060,35221,11,1
213060,43643,12,1
213060,36406,13,1
213060,20899,14,1
213060,45106,15,0
213060,20764,16,1
213060,43713,17,0
213808,34969,1,1
213808,47029,2,0
213808,48726,3,0
213808,37825,4,1
213808,39409,5,1
213808,4920,6,1
213808,17794,7,1
213808,42347,8,1
221658,7131,1,1
221658,19204,2,1
221658,21137,3,1
221658,31640,4,1
221974,41665,1,1
221974,27690,2,1
221974,13838,3,1
221974,14862,4,1
221974,42402,5,1
221974,33198,6,1
221974,36953,7,1
221974,13945,8,1
221974,16715,9,1
222302,21903,1,1
222302,10998,2,0
222302,23545,3,0
222302,46049,4,0
222302,17355,5,0
222302,37019,6,0
222302,18770,7,0
222302,40604,8,1
222302,23835,9,0
226156,46900,1,0
226156,2748,2,1
226156,6341,3,0
226156,47209,4,0
226156,31717,5,0
226156,19261,6,0
226156,45504,7,0
226156,22113,8,1
228411,34128,1,1
228411,26209,2,1
228411,49683,3,1
228411,46676,4,1
228411,1402,5,1
228411,3712,6,1
228411,44292,7,1
228411,17902,8,1
228411,17794,9,1
228411,26165,10,1
228411,21872,11,1
228411,24184,12,1
228411,39922,13,1
228411,1158,14,1
228411,8580,15,1
228411,41329,16,1
228411,26604,17,1
228411,45007,18,1
228411,24852,19,1
228411,38456,20,1
230474,9825,1,1
230474,45104,2,1
230474,40852,3,1
230474,43961,4,1
230474,28985,5,1
230474,45645,6,1
230474,45535,7,0
230474,5883,8,1
230474,20876,9,1
230474,18923,10,0
230474,18523,11,0
230474,20574,12,0
230474,38273,13,0
230474,21500,14,0
230474,38622,15,0
230474,28934,16,0
230474,23192,17,0
230474,31433,18,0
230474,26282,19,0
230474,46692,20,0
233971,24838,1,1
233971,43295,2,1
233971,34276,3,1
233971,39408,4,0
235689,15290,1,0
235689,8518,2,0
235689,22935,3,1
235689,35939,4,0
235689,32290,5,0
235689,17429,6,0
235689,14678,7,1
235689,35264,8,0
235689,47766,9,1
235689,28476,10,0
235689,47912,11,1
235689,40706,12,0
239636,38456,1,0
239636,31915,2,0
239636,5212,3,1
239636,12576,4,0
239636,14084,5,1
239636,13176,6,1
239636,17485,7,0
239636,37508,8,0
239636,5451,9,1
239636,41065,10,0
239636,45007,11,1
239636,47766,12,1
239636,20995,13,0
239636,49273,14,0
239636,46876,15,0
239636,13212,16,0
239636,45063,17,1
239636,33195,18,0
239636,31486,19,0
239636,13143,20,0
239636,12442,21,0
239636,36342,22,0
239636,48034,23,0
241131,39928,1,0
241131,49026,2,1
241131,43944,3,1
241131,14084,4,1
241131,20367,5,1
241131,36724,6,1
241131,9748,7,1
241131,4149,8,1
241131,42699,9,1
241131,12703,10,0
241131,1994,11,1
241131,14309,12,0
241131,17231,13,0
241131,17944,14,0
241131,21183,15,0
247699,12551,1,0
247699,49113,2,1
250294,24841,1,0
263784,30348,1,0
263784,22959,2,1
263784,32679,3,0
263784,4377,4,0
263784,47866,5,0
263784,8195,6,0
263784,3044,7,0
266304,35629,1,0
266304,31717,2,0
266304,45007,3,0
266304,17619,4,0
266304,1787,5,0
266304,40873,6,0
268502,47788,1,1
268502,25588,2,1
268502,29223,3,1
268502,4920,4,1
268502,5351,5,1
270802,29127,1,0
270802,43693,2,1
270802,32403,3,1
272157,26369,1,1
272157,11776,2,1
272157,28842,3,1
272157,36865,4,1
272157,19677,5,0
272157,31506,6,0
272157,19503,7,0
272157,39121,8,0
272157,24531,9,0
272157,47626,10,0
272157,25355,11,0
272157,24964,12,0
272157,29970,13,1
272157,21709,14,1
272157,39968,15,1
272157,24852,16,0
272157,41665,17,0
272157,6750,18,0
272157,37029,19,0
272157,21616,20,0
272157,4562,21,0
272157,21655,22,0
272157,34243,23,0
272157,4461,24,0
272157,10749,25,0
272157,8518,26,0
272157,39475,27,0
283772,24852,1,1
283772,32655,2,1
283772,11777,3,1
283772,22959,4,1
283772,43295,5,1
283772,33642,6,1
283772,9092,7,1
283772,8230,8,0
284189,47000,1,1
284189,29801,2,1
284189,39046,3,1
284189,40174,4,1
284189,432,5,1
284189,4652,6,1
284189,40945,7,0
284189,16056,8,0
284189,38067,9,0
284189,22142,10,0
284189,3479,11,0
284189,14705,12,1
284189,37016,13,0
284189,15359,14,0
284189,47651,15,0
284189,7156,16,0
284189,39693,17,0
284189,42625,18,0
284189,28571,19,0
291265,20995,1,1
291265,890,2,0
291265,27156,3,1
291265,10492,4,0
302743,26369,1,1
302743,24852,2,1
302743,21938,3,1
302743,7021,4,0
302743,33741,5,0
302743,22504,6,1
302743,2855,7,1
304534,3957,1,1
304534,27966,2,1
304534,13176,3,1
304534,26604,4,1
304534,6347,5,1
304534,44359,6,1
304534,8802,7,1
304534,37257,8,1
304534,16521,9,0
304534,6839,10,1
304534,8425,11,0
304534,1752,12,0
304534,40198,13,0
304534,46886,14,0
304534,36039,15,0
306597,14947,1,1
306597,27086,2,1
306597,27297,3,1
306597,11712,4,1
306597,24852,5,1
306597,23630,6,1
306597,39408,7,1
306597,37418,8,1
306597,47792,9,1
306597,12467,10,1
316452,10371,1,1
316452,21903,2,1
322025,27845,1,1
322025,27744,2,1
322025,14702,3,1
322025,32757,4,1
322025,24852,5,1
323588,17902,1,1
323588,32689,2,0
328187,48600,1,0
328187,41063,2,0
328187,4130,3,0
328187,13176,4,1
328187,36127,5,1
328187,21137,6,1
328187,27966,7,1
328187,42561,8,1
328187,36342,9,1
328187,14084,10,1
328187,46906,11,1
328187,33000,12,0
328187,24704,13,1
328187,17630,14,1
328187,15567,15,1
328187,47209,16,0
328187,8467,17,0
328187,7205,18,0
328187,41458,19,0
328187,35815,20,0
328187,4357,21,0
328187,35140,22,0
332059,43352,1,1
332059,42506,2,1
332059,17862,3,0
345398,13166,1,1
345398,12341,2,1
345398,5785,3,1
345398,23417,4,0
345398,31461,5,0
345398,12381,6,1
345398,26369,7,1
345398,13176,8,1
345398,5467,9,1
345398,17794,10,1
345398,47734,11,1
345398,7054,12,1
347123,12899,1,1
347123,16797,2,1
347123,43352,3,1
347123,21292,4,1
347123,4913,5,1
349009,14947,1,1
349009,44632,2,1
349009,35221,3,1
349009,49191,4,0
349009,26620,5,0
349096,34284,1,1
349096,19101,2,0
349096,22798,3,1
349096,40531,4,1
349096,14804,5,0
349096,48246,6,0
349096,8477,7,1
349096,7649,8,0
349480,45842,1,0
349480,14117,2,0
349480,19677,3,0
349480,23953,4,0
349480,27553,5,0
350234,19348,1,1
350234,45066,2,1
350234,7371,3,1
350234,47766,4,1
350234,28289,5,1
350234,5959,6,0
350234,15630,7,1
350234,22227,8,0
350234,21914,9,0
350234,47717,10,0
350234,26209,11,1
350234,14218,12,0
350582,812,1,1
350582,172,2,1
350582,40709,3,1
350582,34866,4,1
352443,37710,1,0
352443,13424,2,0
357234,6104,1,1
357234,21137,2,1
357234,26384,3,1
357234,13176,4,1
357234,38689,5,1
357234,40706,6,1
357234,27966,7,1
357234,46906,8,1
357234,44580,9,1
357234,10017,10,1
357234,17794,11,1
357234,39391,12,1
357234,21903,13,0
357234,27521,14,1
357234,37288,15,0
362846,34497,1,0
362846,41540,2,0
362846,33768,3,1
362846,40879,4,1
370781,30391,1,0
370781,21115,2,1
370781,42585,3,0
370781,4605,4,1
370781,18339,5,1
370781,29487,6,1
370781,4671,7,0
370781,17794,8,1
370781,31573,9,0
370781,16325,10,0
370781,28842,11,1
370781,17634,12,0
370781,21795,13,0
374542,859,1,0
374542,10032,2,0
374542,5262,3,0
374542,30695,4,0
374542,45188,5,0
374542,48433,6,0
381983,27086,1,1
381983,16797,2,1
381983,13176,3,1
381983,24184,4,1
381983,21903,5,1
381983,34244,6,1
381983,48679,7,1
381983,47900,8,1
381983,11109,9,1
381983,9952,10,1
381983,47766,11,1
381983,9803,12,1
381983,17835,13,1
381983,43086,14,1
381983,39732,15,1
381983,39877,16,1
381983,17794,17,1
381983,16521,18,0
381983,24830,19,1
381983,33000,20,1
381983,10246,21,1
381983,11777,22,1
381983,17027,23,1
381983,37966,24,1
381983,5132,25,0
381983,45246,26,1
381983,5896,27,0
381983,33845,28,0
384505,47931,1,1
384505,5460,2,0
384505,23734,3,0
384505,44987,4,0
384505,1313,5,1
384505,16419,6,1
384505,46941,7,0
384505,38139,8,0
384505,8460,9,0
384505,20768,10,0
384505,21781,11,0
384505,9477,12,0
384505,32707,13,0
384505,46041,14,0
384823,27344,1,1
384823,36165,2,0
384823,29589,3,1
384823,30382,4,0
384823,39094,5,0
384823,18288,6,1
384823,49235,7,0
384823,38772,8,0
384823,5856,9,0
389604,5496,1,1
389604,7521,2,1
389604,35221,3,1
389604,20119,4,1
389604,3721,5,1
389604,4462,6,1
389604,48210,7,1
389842,22963,1,0
389842,48765,2,0
389842,1639,3,0
389842,10369,4,0
389842,25879,5,0
389842,27086,6,0
389842,39228,7,0
389842,14678,8,0
389842,7539,9,0
389842,25998,10,0
389842,37157,11,0
389842,42296,12,0
389842,15384,13,0
389842,38875,14,1
389842,13338,15,0
389842,45552,16,0
389842,37478,17,0
389842,31225,18,0
389842,33642,19,0
389842,2116,20,0
389842,36438,21,0
389842,35140,22,0
389842,21616,23,0
389842,38647,24,0
389842,21137,25,0
391024,25466,1,0
391024,37374,2,1
391024,32553,3,0
391024,2797,4,1
391024,9712,5,0
391024,5623,6,0
391024,45607,7,1
391024,30068,8,0
391024,12086,9,0
391024,27696,10,1
391053,44368,1,1
391053,4724,2,1
391053,21903,3,0
398840,24799,1,1
398840,36865,2,0
398840,26131,3,1
398840,2086,4,1
398840,27086,5,1
398840,15592,6,0
398840,24852,7,0
403179,35284,1,0
403179,38200,2,1
403179,47611,3,1
403179,36310,4,1
403179,449,5,1
403179,4137,6,0
403179,24797,7,1
403179,14140,8,1
403179,27102,9,1
403179,6631,10,1
403179,21179,11,1
403179,22017,12,1
403179,45440,13,1
403179,23041,14,1
403179,15716,15,0
403179,22699,16,0
403179,17634,17,0
403179,47766,18,0
403179,1393,19,0
403179,9152,20,1
403179,33438,21,0
403179,33129,22,0
409097,34047,1,1
409097,39921,2,0
409097,19688,3,1
409097,11471,4,1
409097,43932,5,1
409097,35234,6,1
409097,35898,7,0
409097,21025,8,0
412496,46979,1,1
412496,6265,2,1
412496,13733,3,1
412496,480,4,0
412496,9139,5,0
412496,25146,6,0
412496,15412,7,0
412496,29082,8,1
414129,3318,1,1
414129,43202,2,1
414129,30639,3,1
414129,37358,4,1
414129,2456,5,1
414129,5385,6,1
414129,31587,7,1
414129,47006,8,1
414129,34635,9,1
414129,32099,10,1
414129,15322,11,1
414129,29471,12,1
414129,15344,13,1
414129,743,14,1
414129,25830,15,1
414129,37229,16,1
414129,19933,17,1
414129,34598,18,1
414129,11158,19,1
414129,43886,20,1
414129,115,21,1
415162,34850,1,0
415162,6948,2,1
415162,21616,3,1
415162,13176,4,1
415162,20246,5,1
415162,6585,6,1
415162,29987,7,1
415162,16540,8,1
415162,459,9,1
415162,5077,10,1
415162,26163,11,0
415162,40501,12,0
415162,19706,13,1
415162,8727,14,0
421289,14129,1,1
421289,46847,2,1
421289,8424,3,1
421289,9020,4,1
421289,39877,5,1
421289,31343,6,1
421289,27521,7,1
429245,48577,1,1
429245,23044,2,0
429245,22164,3,1
429245,33198,4,1
429245,25020,5,0
429245,13660,6,0
429245,47209,7,1
429245,19677,8,1
429245,43352,9,0
446529,49026,1,0
446529,31635,2,0
446529,38312,3,0
446529,24852,4,0
446529,28199,5,0
446529,24533,6,1
446529,48527,7,1
446529,17122,8,1
446529,18281,9,0
446529,38656,10,0
446529,6069,11,0
446529,20361,12,1
446529,25462,13,0
456868,24852,1,1
456868,16797,2,0
456868,42495,3,0
456868,28204,4,0
456868,49605,5,1
456868,15485,6,0
456868,23102,7,0
456868,17316,8,0
456868,40174,9,0
456868,49517,10,0
458292,47766,1,1
458292,24852,2,1
458292,10121,3,1
458292,38837,4,1
458292,10605,5,1
458292,24561,6,1
458292,49608,7,1
458292,35242,8,1
458292,15649,9,1
458292,42265,10,1
458292,1035,11,1
458292,34214,12,1
458292,9178,13,1
458292,42450,14,0
458292,14126,15,0
458292,6348,16,0
458292,23919,17,1
458292,5130,18,1
458292,11520,19,1
458292,48857,20,1
458292,48239,21,1
458292,25466,22,1
458292,32911,23,1
458292,22950,24,0
458292,13838,25,0
468521,5157,1,1
468521,1689,2,0
468521,9076,3,0
468521,21288,4,0
468521,32689,5,0
480156,13629,1,0
480156,9339,2,0
480156,8277,3,0
480156,38456,4,0
480156,10749,5,0
480156,21137,6,0
480156,4486,7,0
480156,21872,8,0
480156,2611,9,0
493787,27511,1,1
493787,39877,2,0
493787,46667,3,1
494332,28204,1,1
494332,2295,2,1
494332,15290,3,1
494332,21288,4,1
494332,42265,5,1
494332,42585,6,1
494332,28849,7,1
494332,49175,8,1
494332,47766,9,0
494332,41463,10,0
494332,7021,11,0
494332,17878,12,0
494332,48204,13,0
500117,30391,1,1
500117,24382,2,1
500117,44987,3,1
503029,44008,1,1
503029,19446,2,1
503029,13176,3,1
503029,39275,4,1
506620,12109,1,1
506620,48154,2,0
506620,21246,3,1
506620,34234,4,1
506620,23909,5,1
506620,22959,6,1
510990,13575,1,0
516403,20711,1,1
516403,3473,2,1
516403,42240,3,1
516403,25718,4,0
516403,47977,5,1
516403,37033,6,0
517552,38985,1,1
517945,28204,1,1
517945,47766,2,1
517945,38689,3,1
517945,49247,4,1
517945,4793,5,1
517945,22035,6,1
517945,15649,7,1
517945,9076,8,1
517945,20549,9,0
517945,22400,10,0
518700,47402,1,1
518700,33783,2,1
518700,46562,3,1
518700,37710,4,1
535392,3957,1,1
535392,4451,2,1
535392,32320,3,1
535392,34,4,1
535392,44632,5,1
535392,24964,6,1
535392,18027,7,1
535392,35168,8,0
535392,22418,9,0
535392,31506,10,0
535392,21709,11,0
535392,49520,12,0
535392,1511,13,0
535392,26842,14,0
536731,42240,1,0
536731,27629,2,0
536731,31215,3,0
536731,39275,4,0
536731,4081,5,0
536731,10722,6,0
536731,27966,7,0
536731,30183,8,0
536731,25985,9,0
536731,29091,10,0
536731,10343,11,0
536731,19174,12,0
536731,28571,13,0
539865,48577,1,1
539865,19051,2,1
539865,6391,3,1
539865,36316,4,0
539865,12576,5,0
539865,44632,6,1
539865,7693,7,1
539865,37029,8,0
539865,49374,9,0
539865,10826,10,0
544166,21137,1,1
546893,2038,1,1
546893,43183,2,1
546893,35383,3,1
546893,26040,4,1
546893,4605,5,1
546893,33050,6,1
546893,35365,7,1
546893,33651,8,0
546893,24297,9,1
546893,19218,10,0
546893,15100,11,0
552595,44257,1,1
552595,18531,2,1
552595,25931,3,1
552595,36695,4,1
552595,29801,5,1
552595,31371,6,1
552595,47626,7,1
552595,42736,8,1
552595,26209,9,1
552595,11199,10,1
557274,1511,1,1
557274,21137,2,1
557274,38777,3,1
557274,42265,4,1
557274,8138,5,1
557274,9337,6,0
557274,24964,7,1
557274,22935,8,1
557274,46667,9,0
557274,25425,10,0
557274,25659,11,0
557274,31717,12,0
557274,481,13,0
557274,8277,14,1
557274,27122,15,1
557274,35084,16,1
557274,47766,17,1
557274,25256,18,1
557274,31995,19,1
557274,38164,20,1
557274,31865,21,1
557274,26790,22,0
557274,3007,23,1
557274,26604,24,1
557274,3899,25,1
559469,47244,1,1
559469,49520,2,1
559469,33351,3,1
559469,36170,4,1
559469,3389,5,1
561269,27511,1,1
561269,27966,2,1
561269,46979,3,1
561269,26165,4,1
561269,26047,5,1
561269,17600,6,1
565582,40313,1,0
565582,48118,2,0
565582,27662,3,0
565582,48645,4,1
565582,581,5,0
565582,44570,6,0
565582,37991,7,0
567143,7131,1,1
567143,21195,2,1
567143,12899,3,0
580816,27985,1,1
580816,36107,2,1
580816,10133,3,1
580816,15489,4,1
580816,32650,5,1
580816,16254,6,1
580816,10673,7,1
580816,38672,8,1
580816,23892,9,1
580816,33439,10,1
580816,37479,11,1
580816,47865,12,0
584013,43295,1,1
584013,47209,2,1
584013,13176,3,1
584013,45445,4,1
584013,17807,5,1
584013,49416,6,1
584013,47977,7,1
584013,47626,8,1
584013,47610,9,1
584013,36482,10,0
584013,17568,11,1
584013,389,12,1
584013,7963,13,1
584013,2295,14,1
584013,5463,15,1
584013,27544,16,0
584013,10385,17,1
584013,46676,18,0
584013,40146,19,0
586944,47766,1,1
586944,21709,2,1
586944,20919,3,1
586944,12285,4,1
586944,47965,5,1
586944,37653,6,1
586944,37374,7,0
586944,18249,8,0
586944,14048,9,0
586944,3231,10,0
586944,4410,11,0
586944,21377,12,0
586944,40332,13,1
586944,43867,14,0
590363,177,1,1
590363,24561,2,1
590363,47209,3,1
590363,22935,4,1
590363,45066,5,1
590363,25705,6,1
590363,14233,7,1
590363,18828,8,1
590363,1408,9,1
590363,11408,10,1
590363,2452,11,1
590363,13851,12,1
590363,16759,13,0
590363,17461,14,1
590363,46720,15,1
590363,10749,16,1
590363,20114,17,1
590363,5994,18,1
590363,10895,19,1
590363,34969,20,1
590363,8127,21,1
591595,24852,1,1
591595,21616,2,1
591595,37141,3,1
591595,19451,4,1
591595,20734,5,0
591595,22935,6,0
591595,13874,7,0
591595,30391,8,0
591595,23165,9,0
591595,26940,10,0
591595,40706,11,0
593900,39820,1,1
593900,16096,2,1
593900,2633,3,0
596822,37646,1,1
596822,39928,2,1
596822,6104,3,1
596822,18918,4,1
596822,31506,5,1
596822,45007,6,1
596822,19048,7,1
597717,47815,1,1
597717,23763,2,0
597717,49235,3,0
597717,12576,4,1
597717,39947,5,1
597717,30353,6,1
597717,45747,7,1
597717,5819,8,0
597717,46764,9,0
598476,329,1,1
598476,24852,2,0
598476,47766,3,0
598476,39275,4,1
598476,19057,5,1
598476,11520,6,0
598476,34358,7,0
598476,7704,8,0
598476,8518,9,0
598476,4605,10,0
598476,21903,11,1
599925,15399,1,1
599925,19660,2,1
599925,38656,3,0
601540,42415,1,0
601540,22211,2,0
601540,1194,3,0
601540,33198,4,0
601540,2099,5,0
601540,29941,6,0
601540,37067,7,0
601540,19691,8,0
601540,43961,9,0
601540,48057,10,0
601540,21137,11,0
601540,21526,12,0
601540,40488,13,0
601540,47977,14,0
601540,36316,15,0
601540,35221,16,0
601540,4620,17,0
601540,5785,18,0
604890,10017,1,0
607502,32971,1,0
607502,16961,2,0
607502,46820,3,1
607502,16759,4,1
607502,4472,5,1
607502,16168,6,1
608190,29447,1,1
608190,9137,2,1
608190,48226,3,0
608190,24852,4,0
608190,47847,5,0
612304,6576,1,1
612304,41844,2,1
612304,34898,3,0
612304,1940,4,1
612304,12140,5,1
612304,25298,6,1
612304,13203,7,0
612304,18721,8,0
612304,46586,9,0
612304,46593,10,0
612304,22787,11,0
612304,21139,12,0
626550,2258,1,1
626550,11631,2,1
626550,22767,3,1
626550,277,4,1
626550,2872,5,1
626550,7901,6,1
626550,16696,7,1
626550,14875,8,1
626550,40287,9,1
626550,33086,10,0
626550,24053,11,1
626550,10673,12,1
626550,4889,13,0
626848,42460,1,1
626848,40852,2,1
626848,2295,3,1
626848,26369,4,1
626848,13176,5,1
626848,18234,6,1
626848,20600,7,1
626848,27316,8,1
626848,43352,9,1
626848,9839,10,0
626848,47766,11,1
629368,13176,1,1
629368,41950,2,1
629368,15613,3,1
629368,28745,4,1
629368,30909,5,1
629368,18656,6,1
631347,4493,1,1
631347,36135,2,1
631347,3599,3,1
631347,5785,4,0
631347,26706,5,0
631347,40709,6,1
631347,9808,7,0
631347,37119,8,1
639604,47766,1,1
639604,45066,2,1
639604,35108,3,0
639604,27845,4,1
639604,17872,5,1
639604,33845,6,1
639604,39561,7,0
639604,27156,8,0
639604,16797,9,1
640090,47209,1,1
640090,5428,2,1
640090,23282,3,1
640090,7559,4,1
640090,17771,5,1
640090,35939,6,1
640090,13712,7,0
640090,432,8,1
640090,43713,9,0
640090,7988,10,0
640090,44479,11,0
640090,3957,12,0
645036,15945,1,1
645036,44085,2,1
645036,14519,3,0
645036,32605,4,0
645036,15664,5,1
645036,4471,6,0
645036,15290,7,1
645036,34615,8,0
645036,41273,9,1
645036,12679,10,0
645036,1503,11,1
645036,44570,12,1
645036,4620,13,1
645036,5025,14,1
645036,6025,15,0
645036,27361,16,1
645036,11526,17,0
645036,38000,18,1
650651,25890,1,1
650651,47144,2,0
650651,49075,3,1
650651,46906,4,1
650651,25340,5,0
651634,23233,1,1
651634,23644,2,1
651634,32655,3,1
651634,29127,4,1
651634,12315,5,1
651634,12384,6,1
651634,47802,7,0
651634,17948,8,1
651634,45007,9,1
651634,34969,10,1
651634,8518,11,0
651634,48755,12,0
651634,5031,13,1
651634,12031,14,1
651634,19508,15,1
652382,27662,1,1
652382,33909,2,1
652382,42731,3,1
652382,45924,4,1
657351,3957,1,0
657351,2716,2,0
657351,45210,3,0
657351,47029,4,0
657351,35851,5,0
657351,42710,6,0
657351,1577,7,0
657351,45946,8,0
657351,21777,9,1
657351,11193,10,1
657351,22227,11,0
657351,5250,12,0
657351,33716,13,0
657351,21914,14,0
657351,10551,15,0
657351,2661,16,0
657351,31338,17,1
657351,46709,18,0
657351,49588,19,0
657351,38384,20,0
657351,38164,21,0
657351,2480,22,0
657351,43165,23,0
657351,19677,24,0
660164,20899,1,1
660164,43643,2,1
660164,38562,3,1
660164,16198,4,1
660164,19678,5,1
660164,27966,6,1
660164,6184,7,1
660164,48845,8,1
660164,43818,9,1
660164,4193,10,1
660164,29975,11,1
661374,11520,1,0
661374,20943,2,0
661374,41665,3,0
661374,22228,4,0
661374,9322,5,0
661374,28535,6,0
661374,21267,7,0
661374,27845,8,0
661374,6631,9,0
661374,3697,10,0
661374,31040,11,0
661374,27966,12,0
661374,13176,13,0
661374,47209,14,0
661374,22935,15,0
661374,43961,16,0
661374,10246,17,0
661374,26940,18,0
661374,9755,19,0
661374,41950,20,0
663164,35914,1,1
663164,5077,2,1
663164,29034,3,1
663164,29615,4,1
663164,34368,5,1
663164,48695,6,1
663164,40332,7,1
663164,40709,8,1
663164,11323,9,1
663164,36843,10,1
663164,26348,11,1
663164,6128,12,1
663164,21333,13,1
663164,28911,14,1
663164,12493,15,0
663164,11412,16,0
663164,43973,17,1
663164,43867,18,1
663164,7751,19,0
663164,19468,20,0
663164,28647,21,1
663164,39491,22,1
670050,47209,1,1
670050,30169,2,1
670050,24852,3,0
670050,32177,4,1
670050,19457,5,1
670050,21137,6,0
672303,21938,1,1
672303,29487,2,1
672303,44799,3,1
672303,48819,4,1
672303,25146,5,1
672303,37215,6,1
672303,1398,7,1
672303,27458,8,0
672716,18963,1,0
672716,21903,2,0
672716,34374,3,0
672716,46667,4,0
672716,39475,5,0
672716,24852,6,1
672716,8203,7,0
672716,9327,8,0
672716,21616,9,0
672716,13535,10,0
675410,9510,1,0
675410,4347,2,0
675410,8424,3,0
675410,44142,4,0
675410,34358,5,0
675410,7301,6,0
675410,33568,7,0
675410,5976,8,0
675410,10151,9,1
675410,42980,10,1
675410,49683,11,0
675410,24184,12,0
675410,12288,13,0
675410,7963,14,0
675410,49325,15,0
675410,24658,16,0
675410,14519,17,0
677154,38689,1,1
679385,28985,1,1
679385,1999,2,1
681045,24852,1,1
681045,23909,2,1
681045,16797,3,1
681045,6873,4,1
681045,45064,5,1
681045,15424,6,1
681045,19871,7,1
681045,9120,8,1
681045,43352,9,1
681045,29758,10,1
681045,34230,11,1
681045,44199,12,1
681045,17122,13,1
681045,35752,14,1
681045,16020,15,1
681045,38739,16,1
681045,19546,17,1
681045,16965,18,1
681045,18019,19,1
681045,39719,20,1
681045,42936,21,1
681045,31848,22,1
681045,19863,23,1
681045,20842,24,0
681045,27796,25,1
681045,14992,26,1
681045,6069,27,1
681045,2091,28,0
681045,39457,29,0
681045,42834,30,1
685731,29778,1,0
685731,34504,2,0
685731,14999,3,0
685731,27864,4,0
689129,24852,1,0
689129,30002,2,0
689129,1516,3,0
689129,2979,4,0
689129,43717,5,0
689129,21019,6,0
689129,22993,7,0
689129,43205,8,0
689129,790,9,0
689129,49351,10,0
689129,24838,11,0
689129,21194,12,0
689129,42265,13,0
693617,26209,1,0
693617,18531,2,0
693617,29801,3,0
693617,36695,4,0
693617,40706,5,0
693617,21137,6,0
693617,46979,7,0
693617,35321,8,0
693617,15455,9,0
693617,35855,10,0
697845,18891,1,1
697845,13870,2,1
697845,12674,3,1
697845,21761,4,1
697845,48022,5,1
697845,11132,6,1
697845,3887,7,0
698422,9387,1,1
698422,47977,2,1
698422,24964,3,1
698422,17794,4,1
698422,5785,5,1
698422,46654,6,1
698422,22935,7,1
698422,22825,8,1
698422,16797,9,1
698422,25138,10,1
698422,45007,11,1
698422,41065,12,0
698422,43772,13,0
698422,1463,14,1
698422,39301,15,1
698422,48795,16,1
698422,36772,17,0
698422,47209,18,1
698422,48679,19,1
698422,9839,20,0
698422,34050,21,0
700063,712,1,1
700063,45437,2,1
700063,36956,3,1
700063,4781,4,1
700063,13176,5,1
700063,43961,6,1
700063,2966,7,1
700063,43450,8,1
700063,3765,9,1
700063,21137,10,0
700063,46047,11,1
700063,27850,12,1
700063,39275,13,0
700063,26209,14,0
700063,27966,15,1
700063,5653,16,1
700063,21384,17,0
700063,27044,18,0
700063,34023,19,0
701474,47599,1,0
701474,13641,2,1
701474,37940,3,1
701474,35440,4,0
701474,10673,5,1
701474,47962,6,1
706187,36724,1,1
706641,13176,1,1
706641,21137,2,1
706641,45007,3,1
706641,30391,4,1
706641,5692,5,0
706641,25133,6,1
706641,47734,7,0
706641,24184,8,0
706641,12480,9,0
706641,45582,10,0
706641,46979,11,0
706641,28535,12,0
706641,43713,13,0
706641,7175,14,0
706641,4656,15,0
706641,38827,16,1
706641,18441,17,1
709560,27223,1,0
709560,26327,2,0
709560,14764,3,1
717837,25379,1,1
717837,4557,2,1
717837,31759,3,0
717837,34005,4,1
717837,21292,5,0
727225,23102,1,1
727225,18599,2,1
727225,29586,3,1
727225,5744,4,1
727225,7631,5,0
744648,26096,1,0
744648,28576,2,0
744648,9076,3,0
744648,35221,4,0
746810,16797,1,1
746965,2954,1,1
746965,10749,2,1
746965,27104,3,1
746965,45535,4,1
746965,22935,5,1
746965,24964,6,1
746965,47209,7,1
746965,14947,8,1
746965,25466,9,1
746965,44359,10,1
746965,31275,11,1
746965,27451,12,1
746965,2480,13,1
746965,33257,14,1
746965,38273,15,1
746965,36528,16,0
746965,38596,17,1
746965,38295,18,1
748006,31127,1,1
748006,18434,2,1
755358,48812,1,0
755358,500,2,0
764296,18113,1,1
766248,37726,1,1
766248,1025,2,1
766248,31553,3,1
766248,45938,4,0
766248,13636,5,0
766248,12748,6,0
766248,14992,7,1
766248,28606,8,1
766248,22247,9,0
766248,8479,10,0
766449,16953,1,0
766449,35267,2,0
766449,14996,3,0
766449,34451,4,0
766449,34496,5,0
766449,15664,6,0
767160,9071,1,1
767160,49683,2,1
767160,40706,3,1
767160,31555,4,1
767160,39993,5,1
767160,44299,6,1
767160,24993,7,1
767160,42265,8,1
767160,4920,9,1
767160,48485,10,1
771747,27845,1,0
771747,45007,2,0
771747,44142,3,0
771747,20324,4,0
771747,19455,5,0
771747,48720,6,0
771747,19348,7,0
771747,23537,8,0
771747,42736,9,0
771747,13176,10,0
771747,7021,11,0
771747,40992,12,0
771747,5373,13,0
771747,43073,14,0
771747,22260,15,0
771747,37739,16,0
771747,40396,17,0
771747,9472,18,0
773487,34126,1,1
773487,36253,2,1
773487,38273,3,0
773487,14633,4,0
773487,19660,5,1
778025,16349,1,0
778025,13208,2,0
778025,32465,3,1
778025,27010,4,0
778025,49481,5,0
778025,28556,6,0
778025,37449,7,0
778025,35004,8,0
778025,9844,9,0
786546,6631,1,1
786546,29675,2,1
786546,25824,3,1
786546,14778,4,1
786546,28571,5,1
786546,22035,6,1
786546,12614,7,1
786546,42828,8,1
786546,8174,9,1
786546,49683,10,1
786546,35108,11,1
786546,8424,12,1
786546,27104,13,0
786546,248,14,0
786546,9324,15,0
786546,41570,16,0
786546,17956,17,0
786546,42736,18,0
786546,47626,19,1
786546,43076,20,0
786546,46979,21,1
786546,40353,22,0
786546,48679,23,0
790403,35595,1,1
790403,29898,2,1
790403,26882,3,1
790403,23029,4,0
790403,49175,5,1
790403,42342,6,0
790403,35042,7,1
790403,9515,8,1
790403,46049,9,1
790403,26344,10,1
790403,4269,11,1
790403,21137,12,1
790403,18362,13,1
790403,35004,14,1
790403,14852,15,1
790403,29447,16,1
790403,28985,17,1
790403,4605,18,1
790403,22451,19,1
790403,47209,20,1
790403,24799,21,1
790403,28465,22,0
790403,6046,23,1
791206,34141,1,1
791206,23719,2,0
791206,11020,3,0
791430,43086,1,1
791430,25138,2,1
791430,27845,3,1
791430,5479,4,0
792476,4920,1,1
792476,32689,2,1
807125,11365,1,1
807125,16797,2,0
807125,14678,3,1
807125,13097,4,0
807183,45679,1,0
807183,40852,2,0
807183,24852,3,0
807183,37687,4,0
807183,23645,5,0
807183,25640,6,0
807183,6489,7,0
807183,36802,8,0
807977,37687,1,0
811116,34953,1,0
811116,21419,2,0
811116,9387,3,1
811116,47626,4,1
811116,44570,5,1
811116,34122,6,0
811116,25916,7,1
811116,27120,8,0
811116,46799,9,0
811116,42720,10,0
811116,34497,11,0
811116,27428,12,1
811116,44368,13,0
811116,28842,14,1
811116,34049,15,0
811116,35734,16,0
811116,14705,17,1
811116,32441,18,1
811116,32108,19,0
811116,15937,20,1
811116,34164,21,1
811116,22475,22,1
811116,26209,23,1
811116,10108,24,1
811116,39812,25,1
811116,45002,26,1
811116,10290,27,0
811116,48705,28,1
811116,5618,29,0
811116,2588,30,1
811116,9537,31,1
811116,47752,32,0
811116,19402,33,0
812436,12395,1,1
814061,31506,1,1
814061,17920,2,1
814061,19154,3,1
814061,12659,4,1
814061,4920,5,1
814061,37646,6,1
814061,33055,7,1
814061,20588,8,1
814061,20589,9,1
814061,18829,10,1
814061,46820,11,1
814061,19677,12,1
814061,24838,13,1
814061,10880,14,1
814061,1240,15,1
814061,40966,16,1
814061,23102,17,1
814061,31378,18,1
814061,24852,19,1
819723,37710,1,1
819723,10310,2,1
819723,32455,3,1
820279,8048,1,1
820279,21903,2,1
820279,38768,3,1
822194,13176,1,0
822194,7751,2,0
822194,248,3,0
822194,7021,4,0
822194,21938,5,1
822194,9038,6,0
822194,47209,7,0
822194,46847,8,0
822194,17461,9,0
822194,21863,10,0
822194,4605,11,1
823844,1511,1,1
823844,40604,2,1
823844,34128,3,1
823844,2091,4,1
823844,44632,5,1
823844,27977,6,1
823844,27881,7,0
823844,35221,8,0
823844,34281,9,0
823844,47621,10,1
827496,26386,1,1
827496,19348,2,1
827496,32511,3,1
827496,28083,4,1
827496,49319,5,1
827496,20919,6,1
827496,48226,7,1
827496,45835,8,1
827496,15290,9,1
827496,40299,10,1
827496,36591,11,1
827496,40834,12,1
827496,4605,13,1
827496,2915,14,1
827496,41709,15,1
827496,26412,16,1
827496,16494,17,1
827496,5097,18,1
827496,15664,19,1
827496,46522,20,1
827496,35609,21,0
827496,49258,22,0
827496,22043,23,0
827496,33493,24,0
827496,39408,25,1
827496,30489,26,0
827496,10749,27,1
827496,34111,28,1
831322,31805,1,1
831322,21288,2,1
836777,19660,1,1
836777,13176,2,1
836777,32478,3,1
838752,20082,1,1
838752,1511,2,1
838752,27966,3,1
838752,42813,4,1
838752,39275,5,1
838752,30949,6,1
838752,44025,7,1
838752,7781,8,1
838752,8997,9,1
838752,36724,10,1
838752,24235,11,1
838752,21137,12,1
838752,19354,13,1
838752,22474,14,1
838752,41988,15,1
838752,2921,16,1
838752,4600,17,1
838752,14312,18,1
838752,29660,19,1
838752,44632,20,0
840275,16589,1,1
840275,23909,2,1
840275,20382,3,1
840275,3172,4,1
840275,43504,5,1
840275,32030,6,1
840275,11945,7,0
840275,25931,8,1
840275,14764,9,1
844382,34197,1,1
844382,21709,2,1
844382,11520,3,1
844382,38264,4,1
844382,18689,5,1
844382,38750,6,1
844382,30489,7,1
844382,41842,8,1
844382,7521,9,1
844382,25718,10,1
844382,47912,11,0
844382,39861,12,1
844382,49396,13,1
844382,14129,14,1
844382,28465,15,0
844382,28849,16,1
844382,4421,17,0
844382,16278,18,0
844382,12872,19,1
844382,23375,20,0
844382,3952,21,1
844382,38730,22,1
844382,46755,23,1
844382,15008,24,1
844382,25630,25,1
844382,18770,26,1
844382,21903,27,1
844382,19006,28,1
844382,3957,29,1
844382,35425,30,0
844382,20957,31,0
844382,19057,32,0
844382,4366,33,1
846252,20597,1,0
846690,5390,1,0
846690,8518,2,0
846690,16759,3,0
846690,44359,4,1
846690,34358,5,0
846690,4168,6,0
846690,38419,7,0
846690,18434,8,0
846690,7021,9,1
846690,45535,10,1
846690,40141,11,0
846690,40910,12,1
859425,34427,1,0
859425,48679,2,1
859425,8518,3,0
859425,34358,4,1
859425,22935,5,1
859425,29487,6,0
859425,22384,7,0
859425,18479,8,1
859425,42075,9,0
863590,35921,1,1
863590,47626,2,1
863590,2447,3,1
863590,21137,4,1
863590,21903,5,1
863590,21376,6,1
863590,26209,7,1
863590,18523,8,1
863590,36929,9,1
863590,22224,10,1
863590,16616,11,1
863590,20943,12,0
863590,37220,13,0
863590,6860,14,0
863590,30391,15,1
863590,37067,16,0
864841,29675,1,0
864841,49191,2,0
864841,43772,3,0
864886,17355,1,1
864886,29926,2,1
864886,30489,3,1
864886,18232,4,1
865969,48099,1,1
865969,20084,2,1
865969,21910,3,1
865969,48287,4,1
865969,27966,5,1
865969,26209,6,1
865969,41665,7,1
865969,141,8,1
865969,17985,9,1
865969,47209,10,1
865969,8358,11,1
865969,21936,12,1
865969,48491,13,1
865969,21616,14,1
865969,26717,15,1
865969,42265,16,1
865969,11819,17,0
865969,11576,18,1
865969,35628,19,1
865969,47626,20,1
865969,31242,21,1
865969,8053,22,1
865969,21903,23,1
865969,39968,24,0
865969,46667,25,0
865969,24964,26,1
865969,43789,27,1
865969,13984,28,1
865969,3464,29,0
865969,8424,30,0
871430,28571,1,1
871430,42495,2,1
871430,37825,3,1
871430,25340,4,1
871430,7677,5,1
871430,41844,6,1
871430,46812,7,1
871430,37418,8,1
871430,9825,9,1
871430,49086,10,1
871430,38650,11,1
871430,44014,12,1
871430,2322,13,1
871430,5684,14,0
871430,13629,15,1
871430,4605,16,1
871430,32689,17,1
871430,42265,18,0
871430,32828,19,1
871430,25659,20,1
876775,10655,1,1
876775,39475,2,1
876775,40268,3,1
876775,47325,4,1
876775,8518,5,1
876775,15040,6,0
876775,48745,7,1
876775,25705,8,1
876775,18963,9,0
876775,20608,10,0
876775,27683,11,0
876775,4799,12,1
876775,42701,13,0
876775,27925,14,0
876775,16521,15,1
879947,17015,1,1
886421,19488,1,0
886421,17738,2,0
886421,18487,3,0
886421,44787,4,0
886421,184,5,0
886421,32519,6,0
886421,40421,7,0
886421,6195,8,0
886421,49363,9,0
886421,33000,10,0
886421,49060,11,0
886421,24004,12,0
886421,24852,13,0
886421,28137,14,0
886421,49678,15,0
886421,46175,16,0
886421,41290,17,0
886421,8718,18,0
886421,33651,19,0
886421,25241,20,0
886421,20378,21,0
886421,12481,22,0
886421,40348,23,0
886421,46650,24,0
886421,23734,25,0
886421,3594,26,0
889321,13292,1,1
889321,9339,2,1
889321,18980,3,1
889321,13560,4,1
889321,21137,5,1
889321,15290,6,1
889321,26324,7,1
889321,45066,8,1
889321,35750,9,1
889321,25705,10,1
889321,37766,11,1
889321,24852,12,1
889321,20866,13,1
889321,13629,14,1
889321,49555,15,1
889321,2832,16,1
889321,43249,17,1
889321,4269,18,1
889321,36695,19,1
889321,40198,20,1
889321,8518,21,1
889321,19678,22,0
889321,42239,23,1
889321,12614,24,1
889321,30391,25,0
889321,45007,26,0
889321,48870,27,0
890612,47209,1,1
890612,4605,2,1
890612,44632,3,1
890612,38647,4,1
890612,15290,5,1
890612,10749,6,1
890612,46505,7,1
890612,36178,8,0
890612,24964,9,1
890612,6615,10,0
890612,18465,11,1
911158,24964,1,0
911158,18880,2,0
911158,38890,3,0
911158,48857,4,0
911158,22141,5,0
911158,2014,6,0
914625,39428,1,1
914625,15096,2,1
914625,3431,3,1
914625,45,4,1
914625,32303,5,1
914625,37766,6,1
914625,25495,7,1
914625,37646,8,1
914625,15872,9,1
914625,32842,10,0
914625,287,11,1
914625,27845,12,0
914625,28199,13,1
914625,41057,14,0
914625,24834,15,1
914625,24004,16,1
914625,14394,17,1
914625,45007,18,0
914625,4605,19,1
914625,31343,20,1
914625,2005,21,1
914625,24664,22,0
914625,36070,23,1
917710,24852,1,0
917710,2361,2,0
917710,16965,3,0
917710,40002,4,0
917710,48523,5,0
917710,14159,6,0
917710,1118,7,0
917710,14891,8,0
918451,24852,1,1
918451,39275,2,0
918451,26604,3,1
918451,16797,4,1
918451,7969,5,1
918451,45313,6,0
918451,43026,7,0
918451,43183,8,1
918451,46572,9,1
918451,2466,10,0
918451,46941,11,1
918451,17615,12,0
918451,32156,13,0
918451,40103,14,0
918451,11488,15,1
918451,3529,16,1
918451,26172,17,0
918451,24097,18,1
918451,7901,19,1
918451,28080,20,1
923857,2344,1,0
923857,41593,2,0
923857,21137,3,1
923857,10070,4,1
923857,47209,5,1
929490,47766,1,1
929490,28204,2,1
929490,2770,3,1
929490,13740,4,1
930570,21903,1,1
930570,2855,2,1
930570,33845,3,1
930570,13083,4,1
930570,30742,5,1
930570,29574,6,1
930570,28572,7,1
930570,44329,8,1
930570,2132,9,1
930570,26629,10,1
930570,5250,11,1
930570,10551,12,1
930570,9517,13,1
930570,33716,14,1
930570,22227,15,1
930570,21914,16,1
930570,30169,17,0
932912,24964,1,0
932912,7021,2,0
932912,41259,3,0
932912,28842,4,0
932912,33120,5,1
932912,44142,6,1
932912,24852,7,1
932912,36107,8,1
932912,47766,9,1
944152,19660,1,0
944152,40199,2,1
944152,21903,3,1
944152,12703,4,1
944152,22849,5,0
944152,41950,6,0
944152,47734,7,1
944152,13176,8,0
944152,27845,9,1
945368,45694,1,0
945368,16349,2,1
945368,20114,3,0
962514,20704,1,0
962514,33913,2,0
962514,8224,3,0
962514,8290,4,0
962514,29608,5,0
962514,21011,6,0
964339,8174,1,1
964339,41787,2,1
964339,27966,3,0
964339,35233,4,0
965476,22935,1,1
965476,47766,2,1
965476,28985,3,1
965476,44632,4,1
965476,5025,5,1
965476,35784,6,1
965476,29487,7,1
965476,24830,8,1
965476,22993,9,1
965476,20580,10,1
965476,11520,11,1
965476,49683,12,1
965476,27521,13,1
965476,36389,14,1
965476,14764,15,1
965476,1925,16,1
965476,18689,17,1
965476,49416,18,1
965476,31478,19,1
965476,24390,20,1
965476,6692,21,1
965476,49383,22,1
965476,44926,23,1
965476,18072,24,1
965476,7806,25,1
965476,38650,26,1
965476,21616,27,1
965476,33919,28,1
965476,14447,29,0
965476,24852,30,0
965476,34126,31,1
965476,8518,32,1
965476,27156,33,1
965476,44873,34,0
965476,48679,35,1
965476,49520,36,0
965476,37053,37,0
965476,35467,38,0
965476,6328,39,0
967273,5876,1,0
967273,14129,2,0
967273,28234,3,0
968410,17122,1,1
968410,20019,2,0
968410,20940,3,1
968410,37687,4,1
968410,16797,5,1
968410,20395,6,1
969799,41644,1,1
969799,4304,2,0
969799,6111,3,1
969799,20608,4,0
969799,7325,5,1
969799,28199,6,1
969799,9076,7,1
969799,45066,8,0
970190,21572,1,1
970190,39954,2,1
970190,38883,3,1
970190,32478,4,1
970190,31759,5,1
970190,10509,6,1
970190,39408,7,1
970190,20641,8,1
970190,37710,9,1
976527,10070,1,1
976527,7515,2,0
976527,42479,3,0
976527,22686,4,0
976527,21903,5,1
976527,24838,6,1
976527,22428,7,0
976527,27104,8,1
976527,3952,9,0
976527,43961,10,1
976527,16759,11,0
976527,21137,12,1
976527,36438,13,1
976527,19057,14,1
976527,22825,15,0
976527,37067,16,0
977817,15392,1,0
977817,39799,2,0
977817,3142,3,1
977817,21057,4,0
977817,43122,5,1
977817,5025,6,0
977817,6474,7,1
988586,45535,1,1
988586,13176,2,0
988586,25890,3,1
988586,42736,4,0
988586,2846,5,1
988586,42625,6,1
988586,16349,7,1
988586,12980,8,1
988586,22935,9,0
988586,36011,10,0
1001599,34050,1,1
1001599,17306,2,1
1001599,43067,3,1
1001599,37040,4,1
1003683,49383,1,0
1003683,23909,2,0
1003683,41588,3,1
1003683,13176,4,1
1003683,46667,5,1
1003683,24184,6,1
1003683,30233,7,1
1003683,16185,8,1
1006369,43154,1,1
1010508,6691,1,0
1015153,17794,1,0
1015153,19480,2,0
1015153,28579,3,0
1015153,34126,4,0
1015153,13565,5,0
1015153,17795,6,0
1015153,21616,7,0
1015153,47209,8,0
1015153,12145,9,0
1015153,7562,10,0
1022897,32134,1,1
1022897,42399,2,0
1022897,24852,3,1
1022897,25499,4,0
1022897,22369,5,0
1022897,43995,6,0
1022897,33884,7,0
1022897,21903,8,1
1033470,31040,1,1
1033470,22035,2,1
1033470,11497,3,0
1033470,17429,4,1
1033470,21933,5,0
1033470,5479,6,1
1033470,46049,7,1
1034268,21903,1,1
1034268,11777,2,0
1034268,16797,3,0
1034268,21872,4,0
1034268,27336,5,1
1034268,39040,6,0
1034268,3843,7,0
1034268,43122,8,0
1034268,5450,9,1
1034268,34969,10,0
1034268,46496,11,0
1034268,15604,12,0
1034268,32747,13,1
1034268,18594,14,0
1034268,42450,15,0
1034268,17878,16,0
1034268,8173,17,0
1034268,48628,18,1
1034268,42865,19,1
1034268,9779,20,1
1034268,49273,21,0
1036344,5077,1,0
1036344,9666,2,0
1036344,27744,3,0
1036344,5646,4,0
1036344,10132,5,0
1036344,27845,6,0
1036344,3464,7,0
1036344,26369,8,0
1036344,14437,9,0
1036344,16097,10,0
1036344,46906,11,0
1036344,42342,12,0
1036344,16797,13,0
1036344,2509,14,0
1036344,13499,15,0
1036344,651,16,0
1036344,22899,17,0
1036344,40226,18,0
1036405,37710,1,0
1041475,46720,1,0
1041475,9766,2,1
1041475,35182,3,0
1041475,40329,4,0
1047784,8174,1,1
1047784,46676,2,1
1047784,34335,3,1
1047784,40709,4,1
1047784,4367,5,1
1047784,21567,6,0
1047784,260,7,0
1047784,27966,8,0
1047784,20738,9,0
1047784,30489,10,0
1047784,39812,11,1
1047784,4605,12,0
1047784,49385,13,0
1047784,31528,14,0
1047784,34126,15,1
1047784,5876,16,1
1047784,24184,17,1
1050845,1873,1,1
1050845,6991,2,1
1050845,45064,3,1
1050845,41751,4,1
1050845,21847,5,0
1050845,34594,6,1
1050845,12919,7,1
1050845,11488,8,1
1050845,41290,9,1
1050845,44167,10,0
1050845,945,11,0
1050845,23356,12,0
1050845,43692,13,0
1050845,43867,14,0
1054900,9755,1,0
1054900,36316,2,0
1054900,47866,3,0
1054900,34160,4,0
1054900,47977,5,0
1054900,39408,6,0
1054900,19734,7,0
1054900,20118,8,0
1054900,24179,9,0
1054900,15902,10,0
1054900,13194,11,0
1054900,44085,12,0
1054900,39618,13,0
1054900,44156,14,0
1057387,34243,1,1
1057387,48104,2,0
1057387,19472,3,0
1057387,42768,4,0
1057387,11069,5,1
1057387,12686,6,0
1057387,31342,7,0
1057387,49,8,0
1057387,12357,9,0
1057387,4920,10,0
1057387,31717,11,1
1057387,46294,12,1
1057387,21137,13,1
1057387,11576,14,1
1067973,12315,1,1
1067973,45123,2,0
1067973,49374,3,0
1067973,21137,4,1
1067973,46979,5,1
1067973,30169,6,1
1067973,21053,7,1
1067973,2838,8,0
1067973,15655,9,0
1070750,47287,1,0
1070750,48988,2,1
1074229,24852,1,1
1074229,19204,2,1
1074229,9076,3,0
1074229,12341,4,1
1074229,24489,5,0
1074229,19348,6,0
1074229,6361,7,0
1074229,30967,8,0
1074229,26346,9,0
1074229,47759,10,0
1077443,33198,1,1
1077640,25199,1,1
1077640,31181,2,1
1077640,25837,3,1
1077640,28325,4,1
1077640,7806,5,1
1077640,47209,6,1
1077640,7622,7,0
1077640,43484,8,0
1077640,24852,9,0
1077640,43086,10,1
1077640,3957,11,1
1077640,33198,12,0
1078578,22035,1,1
1078578,47672,2,1
1078578,19415,3,1
1078578,47209,4,1
1078578,27104,5,1
1078578,28985,6,1
1078578,21903,7,1
1078578,34243,8,1
1078578,34668,9,1
1078578,44987,10,1
1078578,4589,11,1
1078578,21137,12,1
1078578,49628,13,0
1078578,27966,14,1
1078578,29926,15,1
1078578,18362,16,1
1078578,27336,17,0
1078578,21329,18,0
1079144,24852,1,0
1079144,28241,2,0
1079144,49279,3,0
1079144,20161,4,0
1079144,49630,5,0
1079144,22882,6,0
1079144,16953,7,0
1079144,44860,8,0
1079144,8806,9,0
1079144,33827,10,0
1079144,45646,11,0
1079144,43209,12,0
1083491,37766,1,1
1083491,20280,2,1
1083491,43616,3,1
1083491,24852,4,1
1083491,44479,5,1
1083491,16797,6,1
1083491,47759,7,1
1083491,22281,8,1
1083635,35510,1,1
1083635,15872,2,1
1083635,5240,3,1
1083635,48341,4,1
1083635,26800,5,1
1083635,33719,6,1
1083635,33290,7,1
1088072,38490,1,1
1088072,12069,2,1
1088072,42102,3,1
1088072,36342,4,0
1091855,18465,1,1
1091855,21137,2,1
1091855,5764,3,1
1091855,41960,4,1
1091855,5578,5,1
1091855,36198,6,1
1091855,24852,7,1
1091855,26940,8,1
1091855,42719,9,1
1099266,24852,1,1
1099266,5077,2,0
1099266,47626,3,0
1099266,39921,4,0
1099266,16185,5,0
1099266,5460,6,0
1099266,1940,7,0
1099266,45125,8,0
1099266,21333,9,1
1099266,41844,10,0
1100170,37646,1,0
1100170,18523,2,0
1100170,41665,3,1
1100170,33754,4,1
1100170,31096,5,1
1100170,27104,6,1
1100170,2825,7,1
1100170,48679,8,1
1100170,23178,9,1
1100170,47209,10,1
1100170,33055,11,1
1100587,41390,1,0
1100587,30064,2,0
1100587,23405,3,0
1100587,27117,4,0
1100587,20791,5,0
1100587,28427,6,0
1100587,22598,7,0
1120676,2541,1,0
1120676,34080,2,0
1120676,34126,3,0
1120676,31102,4,1
1122088,39146,1,1
1122088,14853,2,0
1122088,9020,3,0
1122088,29447,4,1
1122088,45200,5,0
1122088,24852,6,1
1122088,21405,7,0
1123533,47415,1,1
1123533,8859,2,1
1123533,21938,3,1
1123533,17794,4,1
1124051,43086,1,1
1126718,44882,1,1
1126718,24852,2,1
1126880,12905,1,0
1126880,10787,2,1
1126880,16953,3,1
1126880,47144,4,1
1126880,23909,5,1
1126880,46522,6,0
1126880,16185,7,0
1126880,29327,8,0
1129548,35547,1,1
1129548,43858,2,0
1129548,13279,3,1
1129548,49683,4,1
1129548,47766,5,0
1129548,9598,6,1
1129548,39619,7,1
1129548,44514,8,0
1129548,42768,9,0
1134866,47209,1,1
1134866,32578,2,1
1134866,13176,3,1
1134866,39928,4,1
1134866,27966,5,1
1134866,5479,6,1
1134866,40396,7,1
1134866,11520,8,1
1145880,41178,1,1
1145880,29553,2,1
1145880,48206,3,0
1145880,49054,4,0
1148144,12427,1,0
1148469,48071,1,1
1148469,42357,2,1
1148469,24114,3,1
1148469,7631,4,1
1148469,43014,5,0
1148469,32338,6,1
1149784,32433,1,1
1149784,9339,2,1
1149784,34197,3,1
1149784,2243,4,1
1149784,27086,5,1
1149784,4189,6,1
1157958,21461,1,1
1157958,48007,2,1
1157958,21616,3,1
1157958,47209,4,1
1159106,24852,1,1
1159106,21775,2,1
1159106,5077,3,1
1159106,24954,4,1
1159106,43129,5,1
1159106,47626,6,1
1159106,48745,7,1
1159106,20063,8,1
1159106,47993,9,1
1159106,19678,10,1
1159106,11520,11,1
1159106,40992,12,0
1159106,8670,13,0
1159106,10644,14,0
1159106,19348,15,0
1159106,8297,16,1
1159106,17666,17,1
1159106,11452,18,0
1160320,13984,1,0
1160320,21137,2,0
1160320,8174,3,0
1160320,25146,4,0
1160320,41290,5,0
1160320,34423,6,0
1160320,27204,7,0
1161237,35914,1,1
1161237,43815,2,0
1162861,44103,1,1
1162861,30796,2,1
1162861,7139,3,1
1162861,5876,4,1
1162861,5390,5,0
1162861,22935,6,1
1162861,47209,7,1
1164053,44014,1,0
1164053,22935,2,1
1164053,5876,3,1
1164053,11941,4,0
1164053,19370,5,0
1164053,42701,6,0
1164053,32935,7,1
1164053,48220,8,1
1164053,15984,9,1
1164053,14764,10,0
1169192,10957,1,1
1169192,39327,2,1
1172673,14689,1,1
1172673,43739,2,1
1172673,48762,3,0
1172673,42265,4,1
1175296,9741,1,1
1175296,17341,2,1
1175296,39046,3,1
1175296,14218,4,1
1175296,24816,5,1
1175296,16959,6,0
1182053,36107,1,0
1182053,27985,2,1
1182053,24749,3,0
1182053,31449,4,0
1182053,40623,5,0
1182053,46476,6,0
1182053,13639,7,0
1182053,8366,8,1
1182053,44156,9,0
1182053,34519,10,0
1183871,19057,1,0
1183871,46979,2,0
1183871,39275,3,1
1183871,48057,4,0
1183871,432,5,1
1183871,21927,6,1
1183871,16291,7,1
1183871,11140,8,1
1183871,12980,9,1
1183871,19160,10,1
1183871,26209,11,1
1183871,13031,12,1
1187860,34964,1,1
1192894,39921,1,1
1192894,31066,2,0
1192894,36326,3,0
1192894,44461,4,0
1192894,36051,5,0
1192894,13895,6,1
1192894,34024,7,1
1192894,26209,8,1
1192894,1181,9,1
1192894,4920,10,1
1192894,39832,11,0
1192894,1382,12,1
1192894,45930,13,1
1192894,10613,14,1
1192894,39922,15,1
1192894,41290,16,0
1192894,5188,17,0
1192894,6444,18,0
1196345,1582,1,0
1196345,24353,2,0
1196345,7751,3,0
1196345,2512,4,0
1196345,42360,5,0
1200476,31701,1,0
1200476,40174,2,0
1200476,21137,3,0
1200476,46584,4,0
1200476,9020,5,0
1200476,43967,6,0
1200476,36216,7,0
1201375,23915,1,1
1201588,21077,1,0
1201588,27845,2,1
1207904,42110,1,0
1218793,23102,1,1
1218793,21137,2,1
1218793,9459,3,1
1218793,18451,4,1
1218793,36772,5,0
1218793,1111,6,1
1218793,43961,7,0
1218793,18090,8,1
1218793,24852,9,1
1218793,20802,10,1
1219232,26915,1,1
1219232,13176,2,1
1219232,4541,3,1
1220920,13176,1,1
1220920,41453,2,1
1220920,30696,3,1
1220920,9533,4,0
1220920,17040,5,1
1220920,47163,6,0
1220920,4313,7,1
1220920,27681,8,0
1220920,28599,9,0
1220920,23909,10,1
1220920,46041,11,0
1220920,8668,12,0
1220920,42406,13,0
1226681,8428,1,0
1226681,784,2,0
1227223,42342,1,1
1227223,24852,2,1
1227223,10761,3,1
1227223,21709,4,1
1227223,27690,5,1
1227223,48679,6,1
1227223,34969,7,1
1227223,40396,8,1
1227223,38313,9,1
1227223,9598,10,1
1227223,47209,11,1
1227223,5025,12,1
1227223,19478,13,0
1227223,2314,14,1
1227223,18370,15,1
1227223,37524,16,1
1227223,7781,17,1
1227223,27156,18,1
1227223,37464,19,1
1227223,21903,20,1
1227223,37646,21,1
1227223,9366,22,1
1234084,38689,1,1
1234084,17704,2,0
1234084,8424,3,1
1234084,49401,4,1
1234084,12385,5,1
1234084,47766,6,1
1234084,1511,7,1
1234521,13176,1,0
1234521,8053,2,0
1234521,5959,3,0
1234521,11933,4,0
1235024,32773,1,1
1237452,6184,1,1
1246261,17807,1,1
1246261,16262,2,1
1246261,24830,3,1
1246261,5115,4,1
1246261,30192,5,1
1246261,5491,6,1
1250858,27360,1,1
1250858,44761,2,1
1250858,28842,3,1
1250858,12013,4,1
1250858,34358,5,0
1250858,44142,6,1
1250858,17140,7,0
1250858,25647,8,1
1250858,16139,9,1
1257351,16797,1,1
1257351,21288,2,1
1257351,30450,3,0
1257351,14161,4,1
1260174,42736,1,1
1260174,8412,2,1
1260174,37642,3,1
1260174,21174,4,1
1260174,49075,5,1
1260174,18362,6,1
1260174,2510,7,1
1260174,41149,8,1
1260174,36389,9,1
1260174,19370,10,1
1260174,11520,11,0
1260174,13176,12,1
1260174,38312,13,1
1260174,21903,14,1
1260174,27966,15,1
1260174,17871,16,1
1260174,12341,17,1
1260174,28656,18,1
1260174,31338,19,0
1260174,5876,20,1
1260995,31506,1,0
1260995,47280,2,1
1260995,12163,3,0
1260995,46069,4,1
1260995,34243,5,0
1262838,38988,1,1
1262838,25837,2,1
1262838,2966,3,1
1262838,10831,4,1
1262838,43255,5,1
1262838,24799,6,1
1262838,28465,7,1
1262838,43662,8,1
1262838,13263,9,1
1262838,39275,10,1
1262838,5479,11,0
1262838,40861,12,0
1268418,35914,1,1
1268418,44548,2,1
1268418,38558,3,1
1268418,45279,4,1
1268418,47626,5,1
1268418,7781,6,1
1268418,24852,7,1
1268418,2447,8,1
1268418,49111,9,1
1268418,24841,10,1
1268418,5073,11,1
1268418,16398,12,1
1269144,21903,1,1
1269144,31717,2,1
1270436,47209,1,1
1270436,18370,2,0
1270436,9480,3,0
1270436,13176,4,1
1270436,12144,5,0
1284695,17009,1,0
1284695,46720,2,0
1284695,38383,3,0
1284695,8518,4,0
1284695,20114,5,0
1284695,10749,6,0
1284695,2295,7,0
1284695,42768,8,0
1284695,26497,9,0
1284695,21452,10,0
1284695,25495,11,0
1286768,35825,1,0
1286768,27662,2,0
1286768,12914,3,1
1286768,31589,4,1
1286768,2729,5,1
1286768,27958,6,1
1286768,5450,7,1
1286768,5818,8,0
1288404,40545,1,0
1288404,21903,2,0
1288404,20580,3,0
1288404,1158,4,1
1288404,30391,5,1
1288404,47672,6,1
1288404,2966,7,1
1288404,39190,8,1
1288404,38689,9,1
1288404,13740,10,1
1288404,5194,11,1
1288404,33055,12,1
1288404,14881,13,1
1288404,38311,14,1
1288404,226,15,1
1288404,5547,16,1
1288404,30489,17,1
1288404,25340,18,1
1288404,38159,19,1
1288404,9507,20,1
1290210,13176,1,1
1290210,13425,2,0
1290210,25931,3,1
1290210,41787,4,1
1290210,44310,5,1
1290210,17652,6,1
1290210,24561,7,1
1290210,39877,8,1
1290210,47209,9,1
1290210,35132,10,1
1290210,13870,11,0
1290210,26790,12,0
1290210,35140,13,1
1290210,21376,14,0
1290210,11352,15,0
1290210,5134,16,0
1290210,24850,17,1
1290210,27695,18,1
1290210,8467,19,0
1290210,18027,20,0
1290210,48230,21,1
1290210,16797,22,1
1290210,12872,23,1
1290210,32734,24,1
1291302,43785,1,0
1291302,9327,2,1
1291302,20126,3,0
1291302,45258,4,0
1291302,49480,5,0
1291302,22497,6,0
1291302,18339,7,0
1291302,41719,8,0
1291302,24780,9,1
1291302,21795,10,0
1291302,47163,11,0
1291302,39581,12,0
1297422,1398,1,0
1297422,21137,2,1
1297422,28553,3,0
1297422,9076,4,0
1297422,24852,5,1
1297422,30024,6,1
1297422,19154,7,0
1297422,2693,8,1
1297422,43749,9,0
1315105,13080,1,1
1315105,47144,2,1
1315105,45007,3,1
1315105,15872,4,1
1315105,18689,5,1
1315105,10749,6,1
1315105,44359,7,1
1315105,21903,8,1
1315105,24852,9,1
1315105,863,10,1
1315105,27104,11,1
1315105,4086,12,1
1315105,5451,13,1
1315105,47512,14,1
1315105,46667,15,0
1315105,21137,16,0
1315105,48017,17,0
1315105,17619,18,0
1315105,22247,19,0
1320633,35731,1,1
1320817,24852,1,1
1320817,26714,2,1
1320817,20904,3,0
1320817,9387,4,1
1320817,45066,5,1
1320817,45,6,1
1320817,28985,7,0
1320817,39415,8,0
1320817,31848,9,0
1320817,17948,10,0
1320817,24489,11,1
1320817,46802,12,1
1320817,1158,13,0
1320817,38656,14,1
1320817,23579,15,1
1320817,22227,16,1
1320817,33716,17,0
1320817,42625,18,1
1320817,40001,19,1
1320817,33120,20,1
1320817,34511,21,1
1320817,40396,22,1
1332485,23177,1,0
1332485,35547,2,0
1332485,37646,3,1
1332485,26209,4,0
1332485,10108,5,0
1332485,16797,6,1
1332485,38739,7,0
1332485,22504,8,0
1332485,17872,9,0
1333178,24852,1,1
1333178,39475,2,1
1333178,24964,3,1
1333178,27336,4,0
1333178,21903,5,1
1333178,43668,6,1
1333178,44142,7,1
1333178,47766,8,1
1333178,6972,9,0
1333178,15392,10,1
1333178,3880,11,1
1333178,20834,12,0
1333178,16349,13,0
1333178,35750,14,0
1333178,26209,15,1
1333178,27521,16,1
1333178,1468,17,1
1333178,47526,18,1
1333178,28204,19,1
1333178,25340,20,0
1340693,27695,1,0
1340693,2452,2,0
1340693,39475,3,0
1340693,34969,4,1
1340693,28842,5,1
1340693,43076,6,0
1340693,43712,7,0
1340693,33731,8,0
1340693,43129,9,0
1340693,18465,10,0
1347307,14650,1,0
1347307,21903,2,1
1347307,24489,3,0
1347307,432,4,0
1347307,46802,5,0
1347307,35547,6,0
1347307,47209,7,1
1347307,40396,8,1
1347307,34565,9,1
1347307,31663,10,0
1347307,2480,11,0
1347307,8667,12,0
1347307,7916,13,1
1347307,47626,14,0
1347307,39984,15,1
1347307,33000,16,0
1347307,48679,17,0
1347307,34720,18,0
1347307,30169,19,1
1347307,10514,20,1
1347307,13176,21,1
1347307,43086,22,1
1347307,22312,23,1
1347307,7821,24,1
1354983,36695,1,1
1354983,38255,2,0
1354983,23543,3,0
1354983,7948,4,0
1354983,2480,5,0
1356263,3480,1,0
1356263,13032,2,1
1356263,20955,3,1
1356263,32478,4,1
1356263,16797,5,1
1356263,17207,6,1
1356263,48762,7,1
1356263,9076,8,1
1356263,18296,9,1
1356263,26088,10,0
1356263,30827,11,0
1356263,47402,12,0
1356263,38768,13,1
1360045,26209,1,0
1360045,12312,2,0
1360045,44142,3,0
1360045,28842,4,0
1360045,22275,5,0
1360045,13536,6,0
1360045,15569,7,0
1360045,13391,8,0
1360045,29088,9,0
1362594,32864,1,0
1362594,29328,2,0
1362594,16830,3,1
1362594,39877,4,1
1362594,28309,5,1
1362594,43987,6,1
1362594,26723,7,0
1362594,24964,8,1
1365016,5258,1,0
1365016,46061,2,0
1365016,9755,3,0
1365016,21288,4,0
1375522,10957,1,1
1375522,48695,2,1
1375522,24852,3,1
1375522,21137,4,1
1375522,9422,5,1
1375522,13951,6,1
1375522,41351,7,1
1388197,27845,1,1
1388197,11520,2,1
1388197,21137,3,1
1388197,44882,4,0
1388197,37067,5,0
1393702,21267,1,1
1393702,17163,2,1
1393702,32828,3,1
1393702,35561,4,1
1393702,14462,5,1
1393702,44628,6,0
1393702,19048,7,0
1393702,38427,8,1
1393702,47645,9,1
1393702,18670,10,1
1393702,39354,11,0
1394039,31717,1,0
1394039,20995,2,0
1394039,12872,3,0
1394039,34496,4,0
1394039,3957,5,1
1394039,23375,6,0
1396468,20520,1,0
1396468,330,2,0
1396468,32433,3,0
1401309,44683,1,0
1401309,32691,2,1
1401309,27790,3,1
1401309,43154,4,1
1401309,12341,5,1
1402564,14252,1,0
1402564,20590,2,0
1402564,17995,3,1
1402564,43772,4,1
1402564,27966,5,0
1402564,39275,6,0
1405047,4799,1,1
1405047,27845,2,1
1405047,26165,3,1
1405047,47209,4,1
1405047,11520,5,1
1405047,18594,6,1
1405047,23644,7,1
1405047,41950,8,1
1405047,29126,9,1
1405047,5015,10,1
1405047,13176,11,1
1405140,29315,1,1
1405140,16223,2,1
1405140,325,3,1
1405140,45205,4,1
1405140,39321,5,1
1405140,27796,6,0
1405140,46275,7,1
1405140,31808,8,1
1405140,41844,9,1
1405140,397,10,1
1405140,2481,11,0
1411097,7916,1,1
1411097,9018,2,1
1411097,27454,3,1
1411097,42265,4,1
1411097,38750,5,1
1411097,8277,6,1
1411097,39561,7,1
1411097,47196,8,1
1411097,41750,9,1
1411097,20632,10,1
1411097,13512,11,1
1411097,45007,12,1
1411097,39968,13,1
1411097,18811,14,1
1411097,37158,15,1
1411097,40063,16,1
1411097,37461,17,1
1411097,3599,18,1
1411097,3066,19,1
1411097,25931,20,1
1411097,26168,21,1
1411097,46979,22,1
1411097,35126,23,0
1411097,3737,24,0
1411097,41500,25,1
1411097,42139,26,0
1411097,42585,27,1
1411097,22031,28,0
1411097,42342,29,0
1411097,45200,30,1
1411097,9387,31,1
1411097,5991,32,1
1411097,26209,33,1
1411097,27739,34,0
1411097,44948,35,0
1411097,24799,36,0
1411097,31952,37,1
1411097,35535,38,1
1411097,27690,39,1
1411097,16145,40,1
1411097,45374,41,1
1411097,48595,42,0
1411097,46779,43,0
1411097,33527,44,0
1412344,127,1,1
1412344,28990,2,0
1412344,32951,3,1
1412344,25283,4,0
1412344,33023,5,0
1412344,14467,6,1
1412463,47209,1,1
1412463,37646,2,0
1412463,7521,3,1
1412463,17708,4,0
1412463,46979,5,0
1412463,16759,6,1
1412463,9839,7,1
1417362,23329,1,0
1417362,32961,2,0
1417362,17794,3,0
1417362,13431,4,0
1417362,1529,5,0
1417362,41844,6,0
1417362,43295,7,0
1417362,36848,8,0
1417362,40377,9,0
1417362,12419,10,0
1417362,7021,11,0
1417362,22935,12,0
1417362,436,13,0
1417362,40078,14,0
1417362,39303,15,0
1417362,32293,16,0
1417362,45208,17,0
1417362,47318,18,0
1417362,11926,19,0
1417362,37594,20,0
1417362,920,21,0
1417569,36780,1,0
1417569,28379,2,0
1417569,45161,3,1
1417569,36822,4,1
1417569,22285,5,0
1417569,25861,6,1
1417569,23605,7,1
1417569,5782,8,0
1417569,28281,9,1
1417569,5653,10,1
1417569,18150,11,1
1417569,22559,12,1
1417569,25581,13,1
1417569,33045,14,1
1417569,3796,15,1
1417569,34217,16,1
1417569,25675,17,1
1420026,31422,1,1
1427049,13176,1,1
1427049,1463,2,1
1427049,32655,3,1
1427049,42445,4,1
1427049,39928,5,1
1427049,25886,6,1
1429660,43772,1,1
1429660,20323,2,1
1429660,24964,3,1
1429660,35166,4,1
1429660,27845,5,1
1429660,7177,6,0
1429660,19057,7,1
1429660,21137,8,1
1429660,1693,9,1
1429660,204,10,1
1429660,2780,11,0
1429660,27336,12,1
1429660,13292,13,1
1429660,30664,14,0
1429660,12385,15,0
1429660,17213,16,1
1429714,36431,1,1
1446279,35221,1,1
1446279,49191,2,1
1446279,49235,3,1
1446279,34079,4,1
1446279,48717,5,1
1446279,28092,6,1
1446279,33552,7,1
1446279,34247,8,1
1446279,47428,9,1
1446279,14783,10,1
1446279,17183,11,0
1446279,40198,12,0
1446279,7781,13,1
1446279,32284,14,1
1446279,3919,15,1
1446279,3696,16,1
1453608,30597,1,1
1455127,35951,1,1
1455127,24852,2,1
1455127,31645,3,0
1455127,38273,4,1
1455127,45646,5,0
1455127,6656,6,1
1455127,16525,7,0
1455127,42028,8,0
1455127,11576,9,1
1455127,14780,10,1
1455127,32201,11,1
1455127,44781,12,0
1455127,19678,13,1
1455127,16185,14,1
1455127,33216,15,1
1455127,12791,16,0
1457960,33560,1,1
1457960,7751,2,1
1457960,48370,3,1
1457960,18721,4,1
1457960,13974,5,1
1457960,23339,6,1
1457960,20502,7,1
1457960,17825,8,1
1457960,7781,9,1
1457960,27344,10,1
1457960,23047,11,0
1457960,41354,12,1
1457960,45698,13,1
1461743,27845,1,0
1461743,46575,2,0
1461743,22124,3,1
1461743,18926,4,1
1461743,13351,5,1
1461743,25949,6,1
1461743,24024,7,1
1461743,27626,8,1
1461743,15057,9,1
1464659,432,1,1
1464659,45504,2,1
1464659,45007,3,1
1464659,9623,4,1
1464659,26350,5,0
1464659,43248,6,0
1464659,21331,7,1
1464659,39275,8,1
1464659,26604,9,0
1464659,4462,10,1
1464659,13870,11,0
1464659,1890,12,1
1472280,10957,1,1
1472280,24852,2,1
1472280,31555,3,1
1472280,8153,4,1
1472280,48742,5,1
1472280,21511,6,1
1472280,14901,7,1
1472280,8744,8,1
1472280,22699,9,0
1472280,8859,10,1
1472280,40376,11,1
1472280,19586,12,1
1472618,33237,1,1
1472618,21243,2,0
1472618,35070,3,1
1472618,23645,4,1
1472618,23232,5,1
1472618,16464,6,1
1472618,24852,7,1
1472618,43026,8,1
1472618,15925,9,0
1472618,39386,10,0
1472618,47990,11,0
1472618,45961,12,1
1474644,48559,1,1
1474644,14708,2,1
1474644,25,3,0
1477105,25493,1,1
1477105,40878,2,1
1477105,17985,3,0
1477105,33990,4,1
1477105,13176,5,1
1477105,15872,6,1
1477105,5385,7,1
1477105,2668,8,0
1477105,39299,9,0
1477105,33129,10,0
1477105,2390,11,1
1478972,37646,1,1
1478972,4957,2,1
1478972,2962,3,1
1478972,30233,4,1
1478972,30489,5,1
1478972,28071,6,1
1478972,13176,7,1
1478972,47209,8,1
1478972,43122,9,1
1478972,22993,10,1
1478972,40063,11,1
1478972,32786,12,1
1478972,46107,13,0
1478972,41950,14,0
1478972,42536,15,1
1482787,43122,1,1
1482787,2014,2,0
1482787,31513,3,1
1482787,15053,4,1
1482787,18479,5,1
1482787,24852,6,1
1482787,27683,7,1
1482787,4600,8,0
1482787,20327,9,0
1482787,25919,10,0
1482787,29987,11,0
1488067,9387,1,1
1488067,28204,2,1
1488067,39275,3,1
1488067,18523,4,1
1488067,6184,5,1
1488067,38467,6,1
1488067,32177,7,1
1488067,27772,8,1
1488067,27582,9,1
1488067,20638,10,0
1488067,17316,11,1
1488067,36724,12,0
1488067,24253,13,1
1488067,47941,14,1
1489667,38996,1,0
1489667,26209,2,0
1489667,17794,3,0
1489667,47209,4,0
1489667,5876,5,0
1489667,15261,6,1
1489667,24964,7,1
1489667,42736,8,1
1489667,40593,9,1
1489667,19348,10,1
1489667,44142,11,1
1494626,21137,1,1
1494626,19057,2,1
1494626,18362,3,1
1495493,49095,1,1
1495493,5479,2,1
1495493,12564,3,1
1495493,20042,4,1
1500697,14947,1,1
1500697,44632,2,1
1500697,26165,3,0
1500697,19660,4,1
1500697,24852,5,1
1501718,13709,1,0
1501718,1476,2,0
1501718,42342,3,1
1501718,8324,4,0
1506554,41329,1,1
1506554,21405,2,0
1506554,1408,3,1
1506554,19970,4,0
1506554,18385,5,0
1506554,40078,6,0
1506554,22548,7,0
1506554,9472,8,0
1506554,30720,9,0
1506554,4799,10,0
1506554,35682,11,0
1506554,21137,12,0
1506554,20542,13,0
1506554,45066,14,1
1511765,10243,1,0
1511765,5878,2,0
1511765,20052,3,0
1511765,46667,4,0
1511765,38903,5,0
1511765,48775,6,0
1513945,13176,1,1
1513945,14633,2,1
1513945,14371,3,1
1513945,28199,4,1
1513945,2086,5,1
1513945,27104,6,0
1513945,10246,7,0
1513945,8087,8,0
1518272,19057,1,1
1518272,18152,2,1
1518272,31717,3,1
1518272,37067,4,0
1518272,3339,5,1
1518272,5250,6,0
1522980,14563,1,0
1522980,15261,2,0
1522980,13780,3,1
1522980,19893,4,0
1522980,36070,5,1
1522980,14705,6,0
1522980,22142,7,1
1522980,24156,8,0
1522980,23537,9,0
1522980,38233,10,0
1522980,39425,11,0
1522980,49505,12,0
1522980,44713,13,0
1522980,20378,14,0
1522980,5782,15,0
1522980,12845,16,0
1522980,39137,17,0
1522980,40945,18,0
1522980,38108,19,0
1522980,7806,20,0
1522980,39408,21,0
1522980,25604,22,0
1522980,35752,23,0
1522980,48562,24,0
1522980,44683,25,0
1522980,23339,26,0
1522980,23734,27,1
1522980,5612,28,0
1522980,32624,29,0
1522980,14168,30,0
1522980,31871,31,0
1522980,42504,32,0
1522980,32044,33,0
1526289,43352,1,1
1526289,26172,2,0
1526289,42736,3,1
1526289,34234,4,0
1526289,9387,5,0
1526289,44987,6,0
1526289,22935,7,0
1526289,21938,8,0
1526289,34358,9,1
1526289,7090,10,0
1526289,11408,11,0
1526289,703,12,0
1526289,11461,13,1
1526289,44683,14,0
1526289,990,15,1
1526289,41107,16,0
1526289,4006,17,0
1526289,49082,18,0
1526289,38266,19,0
1526289,30480,20,0
1526289,15752,21,0
1526289,44368,22,1
1526289,45646,23,0
1526289,46522,24,0
1526289,40722,25,0
1526289,21616,26,1
1526289,12341,27,0
1526289,31506,28,0
1526289,47626,29,1
1526289,8193,30,1
1526289,31217,31,0
1526289,19005,32,0
1526289,31471,33,1
1526289,35971,34,0
1526289,3439,35,0
1527801,24852,1,1
1527801,27247,2,1
1528592,39558,1,0
1528592,24964,2,1
1528592,4210,3,0
1528592,22935,4,0
1528592,13535,5,0
1528592,47626,6,1
1528592,41544,7,0
1528592,44910,8,1
1529816,21454,1,0
1533080,26209,1,1
1533080,42701,2,1
1533080,44359,3,1
1533080,38456,4,1
1533080,39408,5,0
1533080,46667,6,1
1533080,26842,7,1
1533080,49683,8,1
1534249,47738,1,0
1534249,37417,2,0
1534249,29117,3,0
1534249,40173,4,1
1534249,17948,5,1
1534249,40545,6,1
1534249,27966,7,1
1534249,26604,8,1
1534249,35951,9,1
1534249,10749,10,1
1534249,21938,11,1
1534249,28985,12,1
1534249,10621,13,0
1534924,26209,1,1
1534924,47766,2,0
1534924,21616,3,1
1534924,25890,4,0
1534924,20114,5,0
1534924,40706,6,0
1534924,31717,7,0
1534924,35221,8,0
1534924,14947,9,0
1535542,432,1,1
1535542,32566,2,0
1535542,49235,3,1
1535542,47626,4,1
1535542,28985,5,0
1535542,30450,6,1
1535542,35989,7,0
1535542,27959,8,1
1540823,45083,1,1
1540823,9337,2,1
1540823,34244,3,0
1540823,42592,4,1
1540823,1700,5,0
1540823,1374,6,1
1540823,21841,7,1
1540823,41950,8,0
1540823,29752,9,0
1540823,35951,10,1
1541078,33589,1,1
1541078,14999,2,1
1541078,877,3,1
1541078,5025,4,1
1541078,32784,5,1
1541078,43565,6,1
1541078,47087,7,1
1541078,22025,8,1
1548019,196,1,1
1548019,22802,2,1
1549727,44955,1,1
1549727,19570,2,0
1549727,43122,3,1
1549727,35321,4,1
1549727,28597,5,1
1549727,7948,6,1
1549727,18465,7,1
1549727,47672,8,1
1549727,21903,9,1
1549727,47209,10,1
1549727,41950,11,1
1549727,8193,12,1
1550297,5322,1,1
1550297,45645,2,1
1550297,13176,3,1
1550297,4013,4,1
1550297,25587,5,1
1550297,28204,6,1
1550297,48900,7,1
1550297,35504,8,1
1550297,36205,9,1
1550297,27086,10,1
1550297,38480,11,1
1550297,25043,12,1
1550297,5785,13,1
1550297,24035,14,1
1550297,8174,15,1
1550297,1272,16,1
1550297,27845,17,1
1550297,6400,18,1
1550297,21607,19,1
1550297,42536,20,1
1550297,21137,21,1
1550297,39408,22,1
1550297,11777,23,1
1550297,10753,24,1
1550297,17847,25,1
1550297,20413,26,1
1553563,26790,1,0
1553563,44765,2,1
1553563,29987,3,1
1553563,41844,4,1
1553563,16083,5,1
1553563,39275,6,1
1553563,31343,7,1
1553563,17949,8,1
1553563,24768,9,1
1553563,33787,10,1
1553563,40571,11,1
1553563,46979,12,1
1553563,24852,13,1
1553563,18441,14,1
1553563,47766,15,1
1553563,36426,16,1
1553563,30252,17,1
1559269,27845,1,1
1559269,49235,2,1
1559269,39427,3,1
1559269,30949,4,0
1559269,17487,5,1
1559269,18418,6,1
1559269,5134,7,1
1559269,25890,8,1
1559269,26369,9,1
1559269,29987,10,1
1559269,21903,11,1
1559269,2611,12,1
1559269,33401,13,1
1559269,31130,14,0
1567920,30287,1,0
1577371,8174,1,1
1577371,40198,2,1
1577371,27845,3,1
1577371,35108,4,1
1577371,13085,5,0
1577371,23537,6,0
1577371,29662,7,0
1577409,11520,1,0
1577409,40396,2,0
1577409,9076,3,0
1577409,7412,4,0
1577409,40604,5,0
1577409,47144,6,0
1577409,20345,7,0
1577409,15290,8,0
1577409,49683,9,0
1577409,7058,10,0
1577409,44661,11,0
1577409,18625,12,0
1577409,14429,13,0
1577409,46505,14,0
1577409,37458,15,0
1577409,6860,16,0
1577409,7228,17,0
1577409,44142,18,0
1577409,4799,19,0
1577409,44643,20,0
1577409,46900,21,0
1577409,8177,22,0
1577409,27086,23,0
1586341,47755,1,0
1586341,24009,2,1
1586341,12341,3,1
1586341,27086,4,1
1586341,14678,5,1
1586341,40706,6,1
1586341,48835,7,1
1586341,13176,8,1
1586341,31528,9,0
1586341,42736,10,1
1586341,39275,11,1
1589126,30169,1,1
1589126,27662,2,1
1589126,21137,3,1
1589126,39121,4,1
1589126,49075,5,1
1589126,10070,6,0
1589126,9934,7,0
1589126,42265,8,0
1589126,22613,9,0
1589126,27966,10,0
1589126,24489,11,0
1589126,22935,12,0
1589758,3896,1,1
1589758,11520,2,1
1589758,41665,3,1
1589758,47626,4,1
1589758,21903,5,1
1589758,21137,6,1
1589758,17461,7,1
1589758,3583,8,1
1589758,43122,9,1
1589758,7835,10,1
1589758,47209,11,1
1589758,41658,12,1
1589758,41950,13,1
1589758,11440,14,0
1589758,42735,15,0
1589758,41966,16,0
1589758,45007,17,0
1589758,16040,18,0
1589758,12456,19,0
1589758,7179,20,1
1589801,39947,1,1
1589801,7693,2,1
1589801,38997,3,1
1589801,39602,4,1
1589801,42456,5,0
1589801,4472,6,0
1589801,36316,7,0
1589801,16295,8,0
1592021,32650,1,1
1592021,27065,2,1
1592021,24852,3,1
1592021,33614,4,1
1592021,872,5,1
1592021,3243,6,1
1592021,6612,7,1
1592021,29689,8,1
1592021,18721,9,0
1592021,44479,10,1
1592021,22699,11,1
1592021,7751,12,1
1592021,19445,13,1
1592021,41148,14,0
1592021,6236,15,1
1592021,17597,16,1
1592021,12343,17,1
1592021,38141,18,1
1592021,48205,19,1
1593172,36036,1,1
1593172,21903,2,1
1593172,36550,3,1
1593172,29447,4,1
1593172,22025,5,1
1593172,27392,6,0
1593172,21387,7,0
1593172,30391,8,0
1593172,47209,9,1
1593172,16759,10,1
1593172,39928,11,0
1593172,5876,12,1
1593172,7737,13,0
1593172,24115,14,0
1593172,22292,15,0
1598659,22825,1,1
1598659,27845,2,1
1598659,45447,3,1
1601131,35619,1,0
1601131,11985,2,0
1601131,6611,3,0
1601131,37148,4,0
1601131,9577,5,0
1601131,30425,6,0
1601131,38455,7,0
1602121,28413,1,1
1602121,39922,2,1
1602121,15200,3,1
1602121,40467,4,1
1607397,24964,1,1
1607397,22935,2,1
1607397,19660,3,1
1607397,8859,4,1
1607397,34040,5,1
1607397,47209,6,1
1607397,35535,7,1
1607397,28601,8,1
1607397,27521,9,1
1607397,38456,10,1
1607397,23147,11,1
1607397,18963,12,1
1607397,43484,13,1
1607397,10621,14,1
1607397,36389,15,1
1607397,47734,16,1
1607397,2078,17,1
1607397,9839,18,1
1607611,21616,1,1
1607611,5989,2,1
1607611,30327,3,1
1607611,18200,4,1
1607611,8736,5,1
1607611,25981,6,1
1607611,24184,7,0
1607611,16797,8,0
1607611,22935,9,0
1608834,32942,1,0
1608834,24852,2,1
1608834,24955,3,0
1608834,42536,4,0
1612421,47209,1,1
1612421,26604,2,0
1612421,28204,3,1
1612421,23765,4,1
1612421,19125,5,0
1612421,48736,6,0
1612421,12442,7,1
1612421,38033,8,0
1612421,27845,9,1
1612421,22998,10,0
1612421,19894,11,1
1626060,23537,1,1
1626060,43122,2,1
1626060,31127,3,1
1627181,5025,1,1
1627181,49683,2,1
1627181,46676,3,1
1627181,23959,4,1
1627181,38996,5,1
1627181,14159,6,0
1627181,12845,7,0
1627181,17375,8,0
1627181,27695,9,0
1627733,24852,1,1
1627733,31915,2,1
1627733,13806,3,1
1627733,35417,4,1
1627733,14704,5,1
1627733,28199,6,1
1627733,28204,7,0
1627733,26723,8,1
1627733,37646,9,1
1636593,32478,1,1
1637564,47626,1,1
1637564,14536,2,0
1637564,44753,3,1
1637564,6046,4,1
1637564,33589,5,1
1639609,11520,1,0
1639609,26201,2,0
1639609,9741,3,0
1639609,23405,4,0
1639609,21938,5,0
1639609,27521,6,0
1639609,15649,7,0
1639609,36874,8,0
1640576,48679,1,1
1640576,24852,2,1
1640576,27845,3,1
1640576,4879,4,0
1640576,2014,5,0
1640576,32429,6,0
1640576,41588,7,1
1640639,5876,1,1
1640639,21334,2,0
1640639,25890,3,0
1640639,41273,4,0
1640639,46979,5,1
1640639,8518,6,1
1640639,26604,7,0
1640639,24082,8,0
1640639,13176,9,1
1640639,8277,10,0
1640639,25705,11,1
1640639,47209,12,1
1640639,42265,13,1
1640639,5258,14,1
1640639,33352,15,1
1640639,21903,16,1
1640639,43295,17,0
1642416,47626,1,1
1642416,27104,2,1
1642416,31553,3,1
1642416,21403,4,1
1642416,44570,5,1
1642416,4149,6,1
1642416,13176,7,1
1642416,15937,8,0
1642416,15290,9,1
1642416,32605,10,1
1642416,34480,11,0
1642416,41771,12,1
1642416,9756,13,0
1642416,1025,14,1
1642416,32864,15,0
1642416,33846,16,0
1642416,24170,17,0
1642416,35782,18,1
1642416,42736,19,0
1643851,581,1,1
1643851,32655,2,1
1643851,5785,3,1
1643851,24852,4,1
1643851,7503,5,1
1643851,248,6,1
1643851,12845,7,1
1643851,25630,8,0
1643851,7673,9,1
1643851,49683,10,1
1645782,4210,1,1
1645782,18610,2,1
1645782,41602,3,1
1645782,19488,4,1
1645782,24852,5,1
1645782,29766,6,1
1645782,19863,7,1
1645782,31506,8,1
1652163,16869,1,1
1652163,6182,2,1
1652163,38159,3,1
1652163,23140,4,1
1652163,35986,5,1
1652163,39928,6,1
1652163,11534,7,1
1652163,7673,8,1
1652163,7416,9,1
1652163,8021,10,1
1652163,39794,11,1
1652163,2198,12,1
1652163,1188,13,0
1652163,11865,14,0
1652163,37959,15,0
1652163,42205,16,1
1652163,5764,17,1
1655279,47209,1,1
1655279,31717,2,1
1655279,4485,3,1
1655279,43221,4,1
1655279,13176,5,0
1655279,48487,6,0
1655279,5015,7,0
1655279,28476,8,0
1655279,25647,9,0
1655279,22935,10,1
1655279,35547,11,1
1656908,47626,1,0
1656908,19678,2,1
1656908,39877,3,1
1656908,30391,4,0
1656908,25330,5,0
1656908,28918,6,0
1656908,39275,7,0
1656908,47209,8,1
1658686,10106,1,1
1658686,36305,2,1
1658686,37646,3,1
1658686,5077,4,1
1658686,1463,5,1
1658686,11941,6,1
1658686,46346,7,0
1658686,24852,8,1
1658686,4957,9,1
1658686,33787,10,1
1658686,33370,11,1
1661069,23909,1,1
1661069,39108,2,1
1661069,25357,3,0
1661069,7600,4,0
1661069,42252,5,1
1661069,47357,6,0
1661069,24852,7,1
1661664,5785,1,1
1661664,35523,2,1
1661664,47209,3,1
1661664,48628,4,1
1661664,27086,5,1
1661664,31720,6,1
1661664,4487,7,1
1661664,24184,8,1
1661664,27966,9,1
1661664,22115,10,1
1661664,22035,11,1
1661664,38312,12,1
1661664,16178,13,1
1661664,36550,14,1
1661664,38777,15,1
1661664,21137,16,1
1661664,2732,17,0
1661664,45097,18,0
1661664,23744,19,0
1664326,36070,1,0
1664326,12583,2,0
1664326,49383,3,0
1664326,421,4,0
1664326,22260,5,1
1664326,30305,6,1
1664326,39732,7,1
1664326,34126,8,1
1664326,45007,9,0
1665406,16732,1,1
1665406,45128,2,1
1665406,43721,3,0
1665956,33373,1,0
1665956,34040,2,0
1666721,35503,1,1
1666721,23457,2,1
1666721,18564,3,1
1666721,13176,4,1
1666721,38164,5,1
1666721,5450,6,1
1666721,260,7,1
1666721,34969,8,0
1666721,23155,9,1
1666721,24489,10,1
1666721,20345,11,1
1666721,36550,12,1
1666721,11499,13,1
1666721,47077,14,1
1666721,14870,15,1
1666721,24964,16,0
1666721,22947,17,1
1666721,18606,18,0
1666721,35140,19,1
1666721,19678,20,0
1666721,4605,21,0
1666721,21828,22,0
1666721,2309,23,0
1666721,2948,24,0
1671050,21067,1,1
1671050,37849,2,1
1671050,45588,3,1
1671050,9252,4,1
1671050,34222,5,0
1673881,39242,1,1
1673881,49247,2,1
1673881,3957,3,1
1673881,42091,4,1
1673881,40706,5,1
1677644,41148,1,1
1677644,24852,2,1
1677644,17122,3,1
1677644,45427,4,1
1679818,5194,1,1
1679818,34050,2,1
1679818,30233,3,1
1679818,25985,4,1
1679818,17616,5,1
1679818,16254,6,1
1679818,39491,7,0
1679933,13702,1,1
1679933,5646,2,1
1679933,226,3,1
1679933,24852,4,1
1679933,11129,5,1
1679933,44377,6,0
1681341,21246,1,1
1681341,15516,2,0
1681341,18531,3,1
1681341,12442,4,0
1687584,26131,1,0
1687584,27093,2,1
1687584,20794,3,1
1687584,13263,4,1
1687584,32857,5,1
1687584,18567,6,0
1687584,17038,7,1
1687584,22504,8,1
1687584,30776,9,1
1687584,177,10,1
1687584,19239,11,1
1687584,37687,12,1
1687584,9604,13,1
1687584,39782,14,1
1687584,36865,15,1
1687584,17333,16,1
1687584,35429,17,1
1687584,35951,18,1
1687584,22963,19,1
1687584,43662,20,1
1687584,18465,21,1
1687584,20580,22,0
1687584,18811,23,1
1688837,25872,1,1
1688837,42972,2,0
1696556,13219,1,1
1696556,19702,2,1
1696556,13176,3,1
1696964,26312,1,0
1696964,517,2,1
1696964,36431,3,0
1696964,36274,4,0
1696964,29640,5,0
1702863,35417,1,1
1702863,41213,2,1
1702863,39408,3,0
1702863,39928,4,1
1702863,13176,5,1
1702863,31847,6,1
1702863,25837,7,1
1702863,40268,8,1
1706100,31506,1,0
1706100,13525,2,0
1713333,30047,1,1
1713333,41950,2,1
1713333,3464,3,1
1713951,28985,1,1
1713951,23079,2,1
1713951,39984,3,1
1713951,21903,4,1
1713951,34126,5,1
1713951,31717,6,1
1713951,35855,7,0
1713951,10243,8,0
1713951,44661,9,0
1713951,42123,10,0
1717116,4942,1,1
1717116,7021,2,1
1717116,17568,3,1
1717116,44910,4,1
1717116,26165,5,1
1717116,13176,6,1
1717116,27845,7,1
1717116,1468,8,1
1717116,26629,9,1
1717116,49235,10,1
1717116,24107,11,1
1717116,5646,12,1
1717116,12341,13,1
1718253,41400,1,0
1718253,35561,2,0
1718253,42629,3,0
1718253,31912,4,0
1718418,14403,1,1
1718418,45066,2,1
1718418,9838,3,1
1718418,39408,4,1
1718418,11977,5,1
1718418,21999,6,1
1718418,24954,7,1
1718418,13351,8,1
1718418,31678,9,1
1718418,29326,10,1
1722759,27845,1,1
1722759,781,2,1
1722759,22935,3,1
1722759,1938,4,1
1722759,21938,5,1
1722759,22534,6,0
1722759,40992,7,1
1722759,2314,8,0
1722759,7649,9,0
1722759,6104,10,0
1725437,35715,1,0
1725437,13176,2,0
1725437,6187,3,1
1725437,6948,4,1
1725437,25146,5,1
1725437,40656,6,1
1725437,11250,7,1
1725437,45537,8,1
1725437,1935,9,1
1725437,29117,10,0
1725437,37464,11,1
1727294,17638,1,0
1727294,21710,2,0
1727294,15892,3,0
1727294,46667,4,0
1727294,42585,5,0
1727294,47766,6,0
1727294,2658,7,0
1727294,5025,8,0
1727294,28169,9,0
1731548,27845,1,1
1731548,30442,2,1
1731548,39180,3,1
1731548,14161,4,0
1731548,21137,5,1
1731548,43087,6,0
1731548,42828,7,0
1733246,24852,1,1
1733246,45066,2,1
1733246,33709,3,0
1733246,18441,4,0
1733246,21850,5,0
1733246,6377,6,0
1733246,14720,7,0
1733246,9881,8,0
1733246,3397,9,0
1733246,3793,10,0
1733246,28571,11,0
1733246,13198,12,1
1733246,6669,13,1
1733750,39275,1,1
1733750,18465,2,0
1733750,40545,3,0
1733750,24082,4,1
1733750,27521,5,1
1733750,2846,6,1
1733750,9472,7,1
1733750,17794,8,0
1733750,26242,9,1
1733750,25659,10,1
1733750,890,11,1
1733750,40721,12,1
1733750,46709,13,0
1733750,30291,14,0
1733750,18918,15,1
1733750,42768,16,1
1735588,35522,1,1
1735588,22935,2,1
1735588,5646,3,1
1735588,18288,4,1
1735588,27344,5,1
1735588,23765,6,1
1735588,13740,7,1
1735588,39561,8,1
1735588,28277,9,1
1735588,45013,10,1
1735588,18027,11,1
1735588,11262,12,1
1735588,31506,13,1
1735588,46709,14,0
1735588,12392,15,0
1735588,45448,16,1
1735588,9203,17,0
1735756,21999,1,1
1735756,45447,2,1
1735756,46486,3,1
1737166,7391,1,1
1737166,14947,2,1
1737166,42193,3,1
1737166,13176,4,1
1737166,18272,5,1
1737166,12011,6,0
1739407,30169,1,1
1747872,26128,1,1
1747872,6615,2,1
1747872,44560,3,1
1747872,34448,4,0
1747872,11520,5,1
1750885,41140,1,0
1750885,40604,2,1
1750885,4799,3,1
1750885,23029,4,0
1750885,13819,5,1
1752418,30442,1,1
1752418,24184,2,1
1752418,18362,3,1
1752418,27966,4,1
1752418,28985,5,1
1752418,8935,6,0
1752418,49683,7,0
1752418,40397,8,0
1762202,40898,1,0
1762202,28682,2,0
1762202,17568,3,0
1762202,10814,4,0
1762202,48679,5,1
1762202,39475,6,1
1762202,22367,7,1
1762202,45681,8,1
1762202,47626,9,1
1762202,8424,10,1
1762202,49191,11,0
1762202,30353,12,0
1762202,44632,13,1
1762202,2462,14,1
1762202,15937,15,1
1762202,43352,16,1
1762202,37825,17,1
1762202,40229,18,0
1763649,5684,1,0
1763649,30489,2,0
1763649,31257,3,0
1763649,20113,4,0
1763649,49235,5,0
1763649,27086,6,1
1763649,27247,7,0
1763649,2966,8,1
1763649,44292,9,1
1763649,32138,10,1
1763649,45223,11,1
1763649,15693,12,1
1763649,21603,13,1
1765304,46886,1,0
1765304,11512,2,0
1765304,27966,3,0
1765304,18110,4,0
1765304,24561,5,0
1765304,24221,6,0
1767288,14578,1,0
1772732,13176,1,1
1772732,28156,2,1
1772732,40709,3,1
1772732,25466,4,1
1772802,14464,1,0
1772802,17286,2,0
1780772,19333,1,0
1780772,46941,2,1
1780772,21115,3,1
1780772,24907,4,1
1780772,5782,5,1
1780772,21410,6,1
1783311,42768,1,0
1783311,28785,2,0
1783311,28990,3,0
1783311,45229,4,0
1783311,27028,5,0
1783311,25138,6,0
1788296,26348,1,1
1788296,27344,2,1
1788296,45427,3,1
1788296,41674,4,1
1788296,40376,5,1
1788296,33129,6,1
1788296,29315,7,1
1788296,33326,8,1
1788296,31573,9,1
1788296,47759,10,1
1788296,47141,11,1
1788296,24514,12,1
1788296,10970,13,1
1788296,20915,14,1
1788296,43704,15,1
1789044,45066,1,0
1789044,28655,2,0
1789044,46906,3,0
1789044,14633,4,0
1789044,31040,5,0
1789044,32864,6,0
1789044,48057,7,0
1789832,1398,1,1
1789832,40332,2,0
1789832,18234,3,0
1791426,26709,1,0
1791426,47284,2,0
1791426,45681,3,0
1791426,4478,4,0
1791426,19076,5,1
1791426,30506,6,0
1791426,25985,7,0
1791426,43715,8,0
1791426,43409,9,0
1791426,49060,10,0
1791426,24852,11,1
1791426,34640,12,1
1791426,47234,13,0
1791426,14697,14,1
1793987,41890,1,1
1793987,24964,2,1
1793987,47209,3,0
1793987,8385,4,0
1793987,31618,5,0
1793987,42265,6,1
1793987,30489,7,1
1793987,45948,8,1
1793987,37107,9,0
1793987,25659,10,1
1793987,23400,11,1
1793987,49175,12,1
1795262,23516,1,1
1795262,44912,2,0
1795262,44683,3,0
1795262,33055,4,1
1795262,6740,5,0
1795262,12419,6,0
1805081,22175,1,1
1805081,33943,2,1
1805081,36790,3,0
1805081,8590,4,0
1805081,36618,5,0
1805081,1006,6,0
1805081,24852,7,1
1805081,27237,8,1
1805081,44142,9,1
1805081,13920,10,0
1805081,40177,11,1
1805081,4778,12,1
1805081,46025,13,0
1805081,22952,14,0
1805081,25952,15,1
1805081,27356,16,1
1805081,20682,17,1
1805081,15290,18,0
1805081,2295,19,0
1805081,21938,20,0
1805081,26262,21,0
1805109,3382,1,1
1805109,7781,2,1
1805109,4792,3,1
1805109,41890,4,1
1805109,34969,5,1
1805109,4799,6,1
1805109,24852,7,1
1805109,23044,8,1
1805109,9808,9,1
1805109,4659,10,1
1805109,44765,11,1
1805109,18370,12,1
1805109,5649,13,1
1805109,7021,14,1
1805109,15290,15,1
1805109,18465,16,1
1805109,47209,17,1
1805109,39475,18,1
1805247,8204,1,0
1805247,47144,2,0
1805247,16797,3,0
1805247,45511,4,0
1805247,32677,5,0
1806968,10070,1,0
1806968,44103,2,0
1806968,13176,3,0
1806968,19057,4,0
1806968,28597,5,0
1806968,5994,6,0
1806968,31506,7,0
1806968,34608,8,0
1806968,41220,9,0
1806968,4781,10,0
1806968,28380,11,0
1806968,6046,12,0
1806968,23719,13,0
1809339,6104,1,1
1809339,13176,2,1
1809339,38689,3,1
1809339,40706,4,1
1809339,28289,5,1
1809339,17794,6,1
1809339,39391,7,1
1809339,47734,8,1
1809339,19048,9,1
1809339,14704,10,1
1810752,17316,1,1
1810752,21903,2,1
1812579,22298,1,0
1812579,21019,2,0
1812579,43961,3,0
1812579,7559,4,0
1812579,10527,5,0
1812579,23554,6,0
1812579,38250,7,0
1812579,31257,8,0
1812579,12252,9,0
1812579,25093,10,0
1812579,11068,11,0
1812579,44765,12,0
1812579,23909,13,0
1812579,5959,14,0
1812579,20345,15,0
1812579,42828,16,0
1813054,7862,1,1
1817342,5450,1,1
1817342,24852,2,1
1817342,19816,3,1
1817342,16185,4,1
1817342,48628,5,1
1817342,9339,6,1
1817342,35902,7,1
1817342,24390,8,1
1817342,37766,9,1
1818149,30442,1,0
1818149,47766,2,0
1818149,35108,3,0
1818149,16768,4,0
1818149,11247,5,0
1818149,45007,6,0
1818149,23644,7,0
1818149,47672,8,0
1818149,24385,9,0
1818149,2210,10,0
1818666,48628,1,0
1818666,49224,2,0
1818666,6297,3,0
1818666,32740,4,0
1818666,3283,5,0
1818666,21137,6,0
1818666,40146,7,0
1818666,48679,8,0
1818666,15803,9,0
1818666,43122,10,0
1818666,18765,11,0
1818666,9217,12,0
1818666,40960,13,0
1818666,37971,14,0
1818666,12039,15,0
1827477,13877,1,0
1827477,27470,2,1
1827477,13176,3,1
1827477,22963,4,0
1827477,30489,5,1
1827909,7521,1,1
1827909,24852,2,1
1827909,24024,3,1
1827909,5077,4,1
1835005,42356,1,1
1835005,19660,2,1
1835005,5077,3,1
1835005,38944,4,1
1835005,27299,5,1
1835005,21903,6,1
1835005,20178,7,1
1835005,48220,8,1
1835005,2326,9,1
1835005,37646,10,1
1835005,25753,11,1
1835005,39279,12,1
1835005,35951,13,1
1835005,46069,14,1
1835005,12845,15,1
1835005,48595,16,1
1835005,42768,17,1
1835005,2825,18,0
1835005,25659,19,0
1835005,12246,20,0
1835005,34590,21,0
1835005,43920,22,0
1835005,7500,23,0
1835005,45664,24,0
1835005,24489,25,0
1835005,24852,26,0
1835895,39328,1,1
1835895,17835,2,1
1835895,41433,3,1
1835895,43154,4,1
1835895,27845,5,1
1835895,49023,6,1
1835895,32655,7,1
1835895,21903,8,0
1835895,7076,9,0
1835895,19938,10,0
1835895,17766,11,0
1835895,10863,12,0
1837287,49517,1,1
1837287,46402,2,1
1837287,48746,3,1
1837287,35940,4,0
1837287,44813,5,0
1844833,13514,1,0
1844833,35948,2,0
1844833,41863,3,0
1844833,7969,4,0
1844833,27104,5,1
1844833,19051,6,0
1844833,33056,7,0
1844833,35761,8,1
1844833,36086,9,1
1844833,31564,10,0
1844833,8479,11,0
1844833,43945,12,0
1851520,49544,1,1
1851520,12013,2,1
1851520,2120,3,1
1854375,29345,1,0
1854375,39475,2,1
1854375,33493,3,0
1854375,11347,4,0
1854375,35948,5,0
1854375,33636,6,0
1854375,24852,7,1
1854375,46113,8,0
1854375,20105,9,0
1854375,24203,10,0
1854375,18516,11,1
1854375,36322,12,0
1860876,19061,1,0
1860876,37516,2,0
1860876,8193,3,0
1860876,41610,4,0
1860876,47766,5,1
1860876,40174,6,1
1860876,46820,7,1
1860876,43294,8,0
1860876,24852,9,1
1860876,18594,10,0
1861423,33081,1,1
1861423,19887,2,1
1861423,10498,3,0
1863363,41290,1,1
1863363,10840,2,1
1869693,9292,1,1
1869693,39581,2,1
1881986,24759,1,1
1881986,47766,2,1
1881986,25146,3,1
1881986,49235,4,1
1881986,32151,5,0
1881986,44288,6,0
1886907,24852,1,1
1886907,45066,2,1
1886907,29487,3,1
1886907,35824,4,1
1886907,33731,5,1
1886907,4962,6,1
1886907,38544,7,1
1886907,26665,8,1
1886907,41503,9,1
1886907,48679,10,1
1886907,4947,11,1
1886907,12572,12,0
1886907,44632,13,1
1886907,24288,14,0
1886907,20920,15,1
1886907,28745,16,1
1887485,26604,1,0
1887485,12395,2,0
1887485,28535,3,0
1887485,40706,4,0
1887485,47209,5,0
1887485,39275,6,0
1887485,1416,7,0
1887485,4799,8,0
1889255,11576,1,1
1889255,16262,2,1
1889255,34220,3,1
1889255,36076,4,1
1889255,4162,5,1
1896455,13740,1,0
1896455,26282,2,0
1896455,9424,3,0
1896455,37733,4,0
1896455,47209,5,1
1896455,9766,6,0
1896455,43713,7,0
1896455,6297,8,0
1896455,4799,9,0
1896455,37646,10,1
1901608,39947,1,1
1901608,30353,2,1
1901608,28342,3,1
1901608,30117,4,1
1901608,41716,5,1
1901608,49235,6,1
1901608,27845,7,1
1901608,24852,8,1
1901608,28204,9,1
1901608,35221,10,1
1901608,25133,11,1
1901608,40709,12,1
1901608,39877,13,1
1901608,33037,14,1
1901608,5876,15,1
1901608,11452,16,1
1901608,34448,17,1
1901608,19006,18,0
1901608,39886,19,0
1901608,13740,20,0
1901608,27626,21,0
1901608,13776,22,0
1901608,27115,23,0
1902528,19443,1,1
1902528,15700,2,1
1902528,29660,3,0
1902528,13605,4,0
1902528,43038,5,1
1902528,49005,6,0
1902528,7781,7,0
1902528,1005,8,0
1902528,35749,9,0
1902528,17601,10,0
1902528,19451,11,0
1902528,6089,12,0
1902528,34582,13,0
1902528,47977,14,0
1902528,6448,15,0
1902528,32090,16,0
1902528,8695,17,1
1902528,26348,18,0
1902528,11611,19,0
1902528,4447,20,0
1902528,41787,21,0
1902528,49054,22,1
1902528,45723,23,1
1902528,25843,24,0
1902528,21290,25,0
1902528,17352,26,1
1903052,16589,1,1
1903052,44632,2,1
1903052,7924,3,0
1903766,16521,1,0
1903766,24852,2,1
1903766,46802,3,1
1903766,26128,4,0
1903766,41787,5,1
1903766,10749,6,1
1903766,19057,7,1
1903766,30489,8,1
1903766,32465,9,1
1903766,8903,10,0
1903766,47652,11,0
1903766,9839,12,1
1903766,26242,13,0
1903766,20736,14,0
1903766,6721,15,0
1903766,38077,16,0
1903766,28773,17,0
1905960,19348,1,1
1905960,1924,2,1
1905960,22843,3,1
1905960,23888,4,1
1916455,37687,1,1
1916455,13263,2,1
1916455,15070,3,1
1916455,24852,4,1
1916455,35547,5,1
1916455,49683,6,1
1916455,27845,7,1
1916455,21137,8,1
1916455,28465,9,1
1916455,35503,10,1
1916455,4957,11,1
1916455,14437,12,1
1916455,23576,13,1
1916455,8277,14,1
1916455,26604,15,1
1917281,44422,1,1
1917281,5785,2,1
1917281,14218,3,1
1917281,3957,4,1
1917281,13223,5,1
1917281,19886,6,1
1917281,27683,7,1
1917281,31717,8,1
1917281,34126,9,1
1917281,29662,10,1
1917281,28289,11,1
1917281,42265,12,1
1917281,22475,13,1
1917281,23537,14,1
1917281,24964,15,1
1917281,16521,16,1
1917281,39877,17,1
1917281,24852,18,1
1917281,28199,19,1
1917281,38456,20,1
1917281,16797,21,0
1917281,45007,22,1
1917281,21938,23,1
1917281,13629,24,1
1921507,4957,1,1
1921507,11123,2,1
1921507,31231,3,1
1921507,29103,4,1
1921507,22035,5,1
1921507,8061,6,1
1921507,41716,7,1
1921507,27966,8,1
1921507,47912,9,1
1921507,28465,10,1
1921507,27086,11,1
1921507,13263,12,1
1921507,5322,13,1
1921507,18531,14,1
1921507,47521,15,1
1921507,24241,16,1
1921507,45013,17,1
1921507,28476,18,1
1921507,19006,19,1
1921507,17730,20,1
1921507,45645,21,1
1921507,40723,22,0
1921507,45154,23,0
1925239,37935,1,1
1925239,22559,2,0
1925239,3717,3,0
1925239,5918,4,0
1925239,30135,5,0
1925239,12381,6,0
1925239,31461,7,0
1925778,41541,1,1
1925778,47766,2,1
1925778,44968,3,0
1925778,34358,4,0
1925778,19167,5,0
1925778,16726,6,0
1935801,43076,1,0
1935801,36011,2,0
1935801,25890,3,0
1935801,26620,4,0
1935801,651,5,0
1935801,48974,6,0
1935801,5266,7,0
1935801,24810,8,0
1935801,8296,9,0
1935801,26201,10,0
1935801,2435,11,0
1935801,19174,12,0
1935801,48395,13,0
1946392,42342,1,0
1946392,27655,2,0
1946392,1559,3,0
1946392,46906,4,0
1946392,5438,5,1
1946392,40396,6,0
1946392,21405,7,1
1946392,26209,8,0
1946392,20114,9,0
1946392,8174,10,0
1946392,28934,11,0
1946392,48287,12,0
1946392,40199,13,0
1946392,26352,14,0
1946392,36157,15,1
1946392,7647,16,0
1946392,1099,17,0
1946392,14945,18,1
1946392,19478,19,0
1947646,46906,1,1
1947646,13176,2,1
1947646,25890,3,1
1947646,8424,4,1
1947646,8518,5,1
1947646,13702,6,0
1950983,31759,1,1
1951347,30440,1,1
1951347,24838,2,1
1951347,27104,3,1
1951347,9444,4,1
1951347,49424,5,0
1951347,27117,6,1
1951347,25407,7,1
1952879,32403,1,1
1952879,1689,2,1
1952879,48142,3,1
1952879,21573,4,0
1952879,42265,5,0
1956426,39719,1,0
1956426,24852,2,1
1956426,45066,3,1
1956426,24221,4,1
1956426,9387,5,0
1957697,2974,1,1
1957697,47877,2,1
1957697,6481,3,0
1957697,4313,4,0
1963123,2228,1,1
1963123,36082,2,0
1963123,1516,3,0
1963123,24489,4,0
1963123,47209,5,1
1963123,12798,6,0
1963123,8518,7,1
1963123,35939,8,1
1963123,5876,9,1
1963123,26209,10,0
1963123,47734,11,0
1963123,11250,12,1
1963123,46979,13,0
1963123,28785,14,0
1963123,35750,15,0
1963123,19057,16,1
1963123,24373,17,0
1966489,22935,1,0
1966489,33098,2,0
1966489,24009,3,0
1966489,46720,4,0
1966489,4249,5,0
1966489,9020,6,0
1966489,10385,7,1
1966489,4920,8,1
1966489,41787,9,0
1972973,38775,1,0
1972973,27554,2,1
1972973,33508,3,0
1972973,6478,4,0
1972973,14365,5,0
1972973,30807,6,0
1972973,6337,7,0
1972973,23623,8,1
1972973,29830,9,1
1972973,10180,10,1
1972973,11869,11,1
1972973,17341,12,0
1972973,41787,13,0
1972973,15913,14,0
1972973,28599,15,0
1972973,34247,16,0
1972973,5241,17,0
1974159,47626,1,0
1974159,46906,2,0
1974159,21137,3,0
1974159,13176,4,0
1974159,45007,5,1
1974159,46979,6,1
1974159,18656,7,0
1974159,31553,8,0
1974159,17794,9,0
1974159,38383,10,0
1974159,27344,11,1
1977750,340,1,1
1977750,41544,2,0
1977750,10749,3,1
1977750,24231,4,1
1977750,21903,5,1
1977750,12341,6,1
1977750,432,7,1
1977750,30489,8,1
1977750,4562,9,1
1982656,22025,1,1
1982656,21267,2,1
1982656,5550,3,1
1982656,44632,4,1
1982656,24852,5,1
1982656,31444,6,1
1982656,4605,7,1
1982656,23909,8,0
1982656,22035,9,0
1982656,34126,10,1
1982656,43352,11,0
1982656,7358,12,1
1982656,8239,13,0
1982656,16462,14,0
1982656,13852,15,0
1982656,12258,16,0
1982656,38772,17,1
1982656,38288,18,0
1982656,11068,19,0
1982656,38739,20,1
1986163,31539,1,0
1986163,28545,2,1
1986163,16367,3,0
1986163,18409,4,1
1986163,12480,5,0
1986163,46747,6,1
1986163,10006,7,1
1989898,28946,1,0
1989898,24852,2,1
1989898,22825,3,1
1989898,14161,4,1
1989898,27845,5,1
1989898,38259,6,1
1989898,43255,7,1
1989898,46847,8,1
1989898,1823,9,1
1989898,9339,10,1
1989898,32347,11,1
1989898,35042,12,1
1989898,32446,13,1
1989898,16797,14,1
1989898,28204,15,1
1989898,31683,16,1
1989898,22312,17,0
1989898,25886,18,0
1989898,14901,19,1
1989898,46131,20,0
1989898,35168,21,0
1989898,48205,22,1
1989898,49348,23,0
1989898,41326,24,0
1989898,38985,25,0
1989898,23291,26,0
1989898,33929,27,0
1989898,9076,28,0
1993829,42445,1,1
1993829,41177,2,1
1993829,32655,3,1
1993829,11737,4,1
1993829,26604,5,1
1993829,21903,6,1
1993829,24964,7,1
1993829,49235,8,0
1993829,22115,9,0
1993829,40706,10,0
1993829,13984,11,0
1993829,43961,12,0
1999692,37276,1,1
1999692,28613,2,1
1999692,13496,3,0
1999692,35217,4,0
1999692,27086,5,0
1999692,41588,6,0
1999692,19625,7,0
2005470,21616,1,1
2005470,33120,2,1
2005470,36695,3,1
2005470,34949,4,1
2005470,31717,5,1
2005470,3896,6,1
2005470,5646,7,1
2005470,5450,8,1
2005470,8138,9,1
2005470,14992,10,1
2005470,46906,11,1
2005470,27104,12,1
2005470,6552,13,1
2005470,44359,14,1
2005470,37029,15,1
2005470,17794,16,1
2005470,27086,17,1
2005470,5258,18,1
2008861,5785,1,1
2008861,7781,2,1
2008861,40469,3,1
2008861,49235,4,1
2008861,19155,5,1
2008861,18523,6,1
2008861,21009,7,1
2008861,24561,8,1
2008861,41658,9,1
2008861,21203,10,1
2008861,48679,11,1
2008861,16262,12,1
2008861,38159,13,1
2008861,2164,14,0
2008861,33572,15,1
2008861,260,16,1
2008861,10125,17,1
2008861,33527,18,1
2008861,43122,19,1
2008861,39794,20,1
2008861,9224,21,1
2008861,38544,22,1
2008861,3599,23,1
2008861,34448,24,0
2008861,33043,25,0
2008861,32895,26,0
2013242,5271,1,0
2013242,35702,2,0
2013242,43924,3,0
2013242,26318,4,1
2013242,16797,5,1
2013242,19604,6,1
2013242,28073,7,1
2013242,42614,8,1
2013242,20802,9,1
2013242,24852,10,1
2013242,35578,11,1
2013242,35205,12,0
2013242,7693,13,1
2013242,18373,14,1
2013242,13977,15,0
2013242,25654,16,0
2013242,3953,17,1
2013242,1774,18,1
2013242,1241,19,1
2013242,28185,20,1
2013242,48097,21,1
2013242,28016,22,1
2013242,7838,23,0
2013242,25786,24,0
2013242,46189,25,1
2013242,4674,26,1
2013242,41805,27,1
2013242,1154,28,1
2013242,29064,29,1
2013242,33852,30,1
2013242,17807,31,1
2013242,32133,32,0
2013242,10710,33,1
2013242,10823,34,0
2013242,5436,35,0
2013242,8670,36,0
2013242,14875,37,0
2013242,5770,38,0
2013242,45288,39,1
2013242,47144,40,1
2013242,44903,41,1
2013388,39678,1,0
2013388,27845,2,1
2015209,47626,1,1
2015209,47766,2,1
2015209,42193,3,1
2015209,24489,4,1
2015209,26369,5,1
2015209,35547,6,1
2018522,27845,1,1
2018522,27966,2,1
2018522,39275,3,1
2018522,35887,4,1
2018522,35595,5,1
2018522,18531,6,1
2018522,12341,7,0
2018522,21903,8,0
2018522,24964,9,0
2018522,22935,10,1
2018522,33198,11,0
2018522,12592,12,0
2018522,49075,13,0
2018522,9124,14,0
2018522,45613,15,0
2018522,8022,16,0
2018522,34214,17,0
2018522,13885,18,1
2018522,38003,19,1
2024457,40231,1,0
2024457,11182,2,1
2024457,49608,3,1
2024457,34640,4,1
2024457,23734,5,1
2024457,1408,6,1
2024457,38279,7,1
2024457,40208,8,1
2024457,38905,9,1
2024457,8536,10,1
2024457,24053,11,1
2024457,47537,12,1
2024457,39719,13,1
2024457,17008,14,1
2024457,14992,15,1
2024457,1696,16,1
2024457,37145,17,1
2024457,16797,18,1
2026145,2180,1,1
2026145,14165,2,1
2026145,29900,3,1
2026145,31564,4,1
2026145,15120,5,1
2026145,4638,6,1
2026145,35976,7,1
2026145,37654,8,1
2026145,5077,9,1
2026145,28632,10,1
2026145,27761,11,0
2026145,19604,12,1
2026145,16797,13,1
2032201,18762,1,0
2032201,20225,2,0
2032403,44008,1,0
2032403,42469,2,1
2032403,48017,3,0
2032403,12703,4,0
2032403,17131,5,1
2032403,17706,6,1
2040407,18722,1,1
2040407,6935,2,1
2043534,44867,1,0
2043534,19340,2,1
2043534,19604,3,0
2043534,32691,4,1
2043534,44098,5,1
2060834,26559,1,0
2060834,19736,2,0
2063520,8859,1,1
2063520,7131,2,1
2063520,13176,3,1
2063520,21872,4,1
2063520,35951,5,1
2063520,47209,6,1
2063520,30252,7,1
2063520,38159,8,1
2063520,47740,9,0
2063520,13512,10,0
2063520,30391,11,1
2063520,22247,12,1
2064499,20947,1,1
2064499,4562,2,0
2064499,13176,3,1
2064499,19678,4,1
2064499,25937,5,1
2064499,33978,6,1
2064499,11538,7,0
2064499,29439,8,0
2064499,6860,9,0
2064499,49235,10,0
2064499,22428,11,0
2064499,46979,12,0
2064499,24184,13,0
2064499,878,14,0
2068407,4317,1,1
2068407,19309,2,1
2068407,45531,3,1
2068407,38444,4,1
2068407,3308,5,1
2068407,39041,6,0
2068407,8277,7,1
2068407,5794,8,0
2068407,14992,9,1
2068407,29628,10,0
2068407,42949,11,1
2068407,43039,12,0
2068407,21948,13,0
2071079,12351,1,1
2071079,14252,2,0
2071079,12487,3,1
2071079,46391,4,1
2071079,24852,5,1
2071079,10656,6,1
2071079,47596,7,1
2071079,12731,8,1
2071079,37725,9,1
2071079,17010,10,1
2071079,2584,11,1
2071079,45149,12,1
2071079,40490,13,1
2071079,43049,14,0
2073658,27104,1,0
2073658,25305,2,1
2073658,14870,3,1
2073658,11182,4,1
2073658,42719,5,1
2073658,24838,6,1
2073658,41774,7,1
2073658,42265,8,1
2073658,23579,9,1
2073658,15693,10,1
2073658,42445,11,0
2073658,20178,12,1
2073658,43768,13,1
2073658,31371,14,1
2073940,21591,1,1
2073940,46785,2,1
2073940,24852,3,1
2073940,47884,4,1
2073940,16595,5,0
2075384,44728,1,1
2075384,15438,2,1
2075384,19660,3,1
2075384,6873,4,1
2075838,10017,1,1
2075838,260,2,1
2075838,36011,3,1
2075838,21903,4,1
2075838,38312,5,1
2075838,15984,6,1
2075838,48220,7,1
2075838,432,8,1
2075838,23288,9,1
2075838,12932,10,1
2075838,21077,11,1
2075838,40706,12,1
2075838,19057,13,1
2075838,31964,14,1
2075838,26032,15,0
2082355,21137,1,1
2082355,13176,2,1
2082355,6873,3,1
2082355,17794,4,1
2082355,3952,5,1
2082355,49683,6,0
2082355,10246,7,1
2082355,46906,8,1
2082355,32293,9,1
2082355,28204,10,1
2082355,39877,11,1
2082355,9598,12,1
2082355,28199,13,0
2082355,28928,14,0
2082355,33043,15,1
2082355,45671,16,0
2082355,39430,17,1
2082355,7622,18,0
2082355,35383,19,1
2082355,37876,20,0
2082355,22035,21,1
2082355,5794,22,1
2082355,27522,23,1
2082355,6975,24,1
2082355,27423,25,0
2082355,43154,26,1
2082355,3330,27,0
2082355,30967,28,1
2082355,10761,29,1
2082355,17579,30,1
2082355,29544,31,1
2082355,48073,32,0
2082539,44595,1,1
2082539,17338,2,1
2082539,42013,3,1
2082539,11461,4,0
2082539,44449,5,0
2082539,23400,6,0
2082539,22015,7,1
2082539,3808,8,0
2082539,47977,9,0
2082539,31487,10,0
2082539,24149,11,0
2082539,9076,12,0
2082539,6166,13,0
2082539,4878,14,1
2082539,47177,15,0
2082539,25903,16,0
2082539,13536,17,1
2082539,43829,18,1
2082539,45296,19,0
2082539,47098,20,0
2082539,37728,21,0
2082539,23734,22,0
2082539,29553,23,0
2082539,40586,24,0
2085928,17902,1,1
2085928,17789,2,0
2085928,17668,3,0
2085928,16521,4,0
2085928,4920,5,1
2085928,9531,6,1
2085928,6358,7,1
2085928,45303,8,1
2085928,34428,9,0
2087725,5258,1,1
2092058,4305,1,0
2092058,5820,2,0
2092058,48946,3,0
2092058,39149,4,0
2092058,41621,5,0
2092058,24359,6,0
2092058,27548,7,1
2092058,42265,8,0
2092058,30489,9,0
2094274,16349,1,1
2094274,24964,2,0
2094274,22935,3,0
2094274,46979,4,0
2094274,42397,5,0
2094274,21198,6,0
2094274,18677,7,0
2094274,48642,8,0
2094274,20693,9,0
2096734,42611,1,1
2096734,11636,2,0
2096734,27117,3,0
2096734,48946,4,0
2096734,27294,5,0
2096734,34355,6,0
2097901,17794,1,0
2097901,9932,2,0
2097901,25170,3,0
2097901,43389,4,0
2105346,29934,1,0
2105346,33747,2,0
2105346,24400,3,0
2105346,4374,4,1
2105346,9623,5,1
2106749,6177,1,0
2106749,36792,2,1
2106749,33741,3,0
2106749,8230,4,0
2106749,13646,5,1
2106749,21227,6,1
2106749,39013,7,1
2106749,3835,8,1
2106749,5479,9,1
2106749,9339,10,1
2106749,10992,11,0
2106749,26790,12,1
2106749,27690,13,0
2106749,43662,14,1
2106749,37234,15,1
2106749,36695,16,1
2106749,9037,17,0
2106749,4793,18,1
2106749,40545,19,1
2106749,21479,20,1
2106749,1830,21,1
2106749,3481,22,0
2106749,47766,23,0
2106749,27966,24,1
2106749,40706,25,0
2106749,21616,26,0
2106974,27086,1,0
2106974,11576,2,1
2106974,33731,3,1
2106974,25890,4,0
2106974,13852,5,0
2106974,14896,6,0
2106974,44278,7,0
2111255,24852,1,0
2111255,21137,2,0
2111255,38200,3,0
2111255,38159,4,0
2111255,34565,5,0
2111255,15650,6,0
2116531,37193,1,0
2116531,21497,2,1
2116531,45364,3,1
2116531,38772,4,0
2116531,31371,5,0
2116531,19478,6,0
2116531,39619,7,0
2116531,46906,8,0
2116531,27086,9,0
2117923,32679,1,0
2117923,27845,2,0
2117923,31985,3,0
2117923,39275,4,0
2117923,21137,5,0
2117923,5769,6,0
2117923,30486,7,0
2125808,21872,1,0
2125808,44910,2,0
2125808,44661,3,1
2125808,10644,4,0
2125808,48622,5,0
2125808,28986,6,0
2125808,19678,7,0
2125808,10504,8,1
2125808,34358,9,1
2125808,28171,10,1
2125808,23516,11,0
2125808,31553,12,1
2125808,22475,13,0
2125808,2846,14,1
2127348,42489,1,1
2127348,43352,2,0
2127348,40063,3,1
2127348,8048,4,1
2127348,46516,5,1
2128545,45578,1,1
2128545,39812,2,0
2128545,436,3,1
2128545,13219,4,1
2128545,24852,5,1
2128545,595,6,0
2128545,4302,7,1
2128545,19162,8,1
2133182,44643,1,1
2133182,25890,2,1
2133182,26351,3,1
2133182,2086,4,1
2133182,26324,5,1
2133182,13819,6,1
2133182,8518,7,1
2133182,16185,8,1
2133182,44471,9,1
2133182,21841,10,1
2133182,23594,11,1
2133182,30599,12,1
2133182,49113,13,1
2133182,9507,14,1
2133182,15290,15,1
2133182,10212,16,1
2133182,10749,17,1
2133182,28242,18,1
2133610,38689,1,0
2133610,5479,2,0
2133610,17949,3,0
2133610,11109,4,0
2133610,17600,5,0
2133610,21137,6,0
2133610,20345,7,0
2133610,41787,8,0
2133610,40545,9,0
2133610,6187,10,0
2133837,18610,1,1
2133837,23645,2,0
2133837,5067,3,0
2135166,25640,1,1
2135166,13176,2,1
2135166,16490,3,1
2135166,27966,4,1
2135166,16797,5,1
2135166,5212,6,1
2135166,35233,7,1
2135166,148,8,1
2135166,45066,9,1
2135166,46969,10,1
2135166,31343,11,1
2135166,31915,12,0
2139367,30827,1,1
2139367,27477,2,0
2139367,33198,3,0
2139367,10326,4,0
2147222,34134,1,0
2147222,14491,2,1
2147222,46654,3,1
2147222,18465,4,1
2147222,8174,5,1
2147222,14161,6,1
2147222,20082,7,0
2147222,30021,8,0
2147222,11261,9,0
2147222,22587,10,0
2147222,18234,11,0
2147222,37215,12,1
2147222,14805,13,0
2150579,39982,1,1
2150579,13284,2,1
2150579,47144,3,0
2150579,40910,4,0
2150579,32068,5,1
2150579,32325,6,0
2150579,49605,7,0
2154434,10702,1,0
2154434,33065,2,0
2154434,5450,3,1
2154434,44570,4,1
2154434,1160,5,1
2154434,3999,6,1
2154434,44683,7,1
2154434,27104,8,1
2154434,42736,9,1
2154434,17752,10,1
2155094,612,1,0
2155094,2180,2,0
2155094,6177,3,1
2155094,12206,4,1
2155094,10009,5,1
2155094,5077,6,1
2156162,10255,1,0
2159023,26512,1,1
2159023,22935,2,1
2159023,37552,3,1
2159023,1360,4,0
2159023,12872,5,1
2159023,13549,6,0
2159023,44632,7,0
2159023,44987,8,0
2159023,8297,9,0
2159023,33021,10,0
2159023,9365,11,0
2159023,1979,12,1
2159023,44014,13,1
2159023,17666,14,1
2159023,42265,15,0
2159023,21938,16,0
2161272,32691,1,0
2161272,36316,2,1
2161272,40268,3,1
2161272,21162,4,1
2161272,5876,5,1
2161272,8021,6,1
2161272,46755,7,1
2161272,9808,8,0
2167593,30756,1,0
2167593,9839,2,1
2167593,49608,3,0
2167593,5994,4,0
2167593,2180,5,0
2167593,44471,6,0
2167593,7649,7,1
2167593,21137,8,1
2167593,39275,9,1
2167593,22825,10,1
2167593,25133,11,1
2167593,22170,12,1
2167593,13176,13,1
2167593,21945,14,0
2173638,38562,1,1
2173638,10385,2,1
2173638,21903,3,1
2173638,30017,4,1
2173638,26209,5,0
2173638,18471,6,0
2173912,8193,1,1
2173912,5818,2,1
2173912,21872,3,1
2173912,41540,4,1
2173912,24852,5,1
2173912,21903,6,1
2173912,2962,7,1
2173992,37776,1,1
2173992,43474,2,1
2173992,49139,3,0
2173992,4645,4,0
2173992,10132,5,0
2173992,24604,6,0
2173992,11050,7,0
2181285,27841,1,1
2181285,35383,2,1
2181285,16953,3,1
2181285,2235,4,1
2183860,24852,1,1
2183860,18224,2,1
2183860,5077,3,1
2183860,4605,4,1
2183860,46979,5,1
2183860,10978,6,1
2183860,23400,7,0
2183860,12564,8,0
2183860,11933,9,0
2183860,15613,10,0
2183860,20591,11,1
2183860,34513,12,0
2188148,27731,1,0
2188148,21936,2,1
2188148,17746,3,0
2188148,36291,4,0
2188148,33357,5,1
2188148,3990,6,1
2188148,37119,7,1
2188148,22040,8,0
2188148,13176,9,1
2188148,31865,10,0
2188148,40348,11,1
2188148,32784,12,1
2194516,7762,1,1
2194516,30778,2,0
2194516,27240,3,1
2194516,35633,4,1
2194516,40332,5,1
2194516,28449,6,1
2194516,38996,7,1
2194516,19488,8,1
2194516,8590,9,1
2194516,14168,10,1
2194516,7306,11,1
2194516,9028,12,1
2194516,5386,13,1
2194516,14161,14,1
2194516,37766,15,1
2194516,1848,16,1
2194516,19348,17,1
2194516,4396,18,1
2194516,45656,19,1
2194516,7702,20,1
2194516,34160,21,1
2194516,9623,22,1
2194516,21980,23,1
2194516,9076,24,1
2194516,12782,25,1
2194774,14634,1,1
2194774,4210,2,1
2194774,26553,3,1
2194774,35430,4,1
2194774,25146,5,1
2194774,19585,6,1
2194774,25237,7,1
2194774,43409,8,0
2194774,196,9,1
2194774,24852,10,1
2194774,46522,11,1
2194774,34887,12,1
2194774,11265,13,1
2194774,22788,14,0
2194774,429,15,0
2194774,17008,16,0
2194774,5976,17,0
2194774,364,18,0
2194774,24382,19,0
2194774,37736,20,0
2194774,48804,21,0
2194774,24759,22,0
2194774,28081,23,0
2194774,49326,24,0
2194774,44232,25,0
2194774,36386,26,1
2194774,40925,27,0
2194774,31562,28,1
2194774,37731,29,0
2194774,30106,30,0
2194774,27770,31,0
2195705,26209,1,1
2195705,47626,2,1
2203182,45788,1,0
2203182,21019,2,0
2203182,13176,3,1
2203182,7781,4,1
2203182,24131,5,1
2203182,10551,6,1
2203182,11688,7,1
2203182,33716,8,1
2203182,5250,9,1
2203182,12858,10,1
2203182,16525,11,1
2203182,24884,12,0
2203324,19803,1,0
2203324,28966,2,0
2203324,37923,3,0
2205219,24852,1,1
2205219,32579,2,1
2205219,13807,3,1
2205219,25272,4,1
2205219,4920,5,1
2205219,10655,6,1
2205219,11865,7,1
2205219,24631,8,1
2205219,6300,9,1
2205219,32139,10,1
2205219,44233,11,1
2205219,20424,12,1
2205816,14084,1,1
2205816,21903,2,0
2208749,30169,1,1
2208749,27275,2,1
2208749,31964,3,1
2208749,27292,4,1
2208749,45314,5,1
2208749,43279,6,1
2208749,43277,7,1
2208749,34982,8,1
2208749,22872,9,1
2208749,12579,10,1
2208749,30441,11,1
2210199,38662,1,1
2210199,22307,2,1
2210199,35951,3,1
2210199,28476,4,1
2210199,11520,5,1
2210199,46304,6,1
2210199,26209,7,0
2210199,27845,8,1
2210199,35948,9,0
2210526,21903,1,1
2210526,19449,2,1
2210526,11422,3,1
2210526,28289,4,1
2210526,47528,5,1
2210526,26369,6,1
2210526,45906,7,0
2215422,39618,1,1
2215422,34519,2,1
2215422,8908,3,1
2215422,33745,4,1
2215422,16797,5,1
2215422,11983,6,1
2218527,35752,1,0
2218527,29487,2,1
2218527,17752,3,0
2218527,41453,4,1
2218527,43530,5,0
2218527,46870,6,1
2218527,16014,7,0
2218527,10070,8,1
2218527,16185,9,1
2218527,40232,10,0
2218527,25480,11,0
2218527,35199,12,0
2218527,26698,13,1
2218527,33909,14,0
2218527,11370,15,0
2220246,21903,1,1
2220246,35217,2,0
2220246,23537,3,0
2220246,33572,4,1
2220246,43961,5,0
2220246,30720,6,0
2220246,42585,7,1
2220246,31095,8,0
2220246,26209,9,0
2220246,22312,10,0
2220246,31523,11,0
2220246,4487,12,0
2220246,24320,13,0
2220246,38293,14,0
2220246,30957,15,0
2220246,47209,16,1
2220246,27323,17,0
2220246,11520,18,0
2220246,13176,19,1
2222236,29372,1,0
2222426,9839,1,0
2222426,7781,2,1
2222426,18027,3,1
2222426,43889,4,1
2222426,12206,5,1
2222426,49215,6,1
2222426,37825,7,1
2222426,2124,8,1
2222426,13176,9,1
2222426,37766,10,1
2222426,36724,11,1
2222426,44035,12,1
2225015,39877,1,1
2225015,26128,2,1
2225015,22825,3,1
2225015,25138,4,1
2225015,45007,5,1
2225015,27521,6,1
2225015,27104,7,1
2225015,10749,8,1
2225015,22849,9,1
2225015,42768,10,0
2225416,31663,1,0
2225416,13176,2,0
2225416,18394,3,0
2225416,8382,4,0
2225416,48857,5,0
2225416,34786,6,0
2225416,20132,7,0
2225416,25890,8,1
2225416,14233,9,0
2225416,6669,10,0
2225416,25305,11,0
2225416,49488,12,1
2225490,16495,1,1
2225490,21153,2,1
2225490,23888,3,1
2225490,44870,4,1
2225490,12816,5,0
2225490,44337,6,0
2225490,15836,7,0
2225490,12564,8,0
2225490,8260,9,0
2225490,28829,10,0
2225490,29529,11,0
2225490,196,12,1
2225490,17518,13,0
2225490,32573,14,0
2227347,30233,1,1
2227347,9405,2,1
2227347,32134,3,1
2227347,9076,4,1
2227347,39216,5,1
2227347,27113,6,1
2227347,44352,7,1
2227347,35951,8,1
2227347,17948,9,1
2227347,36011,10,1
2227347,33399,11,1
2227347,42507,12,1
2227347,13176,13,1
2227347,37766,14,1
2227347,5450,15,1
2227347,8174,16,1
2227347,39275,17,1
2227347,9839,18,1
2227347,27104,19,1
2227347,48775,20,1
2227347,27521,21,1
2227347,19048,22,1
2227347,10288,23,1
2227347,10941,24,0
2227347,8277,25,0
2227347,43122,26,0
2227347,30635,27,0
2227347,4097,28,0
2227607,8518,1,1
2227607,24964,2,1
2227607,33731,3,1
2227607,17872,4,1
2227607,26369,5,1
2227607,28289,6,1
2227607,38383,7,1
2227607,699,8,1
2227607,42450,9,1
2227607,47766,10,1
2227607,13176,11,1
2227607,15592,12,1
2227607,28849,13,1
2227607,36792,14,1
2227607,35547,15,1
2227607,41588,16,1
2227607,31717,17,1
2227607,40229,18,1
2235911,28985,1,0
2235911,37538,2,0
2235911,26914,3,0
2235911,10120,4,0
2235911,11520,5,0
2235911,6948,6,0
2235911,28204,7,0
2235911,36305,8,0
2235911,38273,9,0
2235911,48745,10,0
2235911,45007,11,0
2235911,9000,12,0
2240516,34968,1,1
2240516,6036,2,1
2240516,32545,3,0
2240516,287,4,1
2240516,14645,5,1
2240516,13997,6,1
2240516,20253,7,1
2240516,28985,8,1
2240516,28842,9,1
2242113,32655,1,1
2242113,47209,2,1
2242113,48263,3,0
2242113,8467,4,1
2242113,23029,5,1
2242113,30850,6,1
2242113,7010,7,0
2242113,31720,8,1
2242113,7673,9,0
2242113,10527,10,1
2242113,13431,11,1
2242113,20536,12,1
2242113,162,13,1
2242113,45633,14,1
2242113,46631,15,1
2242113,39054,16,1
2242113,38984,17,1
2245975,5077,1,1
2245975,13016,2,1
2245975,20842,3,1
2245975,31981,4,1
2245975,1217,5,1
2245975,24852,6,1
2245975,21137,7,1
2245975,10329,8,1
2245975,44290,9,0
2245975,15100,10,1
2245975,41950,11,1
2245975,13641,12,1
2245975,28199,13,1
2245975,40310,14,1
2245975,31789,15,0
2249917,48386,1,1
2249917,26464,2,1
2249917,23892,3,0
2249917,8195,4,0
2249917,35622,5,1
2249917,27325,6,0
2250985,27845,1,1
2250985,24852,2,1
2250985,42356,3,0
2250985,41757,4,0
2250985,17704,5,0
2250985,22935,6,0
2250985,25931,7,0
2250985,23594,8,0
2250985,9444,9,0
2250985,47209,10,0
2250985,20878,11,0
2250985,30571,12,1
2250985,5250,13,0
2250985,10551,14,0
2250985,33043,15,0
2250985,35182,16,0
2250985,31553,17,0
2250985,11526,18,0
2250985,10814,19,0
2256752,21938,1,0
2256752,34126,2,0
2256752,22935,3,0
2261206,37067,1,1
2261206,3896,2,1
2261206,10385,3,1
2261206,6795,4,0
2261206,28401,5,0
2261206,14462,6,1
2261206,10749,7,1
2261206,21413,8,1
2262479,8859,1,1
2262479,45948,2,1
2262479,34121,3,1
2262479,43643,4,1
2262479,43295,5,1
2262479,32655,6,0
2262479,7175,7,1
2262479,18670,8,1
2270694,43295,1,1
2270694,2135,2,1
2270694,14952,3,0
2270694,37766,4,1
2270694,12743,5,1
2270694,33351,6,1
2270694,4605,7,1
2270694,38400,8,1
2270694,11233,9,1
2270694,40619,10,1
2274702,27845,1,1
2274702,37718,2,0
2274702,34557,3,0
2274702,24852,4,1
2274702,31334,5,0
2274702,45681,6,0
2274702,27344,7,0
2275775,16168,1,0
2275775,30480,2,1
2275775,25659,3,1
2275775,3464,4,1
2275775,47209,5,1
2275775,21616,6,1
2275775,31717,7,0
2275775,43789,8,0
2275775,47008,9,1
2275775,11309,10,0
2275775,5539,11,1
2275775,19678,12,1
2280357,24852,1,1
2280357,1529,2,1
2280357,29675,3,1
2280357,24838,4,1
2280357,4137,5,1
2280357,33198,6,1
2280357,30480,7,1
2280357,46720,8,1
2280357,49381,9,0
2280357,11422,10,0
2280357,35734,11,0
2280357,31338,12,1
2280357,7978,13,0
2280357,36618,14,0
2281257,25043,1,0
2281257,6567,2,0
2281257,32653,3,0
2281257,5250,4,0
2281257,33716,5,0
2281257,47717,6,0
2281257,23854,7,1
2281257,25931,8,1
2281257,4562,9,0
2281257,40174,10,1
2281257,47626,11,1
2281257,44683,12,1
2281257,40397,13,0
2283349,38928,1,1
2284814,28465,1,1
2284814,36865,2,1
2284814,13176,3,1
2284814,47766,4,1
2284814,33891,5,1
2284814,29370,6,1
2284814,46206,7,0
2284814,16797,8,1
2284814,26047,9,1
2290481,13292,1,1
2290481,28798,2,1
2290481,3479,3,1
2290481,47766,4,0
2290481,6336,5,0
2290481,45066,6,0
2290481,44669,7,0
2290481,32611,8,0
2290481,810,9,0
2290481,21137,10,0
2290481,30175,11,0
2291674,24852,1,1
2291674,2326,2,1
2291674,13113,3,1
2291674,27104,4,1
2291674,18908,5,1
2291674,29987,6,1
2291674,44741,7,1
2291674,27690,8,1
2291674,39984,9,0
2291674,33206,10,0
2291674,27966,11,0
2291674,17872,12,0
2291674,17568,13,1
2291674,34497,14,1
2291674,34126,15,0
2291674,34243,16,1
2294656,28465,1,0
2294656,39589,2,1
2294656,40078,3,1
2294656,45989,4,1
2294656,35221,5,1
2294656,1970,6,1
2294656,17706,7,1
2294656,5646,8,0
2294656,35921,9,1
2294656,27405,10,0
2294656,20246,11,0
2294656,44229,12,1
2294656,1202,13,0
2294656,36036,14,1
2294656,34050,15,0
2294656,31955,16,0
2296809,24852,1,1
2296809,44570,2,1
2296809,4210,3,1
2296809,42736,4,0
2296809,35855,5,0
2296809,34551,6,0
2296809,21777,7,1
2296809,22534,8,0
2296809,31553,9,1
2296809,28842,10,1
2296809,8670,11,0
2296809,47086,12,0
2298722,2240,1,1
2298722,41453,2,1
2298722,28911,3,1
2298722,25513,4,0
2298722,27796,5,1
2298722,19766,6,0
2298722,3856,7,0
2298722,3782,8,0
2303021,31759,1,1
2303021,8617,2,1
2303021,16732,3,1
2303842,5077,1,1
2303842,30020,2,1
2303842,45375,3,1
2303842,15613,4,1
2303842,46667,5,1
2307694,45504,1,1
2307694,27247,2,1
2307694,22825,3,1
2307694,13176,4,1
2307694,18176,5,1
2307694,28358,6,1
2307694,31315,7,1
2308612,9741,1,1
2308612,22935,2,1
2313494,7969,1,1
2313494,7936,2,1
2313494,39877,3,1
2313494,19057,4,1
2313494,8193,5,0
2313494,4932,6,1
2313494,43789,7,0
2313494,3957,8,1
2313494,2164,9,0
2313494,21850,10,0
2313494,10387,11,0
2316206,40332,1,0
2316206,4210,2,1
2316206,34005,3,1
2316206,42518,4,1
2316206,48205,5,1
2316206,13629,6,1
2316206,3044,7,1
2318047,5876,1,1
2318047,45007,2,1
2318047,47209,3,1
2318047,11140,4,1
2318047,24184,5,1
2318047,21938,6,1
2318047,22935,7,1
2318047,3952,8,1
2318047,12206,9,1
2318047,35504,10,1
2318047,30776,11,1
2318047,5258,12,1
2319870,11885,1,1
2319870,11826,2,0
2319870,19165,3,0
2319870,36186,4,1
2319870,9623,5,1
2328979,2078,1,0
2328979,1511,2,1
2328979,25146,3,1
2328979,33000,4,1
2328979,16830,5,1
2328979,44632,6,1
2328979,18918,7,0
2333119,46524,1,0
2333119,9438,2,0
2333119,13049,3,1
2333119,8174,4,1
2333119,13176,5,0
2333119,4920,6,0
2333119,2770,7,0
2345707,44047,1,1
2345707,14959,2,1
2345707,45100,3,1
2345707,16622,4,1
2345707,6740,5,0
2345707,8021,6,1
2345707,34044,7,1
2354873,26209,1,1
2354873,42719,2,1
2358365,24852,1,1
2358365,14858,2,1
2358365,20082,3,1
2358365,5077,4,1
2358365,32915,5,1
2358365,33651,6,1
2358365,45066,7,1
2358365,17600,8,1
2358365,30489,9,1
2358365,7131,10,1
2358365,39046,11,1
2358365,1181,12,1
2358365,47516,13,1
2358365,37766,14,1
2358365,6532,15,0
2358365,31372,16,0
2358365,48375,17,0
2358365,48708,18,0
2368528,24852,1,0
2368528,2604,2,1
2368528,43622,3,1
2368528,8352,4,1
2368528,46979,5,1
2368528,7877,6,0
2369095,28476,1,1
2369095,2078,2,1
2370090,40939,1,1
2370090,29373,2,0
2370090,21925,3,1
2370090,47766,4,1
2370090,34013,5,1
2370090,19283,6,0
2370090,12265,7,0
2370090,13176,8,0
2370090,43295,9,0
2370090,38321,10,0
2371990,1319,1,1
2371990,15902,2,1
2371990,27172,3,0
2371990,31553,4,0
2371990,8006,5,1
2371990,15872,6,1
2371990,9077,7,0
2371990,20779,8,0
2371990,5586,9,0
2371990,34739,10,0
2371990,13129,11,1
2371990,24830,12,1
2377518,32429,1,1
2377518,45007,2,1
2377518,34126,3,1
2377518,27104,4,1
2377518,13176,5,1
2377518,2825,6,1
2377518,9028,7,1
2377518,27695,8,1
2377518,35140,9,1
2377518,1025,10,1
2377518,22935,11,1
2377518,8174,12,1
2377518,27966,13,1
2377518,47209,14,1
2377518,46667,15,1
2377518,10749,16,1
2377518,43961,17,1
2377518,39928,18,1
2377518,42790,19,0
2377518,49520,20,1
2377518,21709,21,1
2377518,49191,22,1
2377518,33120,23,1
2377518,21903,24,1
2377518,39275,25,1
2377518,43768,26,1
2377518,1244,27,1
2377518,21938,28,1
2377518,41950,29,1
2377518,24964,30,1
2381838,10509,1,1
2393387,12935,1,1
2393387,19894,2,1
2393387,31328,3,1
2393387,16759,4,0
2393387,44359,5,0
2393387,34126,6,1
2394086,32650,1,0
2394086,49355,2,0
2394086,42705,3,0
2396863,6849,1,0
2396863,12254,2,1
2396863,22298,3,0
2396863,22025,4,0
2396863,19057,5,1
2396863,37646,6,1
2396863,4920,7,0
2396863,27104,8,1
2396863,22935,9,0
2396863,34668,10,0
2396863,28985,11,1
2396863,11782,12,0
2396863,39475,13,0
2396863,45955,14,0
2397162,22337,1,1
2397162,8277,2,1
2397162,26790,3,1
2397162,13176,4,1
2397162,3298,5,1
2397162,10831,6,1
2397162,21137,7,1
2397162,36772,8,1
2397162,27966,9,1
2397162,42118,10,1
2397162,28412,11,1
2397162,39275,12,1
2397162,33910,13,1
2397162,33950,14,1
2397162,42013,15,0
2397162,40571,16,0
2397162,4957,17,0
2397162,30756,18,1
2397162,12817,19,1
2397162,25715,20,1
2397162,38374,21,1
2397162,41176,22,0
2397162,4565,23,1
2401647,40355,1,1
2401647,20682,2,0
2401647,21333,3,0
2401647,32211,4,1
2401647,49405,5,1
2401647,4540,6,1
2401647,19070,7,0
2401647,26586,8,0
2402579,37011,1,1
2402579,22825,2,1
2402579,47626,3,0
2402579,260,4,1
2402579,47788,5,1
2402579,49683,6,1
2402579,2326,7,0
2402579,39275,8,1
2402579,4350,9,0
2402579,49383,10,1
2402579,19660,11,0
2402579,31717,12,0
2402579,46979,13,0
2402579,24964,14,0
2402579,45007,15,0
2402579,15649,16,0
2402579,19048,17,0
2402579,16797,18,0
2402579,41950,19,1
2402579,1511,20,1
2402579,37646,21,0
2402579,5618,22,0
2402579,21903,23,1
2402579,9385,24,1
2402579,9689,25,1
2402579,19051,26,1
2402579,48395,27,0
2402579,27966,28,0
2402579,28204,29,0
2402579,5449,30,0
2402579,48171,31,0
2402579,22559,32,1
2402579,9124,33,0
2402579,31766,34,0
2402579,6750,35,0
2402579,48485,36,1
2406469,15902,1,1
2406469,33401,2,1
2406469,27695,3,1
2406469,42828,4,1
2406469,38293,5,1
2410101,19348,1,1
2410101,9825,2,1
2410101,890,3,0
2410101,46720,4,0
2410101,33884,5,0
2410101,27104,6,1
2410101,47766,7,1
2410101,35163,8,1
2410101,8518,9,1
2410101,24964,10,1
2410101,43352,11,0
2410101,42617,12,0
2410101,26209,13,1
2419056,27845,1,1
2419056,27086,2,1
2419056,2855,3,1
2419056,27744,4,1
2419056,9339,5,1
2419056,29270,6,1
2419056,7521,7,1
2419056,17949,8,1
2419056,22035,9,1
2419056,14084,10,1
2419056,44765,11,1
2419056,20794,12,1
2419056,30776,13,1
2419056,13292,14,1
2419056,25157,15,1
2419056,9913,16,1
2419056,31634,17,1
2419056,45603,18,1
2419056,47830,19,1
2428333,42315,1,0
2428333,9623,2,1
2428333,4796,3,1
2428333,48364,4,1
2428333,26209,5,1
2428333,41259,6,0
2428333,37065,7,1
2428333,31821,8,1
2428333,32347,9,0
2428333,31506,10,0
2428333,28842,11,1
2429909,5160,1,1
2429909,37722,2,1
2429909,10402,3,0
2429909,37119,4,1
2434146,38928,1,0
2434146,39534,2,0
2434663,26350,1,0
2434663,30391,2,0
2434663,8518,3,0
2434663,17794,4,0
2434663,605,5,0
2434663,41950,6,0
2434663,24964,7,0
2434663,13176,8,1
2434663,2809,9,1
2434663,19154,10,1
2434663,29447,11,1
2434663,47209,12,1
2434663,913,13,1
2434663,11782,14,1
2455090,20161,1,0
2455090,48205,2,1
2455090,24852,3,1
2455090,40571,4,1
2455090,4957,5,1
2455090,14897,6,0
2455090,45066,7,0
2455090,2135,8,0
2455090,17191,9,0
2455090,21709,10,1
2455090,22025,11,0
2455090,1110,12,1
2455090,37250,13,0
2455090,27418,14,0
2455090,31268,15,0
2455090,16494,16,1
2457577,37145,1,1
2457577,24195,2,1
2457577,6296,3,1
2457577,11080,4,1
2457577,41714,5,0
2457577,13517,6,1
2457577,9932,7,0
2457577,14519,8,0
2457577,24816,9,1
2457577,6813,10,0
2465803,44071,1,1
2465803,39921,2,1
2465803,46979,3,1
2465803,24852,4,1
2465803,40334,5,1
2465803,15050,6,1
2465803,41950,7,1
2469996,7781,1,0
2469996,43504,2,0
2469996,29898,3,0
2469996,26209,4,0
2469996,7862,5,0
2469996,34969,6,0
2469996,5876,7,0
2469996,13838,8,0
2469996,43961,9,0
2469996,37029,10,0
2470067,32521,1,0
2470067,39719,2,0
2474966,16797,1,1
2474966,8048,2,1
2474966,38768,3,1
2474966,27477,4,1
2474966,12078,5,1
2474966,27796,6,1
2474966,16143,7,0
2483337,13874,1,0
2483337,38015,2,0
2483337,2716,3,1
2490435,13176,1,1
2490435,39275,2,1
2490435,30486,3,0
2490435,11365,4,0
2490522,19678,1,1
2490522,24489,2,1
2490522,42736,3,1
2490522,11408,4,1
2490522,39964,5,1
2490522,8174,6,1
2490522,6348,7,1
2490522,27662,8,1
2490522,24852,9,1
2490522,32747,10,1
2490522,17794,11,1
2490522,7156,12,1
2490522,29926,13,1
2490522,5337,14,1
2490522,40826,15,1
2490522,26790,16,1
2490522,28204,17,1
2490522,38662,18,1
2490522,48595,19,1
2490522,47792,20,1
2490522,44560,21,1
2490522,30336,22,1
2490522,228,23,1
2490522,12756,24,1
2506102,1744,1,1
2506102,31635,2,1
2506102,42585,3,1
2506102,34969,4,1
2506102,18564,5,1
2506102,7781,6,1
2506102,34590,7,1
2506102,248,8,1
2506102,18140,9,0
2506102,19845,10,0
2507340,39560,1,0
2507340,18205,2,0
2507340,39628,3,0
2507340,18503,4,0
2507340,46713,5,0
2507340,23094,6,0
2507340,18567,7,0
2507340,34524,8,0
2507340,34819,9,0
2507340,40614,10,0
2509588,17691,1,0
2509588,21288,2,0
2515496,26604,1,1
2515496,1463,2,1
2515496,27966,3,1
2515496,46194,4,1
2515496,47209,5,1
2515496,41950,6,1
2515496,39877,7,1
2515496,13176,8,1
2515496,17828,9,1
2515614,48679,1,1
2515614,27104,2,1
2515614,12791,3,1
2515614,11790,4,1
2515614,14867,5,0
2515614,44,6,0
2515614,2019,7,0
2515614,7346,8,1
2515614,22950,9,1
2515614,14947,10,1
2515614,8174,11,1
2515614,12369,12,1
2515614,38159,13,1
2515614,17461,14,1
2515614,21543,15,0
2524340,16797,1,1
2524340,39275,2,1
2526922,40905,1,0
2526922,40638,2,0
2526922,8953,3,0
2526922,24325,4,0
2528689,17224,1,1
2528689,47144,2,1
2528689,42557,3,1
2528689,44781,4,0
2528689,37220,5,0
2528689,43713,6,0
2528689,5077,7,0
2528689,22888,8,1
2528689,35167,9,1
2528689,14267,10,0
2528689,27541,11,1
2528689,22451,12,1
2528689,20114,13,1
2528689,4605,14,1
2528689,16145,15,0
2528689,9092,16,0
2528689,34496,17,0
2528689,6873,18,0
2528689,45646,19,0
2528689,16797,20,1
2541457,34244,1,0
2541457,32585,2,0
2541457,18037,3,0
2541457,17419,4,0
2541457,43248,5,1
2541457,21903,6,1
2541457,4656,7,1
2541457,23554,8,0
2541457,24830,9,1
2541457,22556,10,1
2541457,4932,11,0
2541457,9515,12,1
2541457,13176,13,0
2544855,25087,1,0
2544855,15937,2,0
2544855,23909,3,0
2544855,27171,4,0
2544855,123,5,0
2544855,44514,6,0
2544855,19048,7,0
2544855,43076,8,0
2544855,47526,9,0
2544855,14992,10,0
2544855,18918,11,0
2544855,20995,12,0
2544855,42824,13,0
2544855,32347,14,0
2544855,28999,15,0
2544855,1131,16,0
2544855,9076,17,0
2545999,36736,1,0
2545999,31992,2,1
2545999,13733,3,1
2545999,27104,4,1
2545999,17316,5,0
2557590,12576,1,1
2557590,44632,2,1
2557590,24852,3,1
2557590,15011,4,1
2557590,27966,5,1
2557590,39947,6,1
2557590,28204,7,1
2557590,13877,8,1
2557590,6452,9,1
2557590,45082,10,1
2557590,5020,11,1
2557590,26620,12,1
2557590,38274,13,1
2557590,33754,14,0
2557590,1559,15,0
2557590,13269,16,0
2557590,21269,17,0
2557590,42828,18,0
2557590,46676,19,0
2557590,27845,20,1
2557590,49235,21,0
2557590,47965,22,1
2557590,24841,23,0
2557590,5212,24,0
2557590,11710,25,0
2557590,34949,26,0
2562073,5479,1,1
2562073,27104,2,1
2562073,21938,3,1
2562073,20574,4,1
2562073,48745,5,1
2562073,18011,6,1
2562073,15290,7,1
2562073,31307,8,1
2562073,26209,9,1
2562073,28842,10,1
2562073,38662,11,1
2562073,39877,12,1
2562073,44795,13,1
2562073,27999,14,1
2562073,47299,15,0
2564511,9595,1,1
2564511,4600,2,1
2564511,6948,3,1
2564511,14867,4,1
2564511,17600,5,1
2564511,12440,6,1
2564511,31927,7,1
2564511,37335,8,1
2564511,5612,9,1
2564511,34497,10,0
2564511,34466,11,1
2564511,29487,12,1
2569931,15613,1,0
2569931,17526,2,0
2569931,49533,3,0
2569931,19677,4,0
2569931,43712,5,0
2569931,42701,6,0
2569931,28123,7,0
2569931,26209,8,0
2569931,25659,9,0
2569931,31717,10,0
2569931,24184,11,0
2571651,21573,1,0
2571651,4943,2,0
2572376,6948,1,1
2572376,16797,2,1
2572376,13198,3,1
2572376,2450,4,1
2572376,8087,5,1
2572376,30252,6,1
2572376,23734,7,1
2572376,14462,8,1
2572376,8025,9,1
2572376,48230,10,0
2576532,432,1,1
2576532,24852,2,1
2576532,14403,3,1
2576532,20561,4,1
2576532,30511,5,1
2576532,34862,6,1
2576532,49520,7,1
2576532,15386,8,1
2576532,19370,9,1
2576532,21351,10,1
2576532,10054,11,1
2576532,22598,12,1
2581852,6184,1,0
2581852,3798,2,1
2581945,9839,1,1
2581945,35078,2,1
2581945,25890,3,1
2581945,49499,4,0
2581945,13848,5,0
2581945,46979,6,1
2581945,40706,7,1
2581945,21616,8,0
2581945,44628,9,0
2581945,30391,10,1
2581945,1244,11,1
2581945,30489,12,1
2581945,31371,13,1
2581945,47209,14,1
2581945,39877,15,0
2581945,38984,16,0
2581945,40449,17,1
2581945,28156,18,1
2581945,17872,19,1
2581945,39275,20,1
2581945,26604,21,1
2581945,14491,22,1
2582749,10957,1,1
2582749,8475,2,1
2582749,3389,3,1
2582749,27616,4,1
2582749,35656,5,0
2590950,13176,1,1
2590950,7252,2,1
2590950,39275,3,1
2590950,21292,4,0
2590950,32079,5,0
2592492,49111,1,1
2592492,1694,2,1
2592492,7781,3,1
2592492,47766,4,1
2592492,14781,5,0
2592492,10724,6,1
2592492,33572,7,0
2592492,6489,8,0
2592492,19706,9,0
2592492,22308,10,1
2596737,39054,1,0
2596737,16385,2,0
2596737,18441,3,0
2596737,5077,4,0
2596737,6278,5,0
2596737,49236,6,0
2596788,16589,1,1
2596788,38755,2,0
2596788,14261,3,0
2596788,12986,4,1
2596788,34503,5,0
2596788,33613,6,0
2596788,24852,7,1
2596788,8193,8,1
2596788,16560,9,0
2596788,27277,10,0
2599566,24852,1,1
2599566,2180,2,0
2599566,8670,3,0
2599566,8239,4,0
2599566,37220,5,0
2599566,6341,6,0
2599566,28928,7,0
2599566,18272,8,0
2599566,21903,9,0
2599566,22888,10,0
2602913,1529,1,1
2602913,2846,2,1
2602913,21027,3,1
2602913,13176,4,1
2602913,39928,5,1
2602913,28204,6,0
2602913,34243,7,1
2602913,18465,8,1
2602913,23165,9,1
2602913,2086,10,1
2602913,45007,11,1
2602913,47734,12,1
2602913,22935,13,1
2602913,41220,14,1
2607280,39558,1,1
2607280,9387,2,0
2607280,21616,3,1
2607280,28985,4,0
2607280,47626,5,1
2607280,34466,6,1
2607280,35973,7,0
2610507,18465,1,1
2610507,38293,2,0
2610507,21938,3,0
2610507,22935,4,0
2610507,44449,5,0
2610507,8670,6,0
2610507,19886,7,0
2610507,46206,8,0
2610507,39428,9,0
2610507,46969,10,1
2610507,14183,11,0
2610507,5708,12,0
2610507,42342,13,0
2610507,19019,14,0
2610507,5077,15,0
2610507,1360,16,0
2610507,24852,17,1
2610507,7539,18,0
2610507,27695,19,0
2610507,25753,20,1
2610507,44292,21,0
2619914,28522,1,0
2619914,8277,2,1
2619914,10814,3,0
2619914,43122,4,1
2619914,44389,5,1
2619914,18200,6,1
2619914,20114,7,1
2619914,26047,8,1
2619914,14947,9,1
2619914,4920,10,1
2620087,16595,1,1
2621257,33911,1,0
2621257,49484,2,0
2621257,43295,3,1
2621257,37011,4,0
2621257,46676,5,0
2621257,4920,6,1
2621257,30391,7,1
2621257,43086,8,1
2621257,47626,9,1
2621257,13176,10,0
2621257,26209,11,0
2621257,21903,12,0
2621257,42342,13,1
2621257,6972,14,1
2621257,21982,15,0
2621257,44282,16,0
2621257,14976,17,0
2621257,29871,18,0
2621257,21996,19,0
2621257,37158,20,0
2621257,12144,21,0
2621257,41055,22,0
2621257,25659,23,0
2621257,8988,24,0
2624533,19154,1,0
2624533,30450,2,0
2624533,34590,3,0
2624533,24852,4,0
2624533,36164,5,0
2624533,31292,6,0
2624533,40545,7,0
2624533,14050,8,0
2624533,26629,9,0
2624533,35708,10,0
2624533,10749,11,0
2624533,8006,12,0
2624533,41463,13,0
2624533,22883,14,0
2624533,29487,15,0
2625403,28204,1,1
2625403,43122,2,1
2625403,21137,3,1
2625403,12597,4,1
2625403,10246,5,1
2625403,14651,6,1
2625403,44910,7,1
2625403,48057,8,1
2625403,31040,9,1
2625403,31343,10,0
2625403,42265,11,1
2625403,42241,12,1
2625403,11819,13,0
2625403,22723,14,0
2625403,38779,15,0
2625403,40706,16,0
2625403,35951,17,0
2625403,44845,18,0
2625403,7707,19,0
2625403,1359,20,0
2630126,3561,1,0
2630126,8518,2,1
2630126,2651,3,0
2630126,44910,4,1
2630126,283,5,0
2630126,13198,6,1
2630126,21938,7,1
2630126,35108,8,1
2630126,42736,9,0
2630126,48094,10,0
2630126,31343,11,0
2630126,27845,12,0
2630126,11135,13,0
2630126,38012,14,0
2630126,27086,15,1
2630126,24852,16,1
2630126,42996,17,0
2630126,47526,18,0
2630126,9597,19,0
2630126,31371,20,1
2630126,34969,21,0
2630126,24830,22,0
2630126,38772,23,0
2630126,12872,24,0
2630498,24852,1,1
2630498,4962,2,1
2630498,7963,3,1
2630498,16797,4,1
2630498,39190,5,1
2630498,38827,6,1
2630498,13819,7,1
2630498,13870,8,1
2630498,31257,9,1
2630498,43768,10,1
2630498,40706,11,1
2630498,49683,12,1
2630498,17794,13,1
2630498,22035,14,1
2630498,10246,15,1
2630498,28199,16,1
2630498,30839,17,0
2630498,11941,18,1
2630691,2547,1,0
2630691,23672,2,0
2630691,49072,3,0
2630691,25407,4,0
2630691,6833,5,1
2640789,38689,1,1
2640789,11422,2,1
2640789,37646,3,1
2640789,2086,4,1
2640789,18362,5,0
2640789,2593,6,0
2640789,22559,7,0
2640789,7948,8,0
2640789,23836,9,0
2640789,24372,10,0
2640789,41437,11,0
2646046,857,1,1
2649676,27695,1,0
2649676,44765,2,1
2649676,17316,3,0
2649676,41649,4,1
2649676,33198,5,1
2649676,21137,6,0
2658911,22959,1,0
2660022,35470,1,1
2660022,44088,2,1
2660022,34148,3,0
2660949,10132,1,1
2660949,21513,2,1
2660949,45007,3,1
2660949,26362,4,1
2660949,41793,5,1
2660949,30326,6,1
2660949,45537,7,1
2660949,5646,8,1
2660949,16254,9,1
2660949,11440,10,1
2660949,3661,11,1
2660949,28342,12,1
2660949,40002,13,1
2660949,46138,14,1
2660949,15290,15,1
2660949,28593,16,1
2660949,25824,17,1
2660949,30639,18,1
2660949,44625,19,1
2660949,7781,20,1
2660949,30489,21,1
2660949,25753,22,1
2660949,43295,23,1
2662158,12384,1,1
2662158,31635,2,1
2662158,40723,3,1
2662158,2732,4,1
2662158,17948,5,1
2662158,15146,6,1
2662158,49026,7,1
2662158,25371,8,1
2662158,19627,9,1
2662158,21903,10,1
2662158,18670,11,1
2662158,18171,12,1
2662158,14852,13,1
2662158,17964,14,1
2662158,12312,15,0
2662158,47626,16,0
2662158,27402,17,0
2662158,11481,18,0
2662158,26723,19,0
2662158,16479,20,0
2662158,21783,21,0
2662158,47167,22,1
2662158,27596,23,0
2662158,47209,24,0
2662158,19240,25,0
2664489,38293,1,1
2664489,14947,2,1
2664489,24852,3,1
2664489,38739,4,1
2664489,33754,5,1
2664489,27845,6,1
2664489,36011,7,1
2664489,5077,8,1
2664489,30406,9,1
2664489,13646,10,1
2664489,35140,11,1
2664489,38662,12,1
2664489,5373,13,1
2664489,30668,14,1
2664489,33682,15,1
2664489,13838,16,1
2664489,45002,17,0
2664489,22210,18,1
2668650,47137,1,0
2668650,1757,2,1
2668650,15842,3,1
2668650,11619,4,1
2668650,26638,5,1
2672209,5240,1,1
2672209,14947,2,1
2672209,13885,3,0
2672209,26307,4,0
2672209,20345,5,1
2678456,22365,1,1
2678456,23405,2,0
2678456,21137,3,1
2678456,397,4,0
2678456,20178,5,0
2678456,6046,6,0
2678456,4605,7,0
2678456,890,8,0
2678456,44449,9,0
2678456,27156,10,0
2678456,17044,11,0
2679066,24852,1,1
2679066,8843,2,1
2679066,37766,3,1
2679066,21351,4,0
2679066,3318,5,1
2679066,1511,6,1
2679066,6340,7,0
2679066,28993,8,0
2679066,12980,9,0
2681105,7963,1,1
2681105,36397,2,1
2681105,36792,3,1
2681105,13176,4,1
2681105,5212,5,1
2681105,204,6,1
2681105,34197,7,1
2681105,13984,8,1
2681105,33686,9,1
2681105,33000,10,1
2681105,8021,11,1
2681105,12207,12,1
2681105,5120,13,1
2681105,22713,14,1
2681105,17706,15,1
2681105,31338,16,1
2681105,21343,17,1
2681105,712,18,0
2681105,41844,19,0
2681105,33198,20,0
2681105,37158,21,0
2681105,42828,22,0
2681105,20670,23,0
2681105,48595,24,1
2689537,49605,1,1
2689537,28931,2,1
2689537,9076,3,1
2689537,41844,4,1
2689537,4137,5,1
2689537,25804,6,1
2689537,16185,7,1
2689537,30958,8,1
2689537,11461,9,1
2689537,14633,10,0
2689537,23909,11,1
2689537,16797,12,1
2689537,44475,13,1
2689537,21296,14,1
2689537,12341,15,1
2689537,24852,16,1
2689537,28204,17,1
2689537,6647,18,0
2689537,16953,19,1
2689537,40459,20,1
2689537,19910,21,0
2689537,30230,22,0
2691282,45965,1,0
2691282,38768,2,1
2691282,31759,3,1
2691282,30532,4,0
2691282,26709,5,1
2691282,27179,6,1
2691282,44234,7,0
2691282,27796,8,0
2691282,25124,9,1
2691282,38739,10,0
2691282,29487,11,0
2691282,8153,12,0
2691282,24629,13,1
2693027,29447,1,1
2693027,27086,2,1
2693027,4942,3,1
2693027,33232,4,1
2693027,48988,5,1
2693027,47626,6,1
2698628,10409,1,1
2698628,34,2,1
2698628,42460,3,1
2698628,46881,4,0
2705978,15392,1,0
2705978,12872,2,0
2705978,15902,3,1
2705978,1158,4,1
2705978,46992,5,1
2707549,13431,1,0
2707549,13176,2,1
2707549,644,3,1
2707549,35221,4,1
2707549,47766,5,1
2707549,15405,6,1
2707549,14462,7,1
2707549,32442,8,1
2707549,39303,9,1
2707549,7953,10,1
2707549,29926,11,1
2707549,41665,12,1
2707549,22888,13,1
2707549,13629,14,1
2707549,6647,15,0
2707549,39430,16,1
2707549,21955,17,0
2707549,22281,18,0
2709791,39812,1,1
2709791,29662,2,0
2709791,32537,3,0
2709791,48559,4,1
2709791,6287,5,0
2709791,29898,6,1
2709791,32387,7,1
2709791,41463,8,0
2709791,42617,9,0
2710214,22888,1,1
2710214,41404,2,1
2710214,34466,3,1
2710214,27626,4,1
2710214,18246,5,1
2713500,21903,1,1
2713500,25886,2,0
2713500,17454,3,0
2713500,25718,4,1
2713500,30639,5,1
2713500,3849,6,1
2722623,22142,1,0
2722623,17948,2,0
2722623,25133,3,1
2722623,47209,4,1
2722623,2210,5,1
2722623,13176,6,1
2722623,3550,7,1
2722623,25230,8,1
2722623,21137,9,1
2722623,46969,10,1
2722623,28928,11,1
2722623,37646,12,1
2722623,22025,13,1
2722623,46584,14,1
2722623,43249,15,1
2722623,22395,16,1
2722623,21670,17,0
2722623,24859,18,1
2722623,38159,19,0
2722623,23822,20,0
2722623,38248,21,0
2722623,48476,22,0
2722623,30148,23,0
2722623,32106,24,0
2722623,27966,25,1
2722623,11182,26,0
2722623,48628,27,1
2722623,17830,28,0
2722623,3272,29,0
2732878,13176,1,1
2732878,14084,2,1
2732878,20842,3,1
2732878,13646,4,0
2734241,30489,1,1
2734241,31720,2,1
2734241,31342,3,1
2734241,38159,4,1
2734241,43504,5,1
2734241,44359,6,1
2734241,22035,7,1
2734241,38650,8,1
2734241,21903,9,1
2734241,13176,10,1
2734241,2108,11,1
2737317,30827,1,1
2737317,33000,2,1
2737317,2841,3,0
2738283,40310,1,1
2738283,40334,2,1
2738283,10089,3,1
2738283,6849,4,1
2738283,16874,5,1
2738283,21137,6,1
2738283,9051,7,1
2738283,14335,8,1
2738283,29589,9,1
2738283,27845,10,1
2738283,42445,11,1
2738283,27966,12,1
2739975,16083,1,1
2739975,8859,2,1
2739975,13176,3,1
2739975,26165,4,1
2739975,1668,5,0
2739975,27845,6,1
2739975,16797,7,0
2739975,8277,8,1
2739975,37220,9,0
2739975,34551,10,1
2739975,24764,11,1
2739975,26196,12,1
2739975,42768,13,0
2739975,31717,14,0
2739975,26209,15,0
2739975,29487,16,0
2740523,7644,1,1
2740523,49139,2,1
2740523,37645,3,1
2740523,46842,4,1
2740523,37654,5,1
2740523,39988,6,0
2740523,23313,7,1
2740523,6263,8,1
2740523,14875,9,0
2740523,16148,10,0
2742639,19836,1,1
2742639,23955,2,1
2742639,40490,3,1
2742639,27243,4,1
2742639,46203,5,1
2742639,2192,6,1
2742639,23888,7,1
2742639,402,8,1
2742639,32047,9,1
2751644,13198,1,0
2751644,29987,2,0
2751644,37524,3,0
2751644,4799,4,0
2751644,44643,5,0
2751644,21278,6,0
2751644,7021,7,0
2751644,23236,8,0
2751644,45673,9,0
2754597,38984,1,1
2754597,47734,2,1
2754597,48745,3,1
2754597,38689,4,1
2754597,18234,5,1
2754597,14992,6,1
2754597,7676,7,1
2755194,40174,1,1
2755194,16965,2,1
2755194,24852,3,1
2755194,11777,4,1
2755194,19660,5,1
2755194,28985,6,1
2755194,27741,7,0
2755194,16797,8,0
2755194,45603,9,0
2755194,9421,10,0
2755194,46654,11,0
2755194,40723,12,0
2755194,23541,13,0
2755194,19575,14,0
2755194,33120,15,0
2755194,27690,16,0
2755194,8006,17,0
2755194,43713,18,0
2755194,204,19,0
2755194,38311,20,0
2758501,35547,1,1
2758501,25817,2,1
2758501,43077,3,1
2758501,33787,4,1
2758501,35140,5,1
2761299,21903,1,1
2761299,25640,2,1
2761299,45220,3,1
2761299,37796,4,1
2761299,36192,5,1
2761299,19057,6,1
2761299,25653,7,1
2766034,34543,1,1
2766034,2120,2,1
2766034,23767,3,1
2766034,2751,4,1
2766034,8536,5,1
2766034,6724,6,1
2766034,19701,7,1
2766034,12513,8,1
2766034,30597,9,1
2766034,4317,10,1
2766034,26520,11,1
2766034,14379,12,1
2766034,8174,13,1
2766034,17858,14,0
2766034,9829,15,0
2766034,28913,16,0
2766034,19348,17,0
2766034,26412,18,1
2766034,26133,19,0
2773175,43956,1,0
2773175,13819,2,1
2773175,5785,3,1
2773175,49235,4,1
2773175,24852,5,1
2773175,4472,6,1
2773175,43122,7,1
2773175,39877,8,1
2773175,21910,9,1
2773175,1240,10,1
2773175,40268,11,1
2773175,28199,12,1
2773175,33055,13,1
2773175,5876,14,1
2782160,35898,1,0
2782160,24852,2,1
2782160,1463,3,0
2782160,28199,4,1
2782160,49235,5,1
2782160,44765,6,0
2782160,25093,7,0
2782160,10826,8,0
2788977,47144,1,1
2788977,25804,2,1
2788977,49235,3,1
2788977,49517,4,1
2788977,17316,5,1
2788977,4942,6,1
2788977,19106,7,1
2788977,30557,8,1
2788977,27925,9,1
2788977,45066,10,1
2789149,14852,1,1
2789149,39646,2,0
2789149,8006,3,1
2789149,15945,4,0
2789149,1447,5,1
2792518,16837,1,1
2792518,35628,2,1
2792518,3957,3,1
2792518,13176,4,1
2792518,21616,5,1
2792518,14715,6,1
2792518,49284,7,0
2796075,35221,1,1
2796075,32578,2,1
2796075,8607,3,1
2796075,8277,4,1
2796075,24852,5,1
2796075,45535,6,1
2796075,4605,7,1
2796075,17794,8,0
2796075,10447,9,0
2796075,42617,10,0
2796075,36180,11,0
2796075,44632,12,1
2796075,14867,13,1
2796075,1468,14,1
2796075,46962,15,0
2796075,35725,16,0
2796075,41273,17,0
2796075,48679,18,1
2796075,30480,19,0
2796075,8518,20,1
2796075,42768,21,0
2796075,21903,22,1
2804379,37646,1,1
2804379,42536,2,1
2804379,12341,3,1
2804379,13829,4,1
2804379,34214,5,1
2807030,21137,1,1
2807030,46069,2,1
2807030,329,3,1
2807030,30489,4,1
2807030,28289,5,1
2807030,33768,6,0
2807030,43122,7,0
2807030,7350,8,0
2807030,30391,9,0
2813624,41230,1,0
2813624,19350,2,0
2813624,4931,3,0
2813624,28438,4,0
2813624,5547,5,0
2813624,26911,6,0
2813624,16185,7,1
2816787,13176,1,1
2816787,9808,2,1
2816787,37825,3,1
2816787,46045,4,1
2816787,27967,5,1
2816787,26604,6,1
2816787,10278,7,0
2817738,42347,1,1
2817738,8518,2,1
2817738,7325,3,1
2817738,21405,4,1
2817738,19895,5,1
2817738,21616,6,1
2817738,45741,7,1
2817738,47734,8,0
2817738,9955,9,0
2819115,11974,1,1
2819115,38847,2,1
2819115,18581,3,1
2819115,19057,4,1
2819115,22935,5,1
2819115,26272,6,1
2819115,8670,7,1
2819115,20906,8,1
2823729,47209,1,0
2823729,18224,2,1
2823729,43352,3,1
2823729,18286,4,1
2823729,46346,5,1
2823729,1935,6,0
2823729,39275,7,0
2823729,21903,8,0
2823729,16521,9,1
2828864,5769,1,1
2828864,40939,2,1
2828864,5258,3,1
2830613,5612,1,1
2830613,1131,2,0
2830613,28204,3,0
2830613,7948,4,0
2830613,41658,5,1
2830613,24372,6,0
2830613,18382,7,0
2836139,34320,1,0
2836139,18567,2,0
2836139,31506,3,0
2836139,1890,4,0
2836139,11421,5,0
2836139,6649,6,0
2836139,2086,7,0
2836139,27024,8,0
2836139,16349,9,0
2836139,6975,10,1
2836139,40166,11,0
2837249,29165,1,0
2837249,21464,2,0
2837249,15958,3,1
2837249,16554,4,1
2837249,11182,5,1
2837977,31640,1,1
2837977,24852,2,1
2837977,21295,3,0
2837977,21903,4,1
2837977,12456,5,0
2837977,39180,6,1
2837977,33401,7,1
2837977,12845,8,1
2847338,42715,1,0
2847338,46676,2,1
2847338,23032,3,0
2855440,25890,1,0
2855440,10017,2,0
2856687,45064,1,0
2856687,16607,2,1
2856687,23102,3,1
2856687,20577,4,1
2856687,24852,5,1
2862144,34829,1,1
2862144,46149,2,1
2862144,49235,3,1
2862144,11759,4,0
2865677,10070,1,1
2865677,14104,2,1
2865677,723,3,0
2869109,28199,1,0
2869109,38200,2,1
2869109,37888,3,1
2873858,29270,1,1
2873858,3957,2,0
2873858,21508,3,0
2878446,5470,1,1
2878446,12013,2,1
2878446,39448,3,1
2878446,38444,4,1
2878446,2120,5,1
2878446,38739,6,0
2878446,41950,7,0
2878446,42701,8,1
2878446,13539,9,1
2878446,26209,10,1
2878446,3469,11,0
2878446,7898,12,1
2878446,27964,13,1
2878446,34680,14,1
2878446,15547,15,1
2878446,22215,16,1
2878446,31506,17,1
2878446,25531,18,0
2878446,41662,19,0
2878446,1295,20,0
2878446,1599,21,0
2878446,11725,22,0
2878446,5707,23,0
2878446,5757,24,0
2878446,29845,25,0
2878446,38635,26,0
2878446,32348,27,0
2884777,28199,1,1
2884777,16797,2,1
2884777,38127,3,1
2884777,13178,4,1
2884777,7469,5,1
2884777,46448,6,1
2884777,32211,7,1
2886174,29418,1,1
2886174,21543,2,1
2886174,21903,3,1
2886174,14309,4,0
2886174,48775,5,0
2886174,47626,6,1
2886174,17468,7,0
2886174,21303,8,0
2886174,7916,9,0
2886174,47209,10,1
2886174,21405,11,0
2888560,16759,1,0
2890157,1402,1,1
2890157,43490,2,0
2890157,24810,3,1
2890157,41198,4,0
2890157,34310,5,0
2890157,34473,6,0
2890157,30154,7,0
2892649,11742,1,0
2892649,33651,2,0
2892649,16014,3,0
2892649,32842,4,0
2892649,41290,5,0
2892649,32851,6,0
2892649,6489,7,1
2892649,35909,8,0
2894199,36200,1,0
2894916,25844,1,1
2894916,15097,2,1
2894916,38444,3,1
2894916,18998,4,1
2894916,44843,5,1
2898109,4932,1,0
2898109,19678,2,0
2898109,27744,3,0
2898109,42736,4,0
2901217,13176,1,1
2901217,14771,2,1
2901217,14444,3,1
2901217,46562,4,0
2901579,32133,1,1
2901579,10673,2,1
2901579,36923,3,1
2901579,11182,4,1
2901579,33095,5,1
2901579,33772,6,1
2901579,36431,7,1
2901579,37158,8,1
2901579,1940,9,1
2901579,16797,10,1
2920004,21949,1,0
2920004,25837,2,0
2920004,23323,3,0
2920004,31683,4,0
2920004,32230,5,0
2920004,1086,6,0
2920004,46513,7,0
2927938,8638,1,0
2927938,24852,2,1
2927938,38340,3,0
2927938,18218,4,1
2928697,13249,1,1
2928697,38374,2,1
2928697,46175,3,1
2928697,34622,4,1
2928697,33120,5,0
2928697,6985,6,0
2928697,24263,7,0
2928697,25890,8,1
2931008,39024,1,1
2931008,10565,2,0
2938842,13176,1,1
2938842,10326,2,1
2938842,6184,3,1
2938842,3298,4,1
2942287,15763,1,1
2942287,40706,2,1
2942287,13176,3,1
2942287,40233,4,1
2944777,31564,1,1
2944777,44234,2,1
2944777,40203,3,1
2955453,32864,1,1
2955453,12204,2,0
2955453,43522,3,0
2955453,26010,4,1
2955453,18691,5,0
2955453,932,6,0
2955453,4274,7,0
2955453,20995,8,0
2955453,16521,9,0
2955453,44734,10,0
2955453,23140,11,0
2955453,21137,12,0
2955453,45575,13,0
2955453,19480,14,0
2955483,8580,1,0
2955483,27247,2,1
2955483,27086,3,1
2955483,14870,4,1
2955483,13263,5,1
2955483,8516,6,1
2955483,28465,7,1
2955483,46820,8,1
2955483,4472,9,1
2955483,40723,10,1
2955483,20842,11,1
2955483,1710,12,0
2955483,4142,13,0
2955483,21137,14,1
2955483,19057,15,1
2955483,24799,16,1
2955483,42265,17,1
2955483,15984,18,1
2955483,30489,19,1
2955483,37646,20,1
2955483,7452,21,1
2956721,21903,1,0
2956721,4605,2,1
2956721,24964,3,0
2956721,18531,4,1
2956721,21137,5,1
2956721,39275,6,1
2956721,27104,7,0
2956721,3212,8,0
2956721,46667,9,0
2956721,49683,10,1
2956721,10978,11,0
2956721,5373,12,0
2956721,41376,13,0
2956721,2314,14,0
2956721,13877,15,0
2956721,42625,16,0
2956721,35824,17,1
2956721,26209,18,0
2956721,4086,19,0
2956721,27845,20,0
2956721,32734,21,1
2956721,6104,22,0
2956721,29487,23,0
2956721,5479,24,1
2956721,41999,25,1
2961704,12745,1,1
2961704,17553,2,1
2961704,8277,3,1
2961704,26604,4,1
2961704,35547,5,1
2961704,28733,6,1
2961704,4421,7,1
2961704,25931,8,1
2961704,40706,9,1
2961704,15592,10,1
2962104,32331,1,1
2962104,7419,2,1
2962104,1447,3,1
2962104,9387,4,1
2962104,15872,5,1
2962104,45596,6,0
2962104,44142,7,0
2963105,24852,1,1
2963105,45535,2,1
2963105,34530,3,0
2964954,42495,1,1
2964954,46820,2,1
2964954,24852,3,1
2964954,13733,4,1
2964954,46979,5,0
2964954,6046,6,0
2964954,11454,7,0
2971522,41171,1,0
2971522,29153,2,1
2971522,2974,3,0
2971522,44867,4,1
2971522,9409,5,0
2974126,12395,1,1
2974126,13882,2,1
2974126,21137,3,1
2974126,40706,4,1
2974126,34243,5,1
2974126,43768,6,1
2974126,15937,7,1
2974126,38159,8,1
2974126,20734,9,1
2974126,4357,10,1
2974126,30450,11,1
2974126,41551,12,0
2974126,12409,13,1
2974126,31640,14,1
2974126,29752,15,1
2974126,16869,16,1
2974126,9554,17,1
2974126,10337,18,1
2976247,36307,1,1
2976247,44156,2,0
2976247,33791,3,0
2976247,23106,4,0
2976247,29628,5,0
2978941,22123,1,1
2978941,48779,2,0
2978941,15998,3,0
2978941,5845,4,1
2978941,43749,5,0
2978941,38218,6,1
2982675,14576,1,0
2982675,46285,2,0
2982675,11814,3,0
2982675,24751,4,0
2982675,20208,5,0
2982675,19174,6,1
2982675,24098,7,0
2982675,4681,8,0
2982675,13858,9,0
2987032,45747,1,1
2987032,39947,2,0
2987032,46616,3,0
2987032,19006,4,0
2987032,14335,5,0
2990815,5479,1,1
2990815,47912,2,1
2990815,26131,3,1
2990815,34358,4,1
2990815,17794,5,1
2990815,27521,6,1
2990815,3999,7,1
2990815,28204,8,1
2990815,5575,9,0
2990815,5578,10,1
2990815,22935,11,1
2992169,45,1,1
2992169,28976,2,1
2992169,12463,3,1
2992169,34070,4,1
2998996,16696,1,0
2998996,6592,2,0
2998996,36431,3,0
2998996,18534,4,0
2998996,4605,5,0
2998996,44142,6,0
2998996,48871,7,0
2998996,33065,8,0
2998996,3689,9,0
2998996,38154,10,0
2998996,49139,11,0
2998996,16768,12,0
2998996,12894,13,0
2998996,24852,14,0
2998996,25554,15,0
2998996,16882,16,0
2998996,29307,17,0
2998996,38996,18,0
2998996,45190,19,0
2998996,44632,20,0
2998996,3990,21,0
3000825,9839,1,1
3000825,27104,2,1
3000825,22935,3,1
3000825,28601,4,1
3000825,15575,5,1
3000825,39216,6,1
3000825,40310,7,1
3000825,16823,8,1
3000825,35091,9,1
3003268,18689,1,1
3003426,44560,1,0
3003426,486,2,0
3003426,30795,3,1
3003426,2748,4,1
3003426,5390,5,1
3003426,19019,6,0
3003426,33825,7,0
3003426,23405,8,0
3003426,49075,9,0
3003426,44825,10,0
3003426,13176,11,0
3003426,28476,12,0
3003426,21903,13,0
3003426,25837,14,0
3003426,8575,15,1
3003426,12703,16,0
3003426,41960,17,1
3006390,28199,1,0
3006390,3952,2,0
3006390,36695,3,0
3006390,1244,4,0
3006390,42507,5,0
3006390,5456,6,0
3006390,48058,7,0
3006390,36869,8,0
3006390,28457,9,0
3008665,20518,1,1
3008665,42392,2,1
3008665,27839,3,1
3009409,38557,1,0
3009409,13176,2,1
3009409,30391,3,1
3009500,25601,1,0
3009500,4210,2,1
3009500,29176,3,0
3009500,39275,4,0
3009500,1263,5,0
3009500,36170,6,1
3009500,4778,7,0
3009500,14379,8,1
3009500,8424,9,1
3009500,17151,10,0
3009500,16797,11,1
3009500,43632,12,0
3009500,12218,13,1
3009500,30227,14,1
3009500,25591,15,0
3009500,21471,16,1
3009500,45669,17,1
3009500,29429,18,1
3009500,41453,19,0
3009500,40330,20,0
3026087,19429,1,0
3026087,43693,2,0
3026087,33357,3,0
3026087,26954,4,0
3026087,19808,5,0
3026087,37777,6,0
3026087,28199,7,0
3026087,13176,8,0
3026087,32303,9,0
3026087,13643,10,0
3026087,32465,11,0
3026087,14118,12,0
3027599,1463,1,1
3027599,44632,2,1
3027599,47766,3,0
3027599,13176,4,1
3027599,6348,5,1
3027599,30382,6,0
3027599,15285,7,1
3027599,26209,8,0
3027599,40706,9,0
3027599,3957,10,1
3027599,27663,11,0
3028535,8598,1,1
3028535,30921,2,1
3028535,49067,3,1
3028535,46804,4,1
3028535,33564,5,1
3028535,8590,6,1
3028535,7148,7,1
3028535,4063,8,1
3028535,34506,9,0
3028535,44448,10,0
3028535,27041,11,0
3028535,8098,12,0
3030560,12606,1,1
3030560,44142,2,1
3030560,27629,3,1
3030560,9387,4,1
3030560,44229,5,0
3030560,10867,6,0
3030560,31487,7,0
3034547,42443,1,1
3034547,32655,2,1
3034547,4920,3,1
3034547,1376,4,1
3034547,21137,5,1
3034547,397,6,0
3034547,37288,7,1
3034547,33043,8,0
3034547,24177,9,0
3034547,3952,10,0
3034547,27336,11,0
3034547,9171,12,0
3034547,26751,13,0
3034547,9327,14,0
3034547,18599,15,0
3034547,16004,16,1
3034547,27344,17,0
3034547,28745,18,0
3034547,46990,19,0
3034547,18232,20,0
3034547,26283,21,0
3034547,47209,22,1
3034547,24964,23,0
3034547,13176,24,0
3034547,38159,25,0
3034547,25340,26,0
3034547,45842,27,0
3035528,4210,1,0
3035528,1767,2,0
3035528,35665,3,0
3036419,6489,1,1
3036419,1463,2,1
3036419,27392,3,1
3036419,19816,4,1
3036419,5449,5,1
3036419,21329,6,1
3036419,39557,7,1
3036419,40910,8,0
3036419,39947,9,0
3036419,12576,10,0
3042830,4020,1,1
3042830,6087,2,1
3042830,33279,3,1
3045755,28465,1,1
3045755,36865,2,1
3045755,40571,3,1
3045755,19156,4,1
3045755,33198,5,1
3045755,40709,6,1
3045755,6348,7,1
3045755,11123,8,1
3045755,42987,9,1
3045755,8859,10,1
3045755,23650,11,1
3045755,27966,12,1
3045755,34214,13,1
3045755,21461,14,1
3045755,26298,15,1
3045755,45223,16,1
3045755,8022,17,0
3045755,6587,18,0
3045755,30117,19,1
3049866,25020,1,1
3049866,22504,2,0
3049866,24838,3,0
3049866,39928,4,1
3049866,28199,5,0
3049866,46906,6,0
3049866,4920,7,0
3053253,31081,1,1
3053253,30036,2,1
3053253,46088,3,1
3053253,40364,4,1
3053253,41152,5,1
3053253,23013,6,1
3053253,18804,7,1
3053253,40748,8,1
3053253,48241,9,0
3053253,39184,10,1
3060597,48577,1,1
3060597,45035,2,1
3060597,41148,3,1
3060597,38562,4,1
3060833,45504,1,1
3060833,36361,2,1
3060833,29126,3,1
3060833,36126,4,0
3060833,21903,5,1
3060833,27104,6,1
3060833,10246,7,0
3060833,24184,8,1
3060833,47209,9,1
3060833,5876,10,1
3060833,8518,11,1
3060833,260,12,0
3060833,35750,13,0
3060833,42617,14,0
3060833,31506,15,0
3060833,19519,16,1
3060958,7412,1,0
3060958,21709,2,0
3060958,11142,3,0
3060958,4736,4,0
3060958,19087,5,0
3062228,16668,1,1
3062228,45763,2,1
3062228,10305,3,1
3062228,39032,4,1
3062228,41148,5,1
3062228,30192,6,0
3062228,5491,7,0
3062228,37003,8,0
3062228,28311,9,0
3062228,4812,10,0
3062228,31504,11,0
3064552,32578,1,1
3064552,27966,2,1
3064552,37646,3,1
3064552,21137,4,1
3064552,43122,5,1
3064552,16185,6,1
3064552,37718,7,1
3069327,21376,1,0
3069327,14852,2,1
3069327,43889,3,0
3069327,41259,4,1
3069327,41665,5,0
3071797,1529,1,0
3071797,31717,2,1
3071797,16759,3,0
3071797,37646,4,0
3071797,5876,5,1
3071797,11383,6,0
3071797,14147,7,0
3071797,23352,8,0
3071797,33948,9,0
3071797,36618,10,0
3071797,29520,11,0
3071797,673,12,0
3071797,10266,13,0
3072062,19057,1,1
3072062,38255,2,1
3072062,48679,3,1
3072062,46969,4,1
3072062,8174,5,1
3072062,24985,6,1
3072062,16797,7,1
3072062,34969,8,1
3072062,30169,9,1
3072062,31883,10,0
3087902,13830,1,0
3087902,275,2,0
3087902,33452,3,1
3087902,15130,4,0
3087902,14318,5,0
3087902,38179,6,0
3093286,27966,1,1
3093286,49185,2,1
3093286,17835,3,1
3093286,24852,4,1
3093286,42345,5,1
3093286,38192,6,1
3093286,8186,7,1
3093286,1335,8,1
3093286,30391,9,1
3093286,16384,10,1
3093286,28204,11,1
3093286,21903,12,1
3093286,23527,13,1
3093286,17794,14,1
3093286,24799,15,1
3093286,41950,16,1
3093286,13176,17,1
3093286,21405,18,1
3093286,43875,19,1
3093286,44632,20,1
3093286,47008,21,1
3093286,37011,22,1
3093286,5991,23,1
3093286,44787,24,1
3093286,30720,25,1
3093286,8174,26,1
3093286,34249,27,1
3093386,31506,1,0
3093386,5621,2,0
3093386,39928,3,0
3093386,38313,4,1
3098070,24852,1,1
3098070,6656,2,1
3098070,40632,3,1
3098070,39475,4,1
3098070,28204,5,1
3098070,46069,6,1
3098070,16254,7,1
3098070,47209,8,1
3098070,44377,9,1
3098070,31869,10,1
3098070,16083,11,1
3098070,31506,12,0
3098070,11599,13,0
3098070,41198,14,0
3098070,39699,15,1
3098070,9339,16,1
3098070,42359,17,0
3099703,31471,1,0
3099703,23375,2,0
3099703,14992,3,1
3099703,2091,4,1
3099703,15592,5,1
3099703,1700,6,0
3099703,28761,7,0
3099703,24852,8,1
3099703,10,9,1
3099703,27086,10,1
3099703,28199,11,0
3099703,35004,12,0
3100296,8025,1,0
3100296,45819,2,0
3100296,2295,3,1
3100296,46692,4,0
3100296,25824,5,0
3100296,8555,6,0
3100296,31040,7,0
3100296,23594,8,0
3100296,30489,9,0
3100296,17429,10,0
3100296,21019,11,0
3100296,24654,12,0
3100296,31562,13,0
3100296,34969,14,0
3100296,24759,15,0
3100296,26209,16,1
3102856,33787,1,1
3102856,19348,2,1
3102856,41220,3,0
3102856,29867,4,1
3102856,3599,5,1
3102856,33768,6,1
3102856,21560,7,1
3102856,4605,8,1
3102856,5652,9,0
3102856,40910,10,0
3102856,16185,11,0
3102856,24231,12,0
3103978,17766,1,1
3103978,8193,2,1
3103978,10132,3,0
3103978,3599,4,1
3103978,7021,5,0
3103978,4605,6,1
3103978,45870,7,1
3103978,42768,8,1
3103978,10621,9,0
3103978,34466,10,1
3103978,34129,11,0
3103978,45104,12,1
3103978,4210,13,1
3103978,16145,14,1
3103978,42585,15,1
3103978,17872,16,0
3103978,32864,17,1
3109162,18404,1,1
3109162,14536,2,0
3109639,38313,1,1
3109639,26790,2,1
3109639,14356,3,1
3109639,28199,4,1
3109639,9438,5,1
3114264,21903,1,1
3114264,12341,2,1
3114264,4149,3,1
3128148,6948,1,0
3128148,13629,2,0
3128148,43908,3,1
3128148,28934,4,1
3128148,12206,5,0
3128148,24852,6,0
3128148,25767,7,1
3131359,24952,1,0
3131359,41351,2,1
3131359,38622,3,1
3131359,32402,4,0
3131359,45537,5,0
3131359,24604,6,1
3131359,26094,7,1
3131359,40709,8,1
3131359,28692,9,0
3131359,45313,10,0
3133915,3808,1,0
3133915,36431,2,1
3133915,24649,3,1
3133915,28031,4,1
3133915,45158,5,1
3133915,12212,6,1
3135473,47626,1,0
3135473,21903,2,0
3135473,35547,3,0
3135473,1408,4,0
3135473,4562,5,0
3135473,47209,6,0
3135473,41665,7,0
3135473,34969,8,0
3135473,25666,9,0
3135473,27156,10,0
3135473,39337,11,0
3135473,31378,12,0
3135473,12576,13,0
3135473,25659,14,0
3135473,12206,15,0
3135473,19478,16,0
3135473,8012,17,0
3136956,38817,1,0
3137744,11520,1,0
3137744,3952,2,1
3137744,36036,3,0
3137744,36011,4,0
3137744,13176,5,0
3137744,21137,6,1
3137744,41588,7,0
3138883,46667,1,0
3138883,41540,2,0
3138883,28289,3,0
3138883,31717,4,0
3138883,16823,5,0
3138883,21938,6,0
3138883,9327,7,0
3138883,26209,8,0
3138883,4855,9,0
3138883,9337,10,0
3138883,39812,11,0
3138883,25659,12,0
3138883,40377,13,0
3138883,16589,14,0
3138883,38456,15,0
3138883,11777,16,0
3138883,35140,17,0
3138883,44142,18,0
3142659,1069,1,1
3142659,27388,2,1
3142659,33508,3,1
3142659,17021,4,1
3142659,20512,5,1
3142659,30754,6,1
3144293,24852,1,1
3144293,35951,2,0
3144293,28849,3,0
3144293,41690,4,0
3144293,24964,5,1
3144293,21417,6,0
3144293,46900,7,0
3144293,46667,8,1
3144293,28601,9,0
3159373,26848,1,0
3159373,36117,2,1
3159373,28156,3,1
3159373,42450,4,1
3159373,43504,5,0
3159373,45104,6,0
3162398,47229,1,1
3162398,30391,2,1
3162398,21903,3,1
3162398,5025,4,0
3162398,7657,5,0
3164785,19660,1,1
3164785,41950,2,1
3164785,47766,3,1
3164785,21903,4,1
3164785,10644,5,0
3164785,24622,6,0
3164785,22089,7,1
3164785,28204,8,0
3164785,40545,9,1
3164785,18159,10,1
3171557,42460,1,1
3171557,17600,2,1
3171557,9547,3,1
3171557,21333,4,0
3171557,15386,5,0
3171557,5744,6,0
3171557,13176,7,0
3171557,27429,8,0
3171557,17008,9,0
3171557,20955,10,0
3171557,17304,11,0
3171557,38936,12,0
3171557,44971,13,0
3171557,8799,14,0
3171557,13733,15,0
3171557,37113,16,0
3179009,44116,1,1
3179009,24850,2,0
3179009,21137,3,1
3179009,38689,4,1
3179009,27344,5,1
3179009,46906,6,1
3179009,42585,7,1
3179009,21376,8,1
3179009,28066,9,1
3179009,1057,10,1
3179009,2452,11,1
3179009,40709,12,1
3179009,42450,13,1
3179009,13829,14,0
3179009,7358,15,0
3179009,42356,16,0
3179009,31343,17,1
3179009,17949,18,1
3179009,43076,19,1
3179447,21267,1,1
3179447,38689,2,1
3179447,13176,3,1
3179447,43122,4,1
3179447,24830,5,0
3179447,30204,6,1
3182177,13575,1,1
3182177,42282,2,0
3184805,32573,1,1
3184805,40332,2,1
3184805,44142,3,1
3184805,2480,4,1
3184805,3075,5,1
3184805,38336,6,1
3184805,9339,7,1
3184805,16518,8,0
3184805,43337,9,1
3184805,32804,10,0
3184805,26209,11,0
3184805,23801,12,1
3184805,28842,13,0
3184805,32315,14,1
3184805,34969,15,0
3184805,4137,16,1
3187761,4605,1,1
3187761,10504,2,0
3187761,27316,3,1
3187761,4163,4,1
3187761,17181,5,1
3187761,9071,6,1
3187761,43961,7,1
3187761,47766,8,1
3187761,2450,9,1
3187761,13198,10,1
3187761,28571,11,1
3187761,31487,12,1
3190575,8571,1,1
3190575,16797,2,1
3190575,8048,3,1
3190575,32689,4,1
3190575,9076,5,1
3190575,38768,6,1
3190575,8859,7,1
3190575,33378,8,0
3190575,21292,9,0
3190575,24135,10,1
3191470,19691,1,1
3191470,4724,2,1
3191470,21385,3,1
3191470,21903,4,1
3191470,16283,5,1
3191470,5769,6,1
3191470,5068,7,1
3191470,32079,8,1
3191470,44683,9,1
3201820,13631,1,0
3201820,38175,2,0
3201820,24410,3,0
3201820,40191,4,0
3201820,25307,5,0
3201820,44234,6,0
3201820,21063,7,1
3201820,15021,8,0
3201820,25566,9,0
3206910,7242,1,0
3212449,196,1,1
3214011,47209,1,1
3214011,27845,2,1
3214011,10132,3,0
3214011,1364,4,0
3214011,33990,5,0
3214011,43713,6,0
3214011,45633,7,0
3214011,5194,8,0
3214011,11352,9,0
3214011,9755,10,0
3214011,31343,11,0
3214011,31683,12,0
3214011,20574,13,1
3214011,24235,14,0
3214011,25146,15,0
3214011,32139,16,0
3214011,42265,17,0
3214011,13629,18,0
3214011,45066,19,0
3214011,4920,20,0
3214011,9076,21,0
3214011,14778,22,0
3214011,29926,23,0
3214011,13819,24,0
3214338,36833,1,0
3214338,32478,2,1
3214338,26348,3,0
3214338,116,4,0
3214338,46562,5,0
3214338,20955,6,0
3214338,31759,7,0
3214338,42719,8,0
3214338,24740,9,0
3214338,10326,10,0
3214338,14444,11,0
3214338,37710,12,0
3217995,260,1,1
3217995,43338,2,0
3217995,46531,3,0
3217995,24288,4,1
3217995,31392,5,1
3222693,39928,1,1
3222693,27845,2,1
3222693,47766,3,1
3222693,10895,4,1
3222693,7781,5,1
3222693,26209,6,1
3222693,23848,7,1
3222693,26298,8,0
3222693,9124,9,0
3222693,35167,10,0
3222693,27544,11,0
3222693,44703,12,0
3222693,18881,13,0
3222693,26157,14,0
3222693,35510,15,0
3222693,47788,16,0
3226474,19585,1,0
3226474,39991,2,0
3226474,20738,3,1
3226474,11081,4,1
3226474,16953,5,1
3226474,3285,6,1
3226474,31263,7,1
3226474,3169,8,0
3231889,13176,1,1
3231889,30192,2,1
3231889,5491,3,1
3231889,31504,4,1
3231889,47209,5,1
3231889,2452,6,1
3231889,19057,7,1
3231889,34134,8,1
3231889,18918,9,0
3231889,22935,10,0
3231889,47492,11,0
3231889,744,12,0
3231889,49044,13,0
3236192,20754,1,1
3236192,38557,2,1
3236192,13176,3,1
3236192,35361,4,0
3236192,5876,5,1
3236192,7014,6,1
3236192,14872,7,0
3236192,42477,8,0
3236192,43662,9,1
3236192,38647,10,1
3236192,49075,11,0
3236192,36724,12,0
3236899,45535,1,0
3236899,34358,2,1
3236899,26209,3,0
3236899,4605,4,0
3236899,1377,5,1
3236899,5537,6,1
3239951,39194,1,1
3239951,20009,2,1
3239951,3583,3,1
3239951,45578,4,1
3239951,10724,5,0
3239951,3717,6,1
3239951,9124,7,1
3239951,20015,8,1
3239951,2091,9,1
3239951,18465,10,1
3239951,45200,11,0
3239951,14852,12,1
3242653,4421,1,1
3242869,27715,1,1
3242869,46246,2,1
3242869,33752,3,1
3242869,23191,4,0
3243858,49235,1,1
3243858,22832,2,1
3243858,15386,3,1
3243858,23142,4,1
3243858,41787,5,0
3243858,1194,6,1
3243858,4799,7,0
3243858,23650,8,1
3243858,13113,9,0
3253052,24852,1,1
3253052,27316,2,1
3253052,2361,3,1
3253052,35168,4,1
3253052,35577,5,1
3253052,47029,6,1
3253052,35221,7,1
3253052,41674,8,1
3253052,23484,9,1
3253052,18599,10,0
3253052,2380,11,0
3253052,45060,12,0
3253052,14267,13,0
3253052,6141,14,0
3253052,28999,15,0
3253052,41787,16,0
3263241,4210,1,1
3263241,19348,2,1
3263241,24852,3,1
3263241,4455,4,1
3263241,21267,5,1
3263241,44948,6,1
3263241,29285,7,1
3263241,45537,8,1
3263241,30494,9,1
3263241,22594,10,1
3263241,7088,11,1
3263241,39275,12,1
3263241,18722,13,1
3264461,41594,1,0
3264461,7736,2,0
3264461,31564,3,0
3264461,13153,4,0
3264461,19727,5,0
3264461,18534,6,0
3266345,24852,1,1
3266345,5785,2,1
3266345,25837,3,1
3266345,6348,4,0
3266345,5031,5,1
3266345,31915,6,0
3266345,41787,7,0
3266345,22825,8,1
3266345,31557,9,0
3266345,25340,10,0
3266345,39275,11,0
3266345,14161,12,0
3266345,4920,13,1
3266345,20628,14,1
3266345,13646,15,1
3266345,21614,16,0
3266345,27086,17,1
3269884,13176,1,1
3269884,28204,2,1
3269884,9623,3,1
3269884,5322,4,1
3269884,14233,5,1
3270807,26604,1,1
3270807,21616,2,1
3270807,13984,3,0
3270807,4920,4,1
3270807,22935,5,0
3270807,7580,6,0
3270807,16525,7,0
3270807,5373,8,0
3270807,40604,9,1
3270807,30489,10,1
3270807,30290,11,0
3270807,2966,12,0
3270807,6187,13,0
3270807,10753,14,1
3270807,17872,15,1
3270807,38293,16,0
3274783,32689,1,1
3274783,39275,2,1
3274783,13176,3,0
3274783,20448,4,0
3276222,36616,1,1
3276222,11456,2,0
3276222,13637,3,0
3282106,10603,1,1
3282106,33768,2,1
3282106,15649,3,1
3282106,38453,4,1
3282106,41999,5,0
3282106,21903,6,0
3282106,48395,7,0
3282247,6987,1,1
3282247,49235,2,1
3282247,49533,3,1
3282247,34067,4,1
3282247,19862,5,1
3282247,33942,6,1
3282247,22290,7,1
3282247,3829,8,1
3282247,44414,9,1
3282247,2825,10,1
3282247,49478,11,1
3282247,47229,12,1
3290624,10761,1,1
3290624,44632,2,1
3290624,31288,3,1
3290624,11737,4,1
3290624,32655,5,1
3290624,42768,6,0
3290624,39877,7,0
3290624,10978,8,0
3290624,48364,9,1
3290624,24964,10,0
3290624,48628,11,0
3290624,27344,12,1
3290624,9515,13,1
3290624,19250,14,1
3290937,20754,1,1
3290937,15937,2,1
3290937,46720,3,1
3290937,9163,4,1
3290937,46226,5,1
3292970,35887,1,1
3292970,24852,2,1
3292970,47209,3,1
3292970,46802,4,1
3292970,18465,5,1
3292970,31766,6,1
3292970,48595,7,0
3292970,7676,8,0
3297979,5445,1,1
3297979,35221,2,1
3297979,47029,3,1
3297979,6393,4,1
3297979,4920,5,1
3297979,44926,6,0
3297979,40396,7,0
3297979,24852,8,0
3297979,47209,9,0
3302561,24852,1,1
3304359,12254,1,0
3304359,25640,2,0
3304359,25340,3,1
3304359,28353,4,1
3304359,34281,5,0
3304359,12033,6,1
3304359,27086,7,1
3308214,12341,1,1
3308214,26914,2,1
3308214,16283,3,0
3308214,30827,4,1
3310613,35886,1,1
3310613,24135,2,0
3310613,4620,3,1
3310613,43352,4,1
3310613,21903,5,1
3314088,46990,1,0
3314088,40691,2,1
3314088,8277,3,1
3316088,26165,1,1
3316088,26683,2,1
3316088,15153,3,1
3316088,40824,4,1
3316088,38925,5,1
3316088,11560,6,1
3316088,43633,7,1
3316088,1172,8,0
3316088,13712,9,0
3316088,18510,10,0
3316088,24838,11,0
3319415,26209,1,1
3319415,35921,2,1
3319415,17316,3,0
3319415,45622,4,1
3319415,18988,5,1
3319415,9170,6,1
3321167,28851,1,0
3321167,40310,2,1
3321167,23879,3,1
3321167,40604,4,0
3321167,18918,5,1
3321167,47526,6,0
3323298,27147,1,0
3323298,23909,2,0
3323298,47766,3,0
3323298,16419,4,0
3323298,34047,5,1
3323298,44987,6,0
3323298,6873,7,0
3323298,14161,8,0
3323298,47626,9,0
3323298,19382,10,0
3323298,21573,11,0
3323298,18659,12,0
3323298,25854,13,0
3323298,760,14,0
3323298,15663,15,0
3323298,28369,16,0
3323298,18211,17,0
3323298,23341,18,1
3323298,49683,19,0
3323298,24184,20,0
3323298,41290,21,0
3325115,9644,1,1
3325115,10473,2,0
3325115,4724,3,0
3330405,24852,1,1
3330405,16797,2,1
3330405,27845,3,1
3330405,13198,4,1
3330405,40529,5,1
3330405,37464,6,0
3332452,1398,1,0
3332452,8859,2,0
3332452,13176,3,0
3332452,9196,4,0
3332452,36186,5,1
3332452,20286,6,0
3332452,27240,7,0
3332452,41385,8,0
3337287,10125,1,1
3337287,13176,2,1
3337287,329,3,1
3337287,30776,4,1
3337287,5212,5,1
3337287,22035,6,1
3337287,47766,7,1
3337287,9839,8,1
3337287,32734,9,1
3337287,25890,10,1
3337287,44471,11,1
3337287,7963,12,1
3337287,17872,13,1
3337287,49235,14,1
3337287,11512,15,1
3337287,43122,16,1
3337287,27690,17,1
3337287,33000,18,1
3337287,46667,19,1
3337287,45866,20,1
3337287,24946,21,1
3337287,10652,22,0
3337287,2825,23,0
3337287,29987,24,0
3337287,15995,25,0
3337287,46979,26,0
3337287,29077,27,0
3338569,37825,1,0
3338569,40749,2,0
3338569,36550,3,1
3338569,36036,4,1
3338569,36929,5,1
3338569,5322,6,0
3338569,31127,7,0
3338569,48647,8,1
3344009,4097,1,0
3344009,8424,2,0
3344009,25618,3,0
3344009,2120,4,0
3344009,22475,5,0
3344009,8518,6,0
3344009,15937,7,0
3344009,7872,8,0
3344009,38504,9,0
3344009,5251,10,0
3344009,31006,11,0
3344009,42483,12,0
3344009,4853,13,0
3344009,31341,14,0
3344009,33198,15,0
3344009,33065,16,1
3344009,7108,17,1
3344640,14766,1,1
3344640,37552,2,1
3344640,18606,3,1
3344640,49517,4,0
3344640,40709,5,0
3344640,39303,6,0
3344640,31343,7,0
3344640,4350,8,0
3344640,29027,9,0
3344640,39619,10,0
3344640,38453,11,1
3344640,16101,12,0
3355686,8539,1,0
3355686,14129,2,0
3355686,9687,3,1
3355686,9666,4,1
3355686,36929,5,1
3355686,45081,6,1
3355686,49131,7,1
3355686,28967,8,0
3355686,41427,9,0
3356167,24184,1,1
3356167,47977,2,1
3356167,38689,3,1
3356599,2763,1,1
3356599,38689,2,1
3356599,24852,3,1
3356599,17600,4,1
3356599,13431,5,1
3356599,7559,6,1
3356599,46290,7,1
3356599,44098,8,1
3356599,24850,9,0
3356599,47209,10,1
3356599,17122,11,1
3356599,26604,12,1
3356599,43961,13,1
3356599,5212,14,1
3356599,31433,15,1
3356599,20842,16,0
3356599,4983,17,0
3359312,31506,1,1
3359312,21267,2,1
3359312,27683,3,1
3359312,2086,4,1
3359312,32828,5,1
3359312,19348,6,1
3359312,5337,7,1
3359312,35561,8,1
3359312,38558,9,1
3359312,9224,10,1
3359312,18382,11,1
3359312,43888,12,1
3359312,49175,13,1
3359312,47209,14,1
3359312,6795,15,1
3359312,37107,16,0
3359312,26209,17,1
3359312,32734,18,1
3359312,32959,19,1
3359446,43504,1,1
3359446,44292,2,1
3359446,15547,3,1
3359446,23909,4,1
3359446,38889,5,1
3359446,48241,6,1
3359446,30696,7,1
3359446,42333,8,1
3359446,23645,9,1
3359446,48370,10,0
3359446,34217,11,1
3359446,18019,12,1
3359446,13176,13,1
3359446,3990,14,0
3359446,982,15,0
3359446,47017,16,0
3359446,33129,17,0
3360812,28985,1,1
3360812,9076,2,1
3360812,38890,3,0
3360812,42736,4,0
3360812,28465,5,1
3360812,13263,6,1
3360812,24799,7,1
3360812,13176,8,1
3360812,8309,9,1
3360812,38693,10,1
3360812,30563,11,0
3360812,40706,12,1
3360812,48726,13,0
3360812,47029,14,0
3360812,14992,15,0
3360812,6765,16,0
3360812,3464,17,0
3360812,17794,18,1
3364977,24838,1,1
3364977,5063,2,0
3364977,19006,3,0
3364977,12395,4,1
3364977,16262,5,1
3364977,45445,6,0
3364977,31853,7,0
3364977,29500,8,1
3364977,32579,9,0
3364977,36724,10,0
3364977,23047,11,0
3364977,28204,12,1
3364977,47209,13,1
3364977,37496,14,0
3364977,21230,15,0
3364977,10409,16,1
3364977,11707,17,0
3364977,46902,18,1
3364977,43310,19,0
3364977,29124,20,0
3364977,1203,21,0
3366398,34283,1,1
3366398,32403,2,1
3366398,24734,3,0
3366398,30241,4,0
3366398,10063,5,0
3366398,9340,6,1
3366398,29061,7,0
3366398,23432,8,0
3366398,8030,9,0
3366398,9777,10,0
3382764,44359,1,0
3382764,16083,2,1
3382764,19019,3,1
3382764,21137,4,1
3382764,31288,5,1
3386523,17807,1,0
3386523,28682,2,0
3386523,6377,3,0
3386523,24852,4,1
3386523,21903,5,1
3386523,3957,6,1
3388399,13079,1,1
3388399,13870,2,0
3388399,5322,3,0
3388399,34137,4,0
3388399,17847,5,0
3388399,16665,6,0
3388399,18205,7,0
3388399,21077,8,1
3391101,5994,1,1
3391101,48487,2,1
3391101,47209,3,1
3397759,21903,1,1
3397759,22474,2,1
3397759,44632,3,1
3397759,42828,4,1
3397759,28745,5,1
3397759,21137,6,1
3397759,47209,7,1
3397759,27966,8,1
3397759,37011,9,1
3397759,9076,10,1
3397759,7054,11,1
3397759,19068,12,1
3397759,10749,13,1
3397759,16185,14,1
3397759,30385,15,1
3397759,42768,16,1
3397759,21009,17,1
3397759,10782,18,1
3401357,42244,1,1
3401357,26209,2,1
3401357,28842,3,0
3401357,20114,4,1
3401357,47766,5,1
3401357,22089,6,1
3401357,23909,7,1
3401357,47144,8,0
3401357,44987,9,0
3401357,29987,10,1
3401357,38273,11,1
3401357,4796,12,0
3401357,38293,13,1
3401357,47626,14,1
3401357,33352,15,1
3401357,13984,16,1
3401357,47252,17,0
3401357,19508,18,1
3401357,28849,19,0
3401357,32624,20,0
3401357,5025,21,0
3401357,30391,22,0
3401357,4162,23,1
3401357,16570,24,1
3401357,25890,25,1
3401357,13176,26,1
3401357,39275,27,1
3401357,21616,28,1
3401357,45393,29,0
3401357,35223,30,0
3409131,6348,1,1
3409131,13176,2,1
3409131,49352,3,1
3409131,11773,4,1
3409131,27239,5,1
3409131,44949,6,1
3409131,43867,7,1
3409131,3599,8,1
3409131,4091,9,1
3409131,35877,10,1
3409131,41319,11,1
3409131,30532,12,1
3409131,41808,13,1
3409131,19389,14,1
3409131,24464,15,1
3409131,1498,16,1
3409131,31423,17,1
3409131,17151,18,1
3409131,43876,19,1
3409131,47788,20,1
3409131,32476,21,1
3409131,34128,22,1
3409131,9387,23,1
3409131,21614,24,1
3409131,32689,25,0
3409131,5111,26,1
3409131,17931,27,1
3409131,22017,28,1
3409131,37286,29,1
3409131,47630,30,1
3409131,30620,31,0
3409131,25886,32,0
3409131,19765,33,0
3409131,31288,34,0
3409131,12745,35,0
3409131,36496,36,0
3409131,6508,37,0
3413698,30291,1,0
3413698,21903,2,1
3413698,28849,3,1
3413698,7746,4,1
3413698,37107,5,1
3413698,12980,6,1
3413698,24852,7,1
3413698,42944,8,1
3413698,21938,9,1
3413698,26209,10,1
3413698,17794,11,1
3413698,28934,12,1
3413698,42585,13,1
3413698,34905,14,0
3413698,27521,15,1
3413698,42768,16,1
3413698,39693,17,0
3413698,10504,18,1
3413698,7628,19,1
3413698,5373,20,1
3413698,34358,21,1
3413698,34126,22,1
3413698,30489,23,1
3420574,7781,1,0
3420574,45123,2,0
3420574,37053,3,0
3420574,32467,4,0
3420574,29126,5,0
3420574,5015,6,0
3420574,24799,7,0
3420574,8309,8,0
3420574,28465,9,0
3420574,32927,10,0
3420574,8174,11,0
3420574,21137,12,0
3420574,34450,13,0
3420574,20734,14,0
3420574,34243,15,0
3420574,30391,16,0
3420574,14371,17,0
3420574,27336,18,0
3420574,27344,19,0
3420574,38772,20,0
3420574,40568,21,0
3420574,29439,22,0
3420574,35750,23,0
3420574,15123,24,0
3420574,13702,25,0
