product_id,product_name,aisle_id,department_id
10,Sparkling Orange Juice & Prickly Pear Beverage,115,7
16,Mint Chocolate Flavored Syrup,103,19
25,Salted Caramel Lean Protein & Fiber Bar,3,19
34,Peanut Butter Cereal,121,14
44,Sparkling Raspberry Seltzer,115,7
45,European Cucumber,83,4
49,Vegetarian Grain Meat Sausages Italian - 4 CT,14,20
77,Coconut Chocolate Chip Energy Bar,3,19
83,100% Whole Wheat Pita Bread,128,3
115,Scooby-Doo! Fruit Flavored Snacks,50,19
116,English Muffins,93,3
117,Petit Suisse Fruit,2,16
123,Sherry Reserve Vinegar,19,13
127,Marscapone,108,16
141,Restaurant Style Organic Chia & Quinoa Tortilla Chips,107,19
148,Nectarines,24,4
162,Organic Mini Homestyle Waffles,52,1
172,Gluten Free All Natural Chocolate Chip Cookies,61,19
177,Citrus Terere Yerba Mate,94,7
184,Kisses Milk Chocolate Candy,45,19
196,Soda,77,7
204,Free & Clear Natural Laundry Detergent For Sensitive Skin,75,17
226,Shaved Parmesan Cheese,21,16
228,Organic Soups Lentil,69,15
235,Gluten Free Blueberry Muffin Mix,105,13
248,Dried Sweetened Cranberries,117,19
260,Cantaloupe,24,4
275,Caramel Sauce,103,19
277,Diet Root Beer,77,7
283,Organic Whole Wheat Elbows,131,9
287,Turkey,96,20
325,Veggie-Style Mini Corn Dogs,42,1
327,"Green Peas, Organic, Petite",116,1
329,Organic Whole Grassmilk Milk,84,16
330,Chilpotles in Adobo Sauce,30,6
340,Eco-Pac Kamut Puffs Cereal,121,14
343,Organic Whole Peeled Baby Carrots,123,4
364,Greener Selection Salad,123,4
389,Mache Blend,123,4
397,Pure Granulated Cane Sugar,17,13
402,100% Pure Beef Homestyle Patties,34,1
405,100% Organic Diced Tomatoes,81,15
421,Garlic & Herb Fresh Goat Cheese,21,16
429,Dark Red Kidney Beans,59,15
432,Vanilla Almond Breeze Almond Milk,91,16
436,Petite Brussels Sprouts,116,1
449,Chips Ahoy! Chewy Cookies,61,19
459,Honey Vanilla Greek Yogurt,120,16
480,Slow Churned Mint Chocolate Chip Ice Cream,37,1
481,Black Peppercorns,104,13
486,Lowfat Raspberry Kefir Probiotic Cultured Milk Smoothie,120,16
500,Non-Scratch Scrub Sponges,114,17
516,American Cheese Slices,21,16
517,French Rolls,43,3
519,Antioxidant Infusions Brasilia Blueberry,31,7
581,Garnet Sweet Potato (Yam),83,4
595,Injera Flat Bread,128,3
605,Natural Liquid Laundry Detergent - Blue Eucalyptus and Lavender,75,17
611,Uncured Hard Salami,96,20
612,"Rice, Extra Long Grain, Enriched",63,9
644,Organic Southwestern Vegetable Soup,69,15
649,Classic coke,77,7
651,Organic Salted Butter,36,16
673,Chicken Base,69,15
699,Sugo Rosa Pasta Sauce,9,9
703,Traditional No Fat Refried Beans,59,15
712,Direct Trade El Diablo Dark Roast Whole Bean Coffee,26,7
723,Movie Theater Butter Pop Corn,23,19
743,Pepperoni Party Pizza,79,1
744,Organic Four Bean Feast Baby Food,92,18
760,Cracker Trio Selected Favorites,78,19
781,Organic Shredded Mild Cheddar,21,16
784,Organic Vegetable Tray,83,4
790,Garbanzo Beans,59,15
810,Organic Honey Mustard,72,13
812,Healthy Grains Oats & Honey Clusters with Toasted Coconut Gluten Free,57,14
857,Grilled Asparagus,123,4
859,2-Ply Everyday Napkins,54,17
863,ArtiHearts Fresh Grilled Artichokes,123,4
872,Power Greens,31,7
877,Ultra-Filtered Whole Milk,84,16
878,Moisturizing Lavender Body Wash,25,11
881,Heavy Duty Scrub Sponges,114,17
890,Organic Diced Tomatoes,81,15
913,Dry Pasta Lasagne,131,9
920,Coconut Yogurt,120,16
932,Vegetable Pie In A Pocket Sandwich,38,1
945,Fruit Punch Juice Drink,98,7
982,Aged Gouda Cheese,2,16
990,Diced Pancetta,96,20
1005,China Green Tips Green Tea,94,7
1006,Philadelphia Cream Cheese,108,16
1025,Organic Fresh Basil,16,4
1035,Chamomile Citrus Caffeine Free Herbal Tea Artisan Whole Leaf Pouches,94,7
1057,"Basil, Asiago & Pine Nut Pesto Ravioli",13,20
1069,100% Oatnut Bread,112,3
1086,Jack's Special Salsa Medium Hot,51,13
1090,Shells & Real Aged Cheddar Macaroni & Cheese,4,9
1099,Cuties Non Dairy Vanilla Frozen Dessert Sandwiches,37,1
1110,Broccoli Carrots Sugar Snap Peas & Water Chestnuts,116,1
1111,Plain Pre Sliced Bagels,93,3
1115,Turkey Bologna,96,20
1117,Turkey Bacon,106,12
1118,Ginger Chia Kombucha,31,7
1131,70% Dark Chocolate,45,19
1154,Pomegranate Blueberry Sparkling Water,115,7
1158,Mango Chunks,116,1
1160,Pinot Grigio,62,5
1172,Organic Berry Fuel Energy Drink,64,7
1181,Mini Watermelon,24,4
1188,Indian Bites Samosa & Chutney Spiced Potato Pockets With Peas & Cilantro Chutney,129,1
1194,Natural Artisan Water,115,7
1202,Organic Whole Grain Oatmeal Cereal Baby Food,92,18
1203,Crunchy Organic Dark Roasted Peanut Butter,88,13
1217,"Select-A-Size Paper Towels, White, 2 Huge Rolls = 5 Regular Rolls  Towels/Napkins",54,17
1240,Plain Better Than Cream Cheese,108,16
1241,Strawberry Cheesecake Ice Cream,37,1
1244,Organic Orange Bell Pepper,83,4
1263,American Cheese Slices 12 Count,21,16
1272,Organic Raspberry Ginger,31,7
1295,Ultra Assorted Fruit Antacid Tablets,70,11
1313,Tortilla Strips Restaurant Style,107,19
1319,100% Recycled White Unscented Bathroom Tissue,54,17
1335,Stage 1 Just Butternut Squash Baby Food,92,18
1359,Organic Turmeric,104,13
1360,Crunchy Peanut Butter,88,13
1364,Organic Vanilla Chip Chewy Granola,3,19
1368,Pink Lady Apple,24,4
1374,Organic Hass Avocado Bag,83,4
1376,Buttermilk Biscuits,105,13
1377,Organic Lactose Free Strawberry Yogurt,120,16
1382,Tequila Blanco,124,5
1393,Diet Lemon Tea,94,7
1398,Ice Bag,37,1
1402,Plain Soymilk Creamer,91,16
1405,Kids Soft and Chewy Candy,45,19
1408,Mini Cucumbers,123,4
1416,Organic Caesar Dressing,89,13
1447,Organic Baby Lettuces,123,4
1463,Organic Milk,84,16
1468,Organic Peeled & Cooked Beets,123,4
1476,Gummi Bears,45,19
1498,Creamy Chicken & Dumplings Soup,69,15
1503,Low Fat Cottage Cheese,108,16
1511,2% Reduced Fat DHA Omega-3 Reduced Fat Milk,84,16
1516,Organic Acai Berry Smoothie Packs,116,1
1529,"Parsley, Italian (Flat), New England Grown",16,4
1559,Cherry Pomegranate Greek Yogurt,120,16
1577,Unsweetened Whole Milk Peach Greek Yogurt,120,16
1578,Apple Jacks Cereal,121,14
1582,Turkey Pepperoni Slices,96,20
1599,Cottonelle Fresh Care Flushable Cleansing Cloths,54,17
1639,Green Machine,31,7
1668,Coconut & Pear Lip Balm,109,11
1689,15 Grain Whole Grain Bread,112,3
1693,Natural Blue Eucalyptus & Lavender 42 Loads Liquid Fabric Softener,75,17
1694,Chunky Chocolate Chip Cookies,61,19
1696,Honey Oat,93,3
1700,White Cheddar Popcorn,23,19
1710,Kombucha Gingerade,31,7
1744,Mint Chocolate Chip Protein Bar,3,19
1752,Mango Sorbet,37,1
1757,Organic Cashew Carrot Ginger Soup,69,15
1767,Green with Citrus,94,7
1774,Butter Pecan Ice Cream,37,1
1787,Thin Rice Noodles,66,6
1823,Soft Eating Strawberry Flavored Licorice,45,19
1830,Organic Almond Extract,17,13
1848,Rockin' Raspberry 3.1 Fl Oz,120,16
1870,Chipotle Black Bean Burger,34,1
1873,Chocolate Protein Plus Smoothie,31,7
1875,To Go Creamy Peanut Butter Cups,88,13
1890,Organic Large Grade A Eggs,86,16
1924,Long Grain Rice,63,9
1925,Root Veggie Burger,42,1
1935,Whole Wheat Cookies Dark Chocolate,61,19
1938,Beef Stew Meat,122,12
1939,Geranium Liquid Dish Soap,74,17
1940,Organic 2% Reduced Fat Milk,84,16
1970,Chicken Enchiladas,38,1
1979,Pure Coconut Milk,66,6
1994,Organic Gluten Free Quinoa Spaghetti,131,9
1999,Organic Chicken Broth,69,15
2005,Fresh Ground Turkey Breast,35,12
2014,Low Fat Kefir Cultured Milk Smoothie Lowfat Probiotic Blueberry,120,16
2019,Sparkling Grapefruit Seltzer,115,7
2038,Green Tea with Ginseng and Honey,94,7
2054,Belgium Beer,27,5
2078,Unsalted Pure Irish Butter,36,16
2081,Crispy Seasoned Potato Puffs with Roasted Garlic & Cracked Pepper,129,1
2086,Sustainably Soft Bath Tissue,54,17
2091,Almond Nut & Rice Cracker Snacks,78,19
2099,Natural Cane Turbinado Sugar,17,13
2108,Pastured Eggs,86,16
2116,Organic Maple & Onion Baked Beans,59,15
2120,Sauvignon Blanc,62,5
2124,Cheese Ravioli,12,9
2132,Rosemary Olive Oil Bread,112,3
2135,5-Lettuce Mix,123,4
2151,Classic Vanilla Ice Cream Sandwiches,37,1
2164,"Waffles, Sweet Belgian, Vanilla",52,1
2180,Angel Hair Pasta,131,9
2192,Bold & Crispy Zesties! Crispy Seasoned French Fried Potatoes,129,1
2198,Cold Brew Baridi Black,100,21
2210,Large Brown Grade AA Eggs,86,16
2228,Organic Frozen Mango Chunks,116,1
2234,Lunchables Ham & Cheddar with Cracker Stackers,96,20
2235,Peach Mango Green Tea Drink Mix,90,7
2240,Eggo Nutri-Grain Blueberry Waffles,52,1
2243,Mango Peach Goat Milk Yogurt Baby Food,120,16
2258,Walnut Chocolate Chip Cookie Dough,105,13
2272,Peppermint,20,11
2295,Yellow Bell Pepper,83,4
2309,Organic Ground Flaxseed,47,11
2314,Whole Milk Ricotta Cheese,108,16
2322,All American Classic Made with Non-GMO Soy Veggie Burgers,42,1
2326,Organic Blueberry Waffles,52,1
2344,Organic SprouTofu Savory Baked Tofu,14,20
2361,Mint Chip,37,1
2380,Cayenne Pepper,104,13
2383,Vegan Made with Non-GMO Soy Soy Protein Burgers,42,1
2390,Pita Crisps Simply Naked,107,19
2397,Caramel Sea Salt Macaroons,8,3
2425,Light Tuna Chunk In Water,95,15
2429,"Seriously Sharp Cheddar Cheese Cracker Cut Slices,",21,16
2435,Teriyaki Meal Bowls,38,1
2447,3 lb Clementines,123,4
2450,Taco Seasoning,30,6
2452,Naturals Chicken Nuggets,129,1
2456,Clump & Seal Multi-Cat Cat Litter,41,8
2462,Rainbow Trout Fillet,39,12
2466,Mild Sweet Mango Chutney,76,6
2480,Organic 85% Cacao Dark Chocolate Bar,45,19
2481,Natural Deli Style Sliced Swiss Cheese,21,16
2494,Copper Coated Scrubbing Pads,114,17
2509,Tulsi Holy Basil Sweet Rose Infusion Bags 18 Count,94,7
2510,Small Household Gloves,114,17
2512,99% Fat Free Chicken Broth,69,15
2541,100% Non-Pareil Capers,110,13
2547,Disinfecting Bathroom Cleaner - Lemongrass Citrus,114,17
2582,Soda Ginger Ale,77,7
2584,Donut Sticks,8,3
2588,Wild Wonders Medley Tomato,83,4
2593,Organic Evaporated Milk,17,13
2604,Lemon Zest Sorbetto,37,1
2611,Gluten Free SpongeBob Spinach Littles,92,18
2633,Advance Powder Infant Formula,92,18
2639,Lemon Blended Non-Fat Greek Yogurt,120,16
2651,Mayonnaise,72,13
2658,Unsweetened Coconut Milk,66,6
2661,Key Lime Pie Fruit & Nut Food Bar,3,19
2668,Whips! Strawberry Mist Yogurt Mousse,120,16
2693,The Big 16 Grain Sprouted Whole Grain Bread,112,3
2716,Organic Greek Lowfat Yogurt With Strawberries,120,16
2729,Diced Jalapenos,81,15
2732,Gluten Free Pretzel Sticks,107,19
2745,Strawberry Explosion/Banana Split Smoothie,120,16
2748,Organic Reduced Fat Omega-3 Milk,84,16
2751,Authentic Chunky Style Refried Beans,30,6
2763,Uncured Hickory Smoked Bacon,106,12
2770,Brownberry Natural Wheat Bread,112,3
2780,Diced Red Onions,83,4
2797,The Original Mild Picante Sauce,51,13
2809,Vegan Oatmeal Chocolate Chip Cookies,61,19
2825,Organic Original Hommus,67,20
2832,Organic Quinoa Hot Cereal Flakes,121,14
2838,Poppy Seed Dressing,89,13
2841,8 Hot Dog Buns,43,3
2846,Organic Green Onions,83,4
2855,Organic Good Seed Bread,112,3
2872,The Original Cream Bars Orange Raspberry Frozen Bars,37,1
2915,Cleansing Towelettes Night Calming Makeup Remover,73,11
2921,Gourmet Chicken Tamales,38,1
2922,"Bathroom Tissue, Unscented, Regular Rolls, 2-Ply",54,17
2948,Treatment Shampoo Normalizing Tea Tree,22,11
2954,Organic Diced Fire Roasted No Salt Added Tomatoes,81,15
2962,"Milk, Reduced Fat, 2% Milkfat",84,16
2966,Pure Coconut Water,98,7
2974,Regular,77,7
2979,Beyond Beef Beefy Crumble,42,1
3007,Natural Anticavity Silly Strawberry Fluoride Toothpaste for Children,20,11
3008,Clara Beer,27,5
3044,Original 100% Pure No Pulp Orange Juice,31,7
3066,Organic Balance Milk Protein Shake Dark Chocolate,91,16
3075,All Natural Smart Classics Roasted Crinkle Cut with Sea Salt Fries,116,1
3142,Organic Short Grain Brown Rice,63,9
3169,Brown & Serve Original Breakfast Sausage Links,52,1
3172,Organic California Veggie Burger,42,1
3212,"Vinegar, Red Wine",19,13
3231,Steamfresh Edamame Pods Frozen Vegetables,116,1
3243,Red Onions,83,4
3272,"Pancake Batter, Original",52,1
3283,Peanut Butter Creme Cookies,61,19
3285,Strawberry Squeeze Fruit Spread,88,13
3298,Mozzarella String Cheese,21,16
3308,Original English Muffins,93,3
3318,Cinnamon Swirl Raisin Bread,112,3
3330,White Cheddar Snack Crackers Cheddar Bunnies,78,19
3339,Organic Russet Potato Bag,123,4
3376,Organic Whole Kernel Sweet Corn No Salt Added,81,15
3382,Organic Eggplant,83,4
3389,Diet Dr.Pepper Soda Pack,77,7
3391,Invigorating Clean Rosemary + Mint Shampoo,22,11
3397,Organic Lightly Salted Sea Salt Thin & Crispy Restaurant Style Tortilla Chips,107,19
3431,Squeezed Lemonade,64,7
3439,"Thick Sliced Canadian, Bacon Natural Hickory Smoked",106,12
3464,"Organic Butterhead (Boston, Butter, Bibb) Lettuce",83,4
3469,Organic Vegetarian Mild Refried Beans With Green Chiles,59,15
3473,Clementine Dish Soap,74,17
3479,Classic Whipped Cream,53,16
3480,Organic Sweet Corn,116,1
3481,Pineapple,24,4
3512,Black Beans Reduced Sodium,59,15
3529,Fully Cooked Original Bacon,106,12
3550,Organic Diced Fire Roasted Tomatoes,81,15
3561,Flat Fillets of Anchovies,95,15
3583,Unsweetened Coconut Milk Beverage,84,16
3594,Milk Whole,84,16
3599,Baked Aged White Cheddar Rice and Corn Puffs,23,19
3661,S'mores Luna Bar,3,19
3689,Beef Broth,69,15
3696,Original Baked Snack Crackers,78,19
3697,Spinach Hummus,67,20
3712,Grilled Marinated Artichoke Hearts,81,15
3717,Cheese Enchilada Meal,38,1
3721,Unsweetened Green Tea,94,7
3737,Kids Mixed Berry Twisted Fruit,50,19
3741,Ibuprofen Infants' Berry Pain Reliever/Fever Reducer,6,2
3765,Original Whole Fat Lactose Free Milk,91,16
3782,"Bread, Jewish Rye",112,3
3793,Honey Grahams Graham Style Crackers,29,13
3796,Ranchero Braised Beef,38,1
3798,Pink Lady Apples,24,4
3808,Olive Oil Cooking Spray,19,13
3829,Organic Spicy Ginger Herbal Tea,94,7
3835,"Coconut Water, Pure Organic",98,7
3843,Organic Brussels Sprouts,83,4
3849,Organic Sprouted English Muffin,93,3
3856,Deli Fresh Smoked Turkey Breast,96,20
3868,White Beauty Bar,127,11
3880,Corn Maize Tortillas,128,3
3887,"Raw Honey, Organic",29,13
3896,Organic Honey Sweet Whole Wheat Bread,112,3
3899,Chocolate Fudge Bite-lettes,45,19
3919,Hearty Grains 100% Whole Wheat English Muffins,93,3
3952,Organic Broccoli Crowns,83,4
3953,Kids Soft & Chewy Candy,45,19
3957,100% Raw Coconut Water,31,7
3990,Natural Sharp Cheddar Sliced Cheese,21,16
3999,Bosc Pear,24,4
4006,Hazelnut Spread With Skim Milk & Cocoa,88,13
4013,Organic Black Currant Probiotic Elixir,31,7
4020,Gentle Skin Cleanser,73,11
4063,Turkey Ham,7,12
4081,On the Go Natural Lemonade Drink Mix,90,7
4086,Mint,16,4
4091,Kosher Whole Dill Pickles,110,13
4097,Whole Grain Loaf,112,3
4130,Peanut Butter Cacao Chia Protein Bar,3,19
4137,Whole Grain Oat Cereal,121,14
4142,Trilogy Kombucha,31,7
4149,Frozen Organic Blueberries,24,4
4162,Organic Thai Coconut Curry Hummus,67,20
4163,Spanish Rice Pilaf Mix,4,9
4168,Rutabaga Organic,83,4
4189,"Yogurt, Goat Milk, and Fruit, Banana & Natural Vanilla Bean with Pear, 2+",120,16
4193,"Ravioli, Spinach & Cheese",12,9
4210,Whole Milk,84,16
4249,Organic Sliced Jalapeños,81,15
4269,Mild Cheddar Cheese,21,16
4274,Vegan Cheddar Style Cheese Slices,21,16
4302,Artichoke Hearts,116,1
4304,Chopped Curly Kale,116,1
4305,Black Tea Variety Pack,94,7
4313,Star Wars Italian Sweet Creme Creamer,53,16
4317,Solid White Albacore Tuna In Water,95,15
4347,Extralean Ground Turkey Breast,49,12
4350,Mushroom And Ricotta Ravioli,2,16
4357,Organic Chocolate Almondmilk Pudding,71,16
4366,Multi-Grain Sea Salt Crackers,78,19
4367,Garlic & Fine Herbs Gournay Cheese,21,16
4374,Ultra Soft Bathroom Tissue Double Rolls,54,17
4377,Bag of Oranges,24,4
4396,Oven Roasted Sea Salt Almonds,117,19
4410,Organic Flax Plus Multibran Flakes,121,14
4421,Organic Beef Uncured Hot Dogs,106,12
4447,Berries 'n Cherries Fruit Snacks,50,19
4451,Organic Skim Milk with DHA Omega-3,84,16
4455,Raspberry Cereal,48,14
4461,Organic Raw Unfiltered Apple Cider Vinegar,19,13
4462,Pink Lady Apple Kombucha,94,7
4470,Cherry Liquid Drink Mix,90,7
4471,Mozzarella Finely Shredded Shredded Cheese,21,16
4472,Toasted Coconut Almondmilk Blend,91,16
4478,Chocolate Fudge Brownie Frozen Yogurt,37,1
4485,Cinnamon Raisin Granola,57,14
4486,Organic Dark Salted Burnt Caramel Chocolate Bar,45,19
4487,Vegetarian Organic Golden Corn,81,15
4493,Italian Sparkling Pomegranate And Orange Soda,115,7
4540,Almond Squirt + Mop Wood Floor Cleaner,114,17
4541,Rainier Cherries,24,4
4557,Mango Peach Salsa,67,20
4562,English Seedless Cucumber,83,4
4565,Baked Snack Crackers Original,78,19
4589,Fresh Fettuccini,131,9
4600,All Natural French Toast Sticks,52,1
4605,Yellow Onions,83,4
4620,Ginger Root,16,4
4638,Lunchables Uploaded 6-inch Turkey & Cheddar Sub Sandwich,13,20
4645,Queso Blanco Medium Dip,51,13
4652,Semi-Sweet Baking Chocolate Bar,17,13
4656,Raspberry Preserves,88,13
4659,Organic Sloppy Joe Seasoning,104,13
4671,Red Cabbage,83,4
4674,Cherry Limeade,77,7
4681,On the Go Raspberry Lemonade,90,7
4724,Broccoli Florettes,32,4
4736,Extra Fresh Body and Face Wash,127,11
4778,Wheat Thins Reduced Fat Crackers,78,19
4781,Original Coconut Milk Creamer,91,16
4792,Panda Puffs Peanut Butter Cereal,121,14
4793,Wild Berry Smoothie,120,16
4796,Baby Portabella Mushrooms,83,4
4799,Shredded Parmesan,21,16
4812,Stage 1 Apples & Strawberries Organic Pureed Baby Food,92,18
4817,Cinnamon Apple Sauce,99,15
4837,Fresh Squeezed Orange Juice,31,7
4853,Broccoli Rabe,83,4
4855,Diced Butternut Squash,123,4
4878,Spicy Ranch Salad Dressing & Seasoning Mix,89,13
4879,"Milk, Fat Free",84,16
4889,Mini Peeled Carrots,83,4
4913,Table Water Crackers,78,19
4920,Seedless Red Grapes,123,4
4931,Sesame Sticks,117,19
4932,Vanilla Bean Ice Cream,37,1
4942,Vanilla Almond Breeze,91,16
4943,Birthday Cake Ice Cream,37,1
4945,Large Pineapple Chunks,123,4
4947,Lafayette Butter Lettuce & Radicchio Salad Blend,123,4
4957,Total 2% Lowfat Greek Strained Yogurt With Blueberry,120,16
4960,Three Cheese Mini Pizza Bagels Frozen Snacks,79,1
4962,Yotoddler Organic Pear Spinach Mango Yogurt,120,16
4983,Sweets Medley Sea Salt Sweet Potato Chips,107,19
5015,Organic Cottage Cheese Classic,108,16
5020,Organic  Sweet & Salty Peanut Pretzel Granola Bars,3,19
5024,Dark Red Kidney Beans No Salt Added,59,15
5025,Green Onions,83,4
5031,Medium Salsa Roja,67,20
5047,Easy Open TabsBags,85,17
5063,Maple & Pecan Granola Gluten Free,57,14
5067,Original Syrup,29,13
5068,Cauliflower Florets,32,4
5073,Kombucha  Bilberry No. 9,31,7
5077,100% Whole Wheat Bread,112,3
5097,Mexican Style Taco Shredded Cheese,21,16
5111,Whole Cranberries Dipped in Dark Chocolate,117,19
5115,Organic Medium Brown Eggs,86,16
5120,Organic Vanilla Soymilk,91,16
5130,Organic Herb Blend,123,4
5132,Made Good Chocolate Chip Granola Bars,3,19
5134,Organic Thompson Seedless Raisins,117,19
5157,Orange 100% Juice,98,7
5160,Soda Bottles,77,7
5188,Fruit Juicy Red Punch,98,7
5194,Organic Bunny Fruit Snacks Berry Patch,50,19
5212,Watermelon Chunks,123,4
5240,Spaghetti  No 12,131,9
5241,Gluten Free Uncured Bacon Breakfast Burrito,52,1
5250,Blueberry Muffin Bar,3,19
5251,Shaved Brussel Sprouts,123,4
5258,Sparkling Water,115,7
5262,Brown Extra Large Grade AA Eggs,86,16
5266,Fish Sauce,5,13
5271,Diced Peaches Fruit Bowl,99,15
5322,Gluten Free Dark Chocolate Chunk Chewy with a Crunch Granola Bars,3,19
5337,Monterey Jack Cheese,21,16
5351,Smoked Whitefish Salad,1,20
5373,Organic No Salt Added Diced Tomatoes,81,15
5385,Country White Bread,112,3
5386,Strawberry,120,16
5390,Boneless Beef Chuck Roast,122,12
5404,Dark Red Kidney Beans Reduced Sodium,59,15
5428,1 Liter,115,7
5436,Diced Green Chiles,81,15
5438,Prosciutto,96,20
5445,Protein Zone Protein Juice Smoothie,31,7
5449,Margherita Pizza,79,1
5450,Small Hass Avocado,24,4
5451,Organic Zucchini Spirals,83,4
5456,Green Tea With Ginseng and Honey,96,20
5460,Butter,36,16
5463,Original Oat Bar,3,19
5467,Spinach & Cheese Enchilada Verde Meal,38,1
5470,Tequila Reposado,124,5
5479,Italian Sparkling Mineral Water,115,7
5491,Stage 1 Apples Sweet Potatoes Pumpkin & Blueberries Organic Pureed Baby Food,92,18
5496,Cold Brew Coffee Can,26,7
5514,Organic Homogenized Whole Milk,84,16
5537,Dairy Free Coconut Milk Frozen Dessert Minis,37,1
5539,Organic SprouTofu Silken Tofu,14,20
5547,Roasted Sesame Seaweed Snacks,66,6
5550,YoBaby Peach Pear Yogurt,120,16
5575,Cheddar Puffs,107,19
5578,Okra,83,4
5586,Original Glass Cleaner,114,17
5612,Reduced Fat Milk,84,16
5618,Cauliflower,83,4
5621,Sea Salt Fine Crystals,104,13
5623,"Dentastix® Original, Treats for Toy/Small Dogs",40,8
5646,Organic Turkey Bacon,106,12
5649,La Vodka Cooking Sauce,9,9
5652,Organic Red Potatoes,83,4
5653,Chicken Curry Salad,1,20
5684,Gluten Free Multi Seed Rice Thin Crackers,78,19
5692,Cinnamon & Spice Instant Oatmeal,130,14
5699,Gluten Free Mushroom Risotto Bowl,38,1
5707,Dark Chocolate Cinnamon Pecan Bar,3,19
5708,Original Turkey Jerky,23,19
5744,Unsalted Chicken Stock,69,15
5750,Total Plain Greek Strained Yogurt,120,16
5757,"Nuts & Spices, Dark Chocolate Mocha Almond",3,19
5764,Organic SprouTofu Teriyaki Tofu Cutlets,14,20
5769,Organic Chicken Stock,69,15
5770,97% Fat Free Beef Franks,106,12
5782,Grade A Large White Eggs,86,16
5785,Organic Reduced Fat 2% Milk,84,16
5794,House Blend Deep Roast Ground Coffee,26,7
5818,White Onion,83,4
5819,Baby Carrots,123,4
5820,"Black Tea, Organic, Masala Chai, Bags",94,7
5845,Lighty Salted Potato Chips,107,19
5856,Dish Soap Lime Zest,74,17
5876,Organic Lemon,24,4
5878,Organic Ground Cardamom,104,13
5883,Organic Strawberry Lemonade,98,7
5896,Tropical Flavor Dairy-Free Probiotic Kefir,70,11
5918,Single Serve Cheese Pizza,79,1
5959,Four Cheese Thin Crust Pizza,79,1
5973,Spicy Avocado Hummus,67,20
5976,Veggie Lover's Salad Blend,123,4
5989,Sliced Tamed Jalapeno Peppers,110,13
5991,Bok Choy,83,4
5994,Traditional Refried Beans,59,15
6025,Spring Roll Wrappers,66,6
6036,Cinnamon French Toast Sticks,52,1
6046,Boneless Skinless Chicken Breast,35,12
6069,Maple Pumpkin Seeds with Sea Salt Chewy with a Crunch Granola Bars,3,19
6087,Fresh Goat Cheese,21,16
6089,Super Chunk Extra Crunchy Natural Peanut Butter Spread,88,13
6104,Whole Milk Plain Yogurt,120,16
6111,Mediterranee Strawberry Yogurt,120,16
6128,Original Fresh Stack Crackers,78,19
6141,Low Sodium Beef Broth,69,15
6166,Baked Whole Grain Wheat Cracked Pepper & Olive Oil Crackers,78,19
6177,Dijon Mustard Squeeze Bottle,72,13
6182,Natural Artesian Bottled Water,115,7
6184,Clementines,32,4
6187,Raisin Bran Cereal,121,14
6195,Eggo Mini Homestyle Waffles,52,1
6236,BBQ Ranch Chopped Salad,123,4
6263,Vinter's Collection Chardonnay,62,5
6265,Fruit Gushers Fruit Flavored Snacks Variety Pack,50,19
6274,Squeeze Pouch Sour Cream,53,16
6278,Coconut Cream,76,6
6283,Greek Yogurt Dressing Cucumber Dill,51,13
6287,Organic & Raw Strawberry Serenity Kombucha,31,7
6296,Farmhouse-Style Sausage Scramble,52,1
6297,Cheese Puffs Original,107,19
6300,Light & Lean Pasta & Veggie Bowl,38,1
6328,Casera Medium Salsa,51,13
6336,Organic Soft White Bread,112,3
6337,Chewable Vanilla Twist Lactase Enzyme Supplement,70,11
6340,Frosted Flakes Cereal,121,14
6341,Brown Eggs,86,16
6347,Unsweetened Almond Milk,91,16
6348,Mini Original Babybel Cheese,21,16
6358,Natural Artichoke Hearts Quartered,81,15
6361,Soft Potato Bread,112,3
6377,Raspberry Chocolate Chip Gelato,37,1
6391,Organic Cake Mix Vanilla,105,13
6393,Protein Plus Mango Protein Shake,31,7
6400,Almond Acai Lite Bar,3,19
6444,Liquid Cane Sugar,29,13
6448,Smartfood White Cheddar Cheese Popcorn,23,19
6452,Organic Berry Strawberry Flax Plus Chewy Yogurt Granola Bars,3,19
6474,Organic Sparkling Cider,77,7
6478,Better Than Cream Cheese - Plain Imitation Cream Cheese,108,16
6481,Vanilla Almond Coffee Creamer,91,16
6489,Backyard Barbeque Potato Chips,107,19
6508,Oh My Yog! Madagascar Vanilla Trilayer Yogyurt,120,16
6510,Milk Chocolate,45,19
6532,Organic YoKids Very Berry Smoothies,120,16
6552,Crunchy Chocolate Chip Chia Granola & Seed Bars,48,14
6567,Chocolate Peanut Butter Protein Bar,3,19
6576,White Cheddar Baked Snack Crackers,78,19
6585,100% Pure Organic Apple Juice,98,7
6587,Lightly Salted Chips,107,19
6592,Premium Light Beer,27,5
6611,Reese's Pieces Carrot,45,19
6612,Men's Health NUT-rition Mix,117,19
6615,Mozzarella Cheese,21,16
6631,No Pulp Calcium & Vitamin D Pure Orange Juice,31,7
6647,Navel Orange,24,4
6649,Organic Oil Canola,19,13
6656,Organic California Style Sprouted Bread,112,3
6669,Breakfast Scramble Wrap,52,1
6691,Hard Boiled Eggs Peeled & Ready To Eat,86,16
6692,Lightly Seasoned Chick'n Scallopini,42,1
6721,Organic Mushroom Broth,69,15
6724,Dark Chocolate Cocoa Roast Almonds 100 Calorie,117,19
6740,Organic Braeburn Apple,24,4
6750,Cheese Ravioli with Sauce Bowls,38,1
6760,Organic Iced Green Tea,94,7
6765,Flat Fillets Anchovies,95,15
6774,Brown Fertile Large Grade AA Eggs,86,16
6795,Organic Garlic Granules,104,13
6813,Ultra Strong Bathroom Tissue,54,17
6833,Udo's Choice Super 8 Probiotic Capsules,47,11
6839,Portabella Veggie Burgers,42,1
6849,Bone In Beef Rib Steak,122,12
6856,Pro-Health Advanced Extra Deep Clean Anticavity Fluoride Mouthwash,20,11
6860,Organic Balsamic Vinaigrette,89,13
6870,Fresh Pressed Coconut Oil,19,13
6873,Organic Iceberg Lettuce,83,4
6935,Liv A Littles Chicken Cat & Dog Treats,40,8
6948,Organic Original Almond Milk,91,16
6972,Mayo Made With Avocado Oil,72,13
6975,World Cuisine Certified Halal Chicken Tikka Masala With Basmati Rice,38,1
6985,Alfredo Sauce,9,9
6987,Passion Herbal Infusion Caffeine Free Tea Bags,94,7
6991,Crunchy Oats 'n Honey Granola,48,14
7010,Organic White Basmati Rice,63,9
7014,Dishwasher Gel Free & Clear,74,17
7021,Organic Tomato Paste,81,15
7054,Low Fat Plain Yogurt,120,16
7058,Vidalia Onions,83,4
7076,Grain Free Chicken Formula Cat Food,41,8
7088,Organic Cheddar Bunnies,78,19
7090,Ciabatta,112,3
7093,Chicken Party Wings,49,12
7108,Napa Valley Cabernet Sauvignon,28,5
7120,Organic Whole Wheat Sourdough Bread,112,3
7131,Light Semisoft Cheese,21,16
7139,Sooo Good Light Roast Coffee,26,7
7148,Pure Cornstarch Baby Powder,102,18
7156,Traditional Plain Greek Yogurt,120,16
7175,Organic Whipped Naturally Buttery Spread,91,16
7177,Mini Babybel Mozzarella Cheese,21,16
7179,Chopped Pecans,117,19
7205,Coconut Vanilla Creme Miracle Tart,61,19
7228,Organic Italian Dressing,89,13
7241,Vegan Cheddar Mac & Cheese,4,9
7242,Ultimate Flora Mega Potent 150 Billion Probiotic Vegetabe Capsules,70,11
7252,Deep Green Blends Kale,32,4
7301,Diet Cranberry Pomegranate Juice,98,7
7306,Oats & Peanut Butter Chewy Bars,48,14
7325,Dark Blackout Organic Chocolate,45,19
7346,Sparkling Lemon Seltzer,115,7
7350,Natural Lime Flavor Sparkling Mineral Water,115,7
7358,Verde Salsa,30,6
7371,Chocolate Chip Cookie Dough Bar,3,19
7391,Beef Bologna,96,20
7412,Gluten-Free Red Hot Blues Made with Organic Blue  Corn Tortilla Chips,107,19
7416,Lite Creamy Fudge Bars,37,1
7419,Sweet Red Grape Tomatoes,83,4
7452,Base Peanut Butter Chocolate Protein Bar,3,19
7461,Pinto Beans No Salt Added,59,15
7468,Slow Churned Light Vanilla Bean Ice Cream,37,1
7469,Whole Grain White Sesame Seed Hamburger Buns,43,3
7490,Thai Chile Pepper,100,21
7500,Organic Vanilla Extract,17,13
7503,Whole Almonds,117,19
7515,Spinach And Ricotta Ravioli,2,16
7521,New Orleans Iced Coffee,26,7
7539,Organic Chewy Chocolate Banana Bites,117,19
7559,Cinnamon Rolls with Icing,105,13
7562,Asian Vegetable Ramen,66,6
7580,Kalamata Olives,110,13
7600,Mild Chunky Salsa,51,13
7622,Organic Chicken & Wild Rice Soup,69,15
7628,"Dressing, Jersey Sweet Onion, Calorie Free",83,4
7631,Broccoli Bunch,83,4
7644,Scoops! Tortilla Chips,107,19
7647,Turkey Meatballs,13,20
7649,Whole Wheat Tandoori Naan,128,3
7657,Hair Shampoos,22,11
7673,Organic SprouTofu Super Firm Tofu,14,20
7676,Organic Lowfat Plain Yogurt,120,16
7677,Strawberry Banana Flavored 4 Juice Smoothie Blend,98,7
7693,Cran-Raspberry Flavored Sparkling Water,115,7
7702,Macaroni & Mild Cheddar Cheese,4,9
7704,Liquid Aminos All Purpose Seasoning,104,13
7707,Pure Pomegranate Juice,98,7
7736,Premium Original Saltine Crackers,78,19
7737,Sweet Butternut Squash Ravioli,12,9
7746,Oregano,104,13
7751,Tomato Ketchup,72,13
7762,Vodka Pasta Sauce,9,9
7781,Organic Sticks Low Moisture Part Skim Mozzarella String Cheese,21,16
7806,Soft Pretzel Burger Buns,43,3
7821,Olive Oil & Vinegar Dressing,89,13
7835,Tomato Basil Cooking Sauce,9,9
7838,Seasoned Curly Fries,129,1
7862,Raw Shrimp,34,1
7872,Original Chabis Pure Goat Milk Cheese,2,16
7877,Chicken Thighs,49,12
7898,Ginger Beer,77,7
7901,"Ice Pops Sugar Free, Orange, Cherry, Grape",37,1
7916,Grilled Chicken Breast,13,20
7924,Coconut Chocolate Protein Bar,100,21
7936,Organic Garlic Hummus,67,20
7948,Organic Unsalted Butter,36,16
7953,Spice Island Whole Bean Coffee,26,7
7963,Gluten Free Whole Grain Bread,58,1
7969,Lime,24,4
7978,Black Pepper Corns Mill Organic Spices,104,13
7987,Hazelnut Spread with Cocoa,88,13
7988,"Crisp Okra Pickles, Mild",110,13
8006,Chopped Organic Garlic,110,13
8012,Pizza 4 Cheese,79,1
8016,Healthy Request Chunky Chicken Noodle Soup,69,15
8021,100% Recycled Paper Towels,54,17
8022,Spinach Pizza,79,1
8025,Uncured Beef Hot Dogs,106,12
8030,Salisbury Steak,38,1
8048,Packaged Grape Tomatoes,32,4
8053,Organic Pineapple Chunks,123,4
8061,Pineapple Yogurt 2%,120,16
8075,Small Compostable Waste Bag,60,17
8087,Florida Orange Juice With Calcium & Vitamin D,31,7
8098,Seasoned Collard Greens,81,15
8127,Mild Traditional Enchilada Sauce,30,6
8138,Traditional Hummus,67,20
8153,Plain Non-Fat Greek Yogurt,120,16
8173,Boneless Ham Steak,96,20
8174,Organic Navel Orange,24,4
8175,Baby Bella Whole Mushrooms,83,4
8177,Organic Summer Corn & Vegetable Soup,69,15
8186,"Baby Food Pouch - Butternut Squash, Carrot & Chickpea",92,18
8193,Russet Potato,83,4
8195,Paper Towels,54,17
8203,Ground Ginger,104,13
8204,Traditional Favorites Tomato & Basil Pasta Sauce,9,9
8224,Chicken Bouillon Cubes,69,15
8230,100% Recycled Bathroom Tissue,54,17
8239,Peanut Butter Creamy With Salt,88,13
8260,Flavored with Meat Italian Sauce,9,9
8277,Apple Honeycrisp Organic,24,4
8281,Head of Lettuce,123,4
8290,Cream of Chicken and Mushroom Condensed Soup,69,15
8296,OG Sesame Tamari Rice Cake Organic Rice Cakes,78,19
8297,Organic Heavy Cream,53,16
8309,Nonfat Icelandic Style Strawberry Yogurt,120,16
8324,Organic Bagged Mini Milk Peanut Butter,45,19
8339,Crackers Almond Flour Rosemary Sea Salt,78,19
8352,Outshine Tangerine Fruit Bars,37,1
8358,Uncooked Corn Tortillas,128,3
8366,Lemon Clean Furniture Spray,114,17
8382,Organic Tomato Bisque,1,20
8385,Sliced Genoa Salami,96,20
8390,Diet Ginger Ale,77,7
8412,Green Peas No Salt Added,116,1
8414,Traditional Scottish Style Smoked Salmon,15,12
8424,Broccoli Crown,83,4
8425,Organic Acai Berry Sorbet,37,1
8428,Fresh Squeezed IPA,27,5
8460,Hearty Thick Cut Bacon,106,12
8467,Cinnamon Raisin Bread,112,3
8475,Diet 12 Oz Ginger Ale,77,7
8477,Crab Bisque New England Style,69,15
8479,Original Black Box Tablewater Cracker,78,19
8490,Strawberry Rhubarb Yogurt,120,16
8506,Yellow Corn Taco Shells,30,6
8516,Ancient Grain Granola Cranberry Pecan,57,14
8518,Organic Red Onion,83,4
8536,Green Leaf Shreds,123,4
8539,Organic Chicken with Lemongrass Bone Broth,69,15
8555,Sweet Potato Tortilla Chips,107,19
8571,Baby Cucumbers,32,4
8575,Unprocessed American Singles Colby-Style Cheese,21,16
8580,VitaminWater Zero™ XXX Acai Blueberry Pomegranate,64,7
8590,Ground Turkey,49,12
8598,Mega Rolls,54,17
8607,Mango Slices,117,19
8617,Assorted Nuggets,45,19
8638,Vanilla Milk Chocolate Almond Ice Cream Bars,37,1
8654,Pasta Joy Ready Organic Brown Rice Pasta Penne,131,9
8667,Organic Pure 85% Dark Chocolate Bar,45,19
8668,Homemade Vanilla Ice Cream,37,1
8670,Diced Tomatoes,81,15
8695,Hot! Jalapeno Potato Chips,107,19
8718,Crispy Seasoned Potato Puffs,129,1
8727,"Peperoncini, Greek, Sliced Golden",110,13
8736,Synergy Organic & Raw Cosmic Cranberry,31,7
8744,Mixed Vegetables,116,1
8747,Bathroom Cleaner with Lemon Scent,114,17
8799,1st Foods Sweet Potatoes,92,18
8802,Organic Goji Berries,24,4
8803,Fully Husked & Trimmed Super Sweet Corn,32,4
8806,Original Roast Coffee,26,7
8832,Cinnamon Bread,112,3
8843,Milk Chocolate Covered Raisins,45,19
8859,Natural Spring Water,115,7
8903,Semi-Sweet Mini Chocolate Chips,17,13
8908,Simply 100 Crunch Blueberry Cookie Crumble Non-Fat Greek Yogurt,120,16
8935,Artisan Fig & Walnut Savory Balsamic Vinaigrette,89,13
8952,Multigrain Pancake & Waffle Mix,130,14
8953,Key Limes,32,4
8988,Organic Garlic Powder,104,13
8997,Organic Creamy Chocolate Fudge Nutritional Shake,84,16
9000,Organic Yellow Zucchini,83,4
9018,All Natural Virgin Lemonade,31,7
9020,Boneless Skinless Chicken Thighs,35,12
9028,Virginia Ham,96,20
9037,San Mateo Loose Leaf Yerba Mate Tea,94,7
9038,American Cheese slices,21,16
9051,Organic Lowfat Creamy Australian Style Orange Passion Fruit Yogurt,120,16
9071,Navel Oranges Bag,24,4
9076,Blueberries,116,1
9077,Herbal Tea Lemon & Ginger Caffeine Free Tea Bags,94,7
9092,Organic Vegetable Broth,69,15
9120,Lunchables Pizza with Pepperoni,13,20
9124,Broccoli & Cheddar Bake Meal Bowl,38,1
9133,Original Long Grain & Wild Rice Mix,4,9
9137,Organic YoKids Squeeze! Straw-Nana-Rama Yogurt,120,16
9139,Fabric Softener Dryer Sheet Outdoor Fresh 240CT Fabric Enhancers,75,17
9152,Mountain Berry Blast Sports Drink,64,7
9163,Cranberry Walnut Salad Cafe Bowl,123,4
9166,Cookie Dough Slow Churned Ice Cream,37,1
9170,Sensitive Skin Unscented Hypo-Allergenic Beauty Bar,127,11
9171,Organic Balsamic Vinaigrette Dressing,89,13
9175,Diet Coke Caffeine Free Soda,77,7
9178,Vegan Hickory & Sage Benevolent Bacon,14,20
9196,Organic 2nd Foods Carrots Apples & Mangoes Baby Food,92,18
9203,Dairy Free Coconut Milk Raspberry Yogurt Alternative,120,16
9217,Cold Brew Coffee With Coconut Milk,26,7
9224,Gluten-Free Supergrain Pasta Elbows,131,9
9252,Signature Recipes Four Cheese Alfredo Pasta Sauce,9,9
9292,Half And Half Ultra Pasteurized,84,16
9322,Gluten Free The Perfect 10 Crackers,78,19
9324,Organic Apricots,117,19
9327,Garlic Powder,104,13
9337,Purity Farms Ghee Clarified Butter,36,16
9339,Organic Chicken & Apple Sausage,106,12
9340,Homestyle Classics Meatloaf,38,1
9365,French Demi Baguette,112,3
9366,Penne Rigate #41 Pasta,131,9
9385,Hazelnut Bite Size Wafer Cookies,61,19
9387,Granny Smith Apples,24,4
9405,Calcium Enriched 100% Lactose Free Fat Free Milk,91,16
9409,Dry Roasted Peanuts,117,19
9421,Organic Raw Multigreen Kobmbucha,31,7
9422,Hummus,67,20
9424,Organic Saltine Baked Cracker Classic Crackers,78,19
9438,Honey Graham Sticks,61,19
9444,Original Tortilla Strips,107,19
9459,Sea Salt & Cracked Pepper Deli Style pretzel Crisps,107,19
9470,Homemade Garden Vegetable Sauce,9,9
9472,Organic Red Cherry Tomato,83,4
9477,Medium Cheddar Cheese,21,16
9480,Spinach Tortillas 8 Count,58,1
9507,Honey Turkey Breast,96,20
9510,Chicken Breast Tenders,35,12
9515,Natural Classic Pork Breakfast Sausage,52,1
9517,Havarti Cheese,21,16
9531,Organic Hearts Of Palm,81,15
9533,Natural Butter Flavor Lite Maple Syrup,29,13
9537,Arugula,83,4
9547,Turkey Franks,106,12
9551,Natural Chunky Peanut Butter,88,13
9554,Mocha Almond Fudge Minis Almond Milk Frozen Dessert,37,1
9558,Non-Fat Vanilla Blended Greek Yogurt,120,16
9577,Cheese Dip,21,16
9595,Organic Homestyle Mini Waffles,52,1
9597,Sweet Kale Chopped Salad,123,4
9598,Gogo Squeez Organic Apple Strawberry Applesauce on the Go,99,15
9604,Hibiscus Organic Raw Kombucha,31,7
9623,Sparkling Natural Spring Water,115,7
9631,Mesclun Salad,123,4
9644,Danimals Drinkable Yogurt Smoothie Strawberry Explosion & Strikin' Strawberry Kiwi,120,16
9666,Country Morning White Bread,112,3
9687,Grain Free Maple Granola,57,14
9689,Whole Hearts of Palm,81,15
9712,Fat Free Thousand Island Dressing,89,13
9741,Cheese Pizza,79,1
9748,Organic Roasted Lemon Thyme Hummus,51,13
9752,Lime Gelatin,105,13
9754,Hobnobs,61,19
9755,Original Popcorn,23,19
9756,Original Antacid & Pain Relief Tablets 36 Ct,70,11
9766,Avocado Oil Himalayan Salt Chips,107,19
9777,Triple Zero Banana Cream Greek Yogurt,120,16
9779,Shepherd's Pie,38,1
9803,Organic Vanilla Oat Beverage,91,16
9808,Organic Cottage Cheese,108,16
9810,100% Lactose Free 1% Lowfat Milk,91,16
9825,Organic Multigrain Waffles,52,1
9829,Pure Life Water,115,7
9838,Salted Whipped Butter,36,16
9839,Organic Broccoli,83,4
9844,Raspberry Iced Tea,94,7
9851,Everyday Fresh 85% Lean Ground Turkey,49,12
9881,Vegan Aged White Cheddar Flavor Puffs,107,19
9913,Garden Vegetable Salad Roll,13,20
9932,Natural Creamy Peanut Butter,88,13
9934,Organic Australian Style Vanilla Lowfat Yogurt,120,16
9944,Sixty Second Digital Thermometer,118,11
9952,Organic Maitake Mushrooms,83,4
9955,Unsweetened Organic Coconut Milk,91,16
10006,Low Sodium Refried Black Beans,59,15
10009,Chunk Light Tuna In Vegetable Oil,95,15
10017,Tilapia Filet,39,12
10032,Cola Soft Drink,77,7
10054,Kellogg's Nutri-Grain Apple Cinnamon Cereal,48,14
10063,Creamy Broccoli Cheddar Bisque,69,15
10070,Organic 1% Low Fat Milk,84,16
10089,Dolmas,13,20
10106,Honey & Maple Turkey Breast,96,20
10108,Artisan Sausage Pineapple Uncured Bacon Hardwood Smoked with Vermont Maple Syrup,24,4
10120,Mini Artisian Crackers Croccantini Roasted Garlic,78,19
10121,Wild Sockeye Salmon,15,12
10125,Yokids Organic Strawberry Banana Lowfat Yogurt Squeeze,120,16
10132,Organic American Cheese Singles,21,16
10133,Rockin Refuel Chocolate Protein Milk Beverage,65,11
10148,Superior Puerto Rican Rum,124,5
10151,Bolthouse Baby Carrots,123,4
10163,Roasted Red Pepper Hommus,67,20
10180,Popped Salted Caramel Granola Bars,3,19
10199,Watermelon Agave Frozen Pops,37,1
10212,Everything Inside Bagels,93,3
10243,Parchment Paper,85,17
10246,Organic Celery Hearts,83,4
10255,Clean Care Mega Rolls Toilet Paper,54,17
10266,Organic Olive Oil & Balsamic Vinaigrette,89,13
10275,Go-Gurt Strawberry Splash and Cool Cotton Candy Tubes,120,16
10278,Men's One Tablets - 30 CT,47,11
10288,Broccoli with Almond Soup,1,20
10290,Pancetta,96,20
10305,Black Plum,24,4
10310,Wheat Thins Original,78,19
10326,Organic Fuji Apples,24,4
10329,Broccoli & Carrots,123,4
10337,UDI'S GLUTEN FREE WHOLE GRAIN BREAD,112,3
10341,Organic Honey Green Tea Drink,94,7
10343,Teriyaki Chicken Bowl,38,1
10369,Organic Genoa Salami,96,20
10371,Wild Pink Salmon,95,15
10385,Organic English Cucumber,83,4
10387,Crinkle Cut Sweet Potato Fries with sea salt and black pepper,129,1
10402,Pronamel Gentle Whitening Toothpaste,20,11
10409,Essentials Organic Green Delight Juice,98,7
10447,Pearled Barley,63,9
10473,Half And Half Cream,53,16
10492,Coconut Milk,66,6
10498,Pancake & Baking Mix,130,14
10504,Yukon Gold Potatoes 5lb Bag,83,4
10509,Organic Animal Crackers,78,19
10514,Assorted Compostable Flatware,111,17
10527,Whipped Butter,36,16
10551,Banana Bread Fruit & Nut Bar,3,19
10565,Mellow White Miso,66,6
10603,93% Ground Beef,122,12
10605,Gluten Free White Bread,112,3
10613,Cut & Peeled Baby Carrots,123,4
10621,Organic Purple Kale,83,4
10644,Italian Extra Virgin Olive Oil,19,13
10652,Certified Organic 100% Pure Jojoba Oil,127,11
10655,Sparkling Seltzer Water,115,7
10656,Boneless Chicken Thighs,34,1
10673,Original Nooks & Crannies English Muffins,93,3
10702,California Red Wine,28,5
10706,Pizza,107,19
10710,"Tiny Twists Pretzels, Cheddar",107,19
10722,100& Whole Grain Ranch Crackers,78,19
10724,Dark Chocolate Coconut Almond Bark,45,19
10736,Chocolate Green SuperFood Infusion,47,11
10749,Organic Red Bell Pepper,83,4
10753,Peanut Butter Bar,3,19
10761,Organic Yokids Lemonade/Blueberry Variety Pack Yogurt Squeezers Tubes,120,16
10782,Spot's Stew Wild Salmon Recipe Cat Food,41,8
10787,Soft Flour Tortillas,128,3
10814,Applewood Smoked Bacon,106,12
10823,Original Velveeta Cheese,21,16
10826,Gluten Free Crackers Multigrain,78,19
10831,Yobaby Organic Plain Yogurt,120,16
10840,Blueberry Crisp Energy Bar,3,19
10851,Natural Alpine Spring Water,115,7
10862,Natural Chocolate Flavor Whey Protein Powder,65,11
10863,Grain Free Turkey & Salmon Formula Cat Food,41,8
10867,Delight Sea Salt Popcorn,23,19
10880,Grade A Cage Free Omega-3 Enriched Medium Eggs,86,16
10892,Baked Crunchy Cheese Flavored Snacks,107,19
10895,Mexican Finely Shredded Cheese,21,16
10941,Chocolate Chunk Brownie,61,19
10957,Fridge Pack Cola,77,7
10960,Nutritional Yeast Seasoning,104,13
10970,Chocolate Chip Cookie Mix,105,13
10978,Organic Tomato Puree,81,15
10992,Ultimate Flora Critical Care 50 Billion,70,11
10998,Yellow Corn Organic Tortillas,128,3
11020,Oatcakes,78,19
11050,Greener Masking Tape,100,21
11068,Medium Cheddar Cheese Block,21,16
11069,Organic Kale Pesto Hummus,67,20
11078,Macaroni Elbows,131,9
11080,Crustless Chicken Pot Pie,38,1
11081,Sweet Sliced Apples,123,4
11107,Organic Rice Ramen Millet & Brown,66,6
11109,Organic 4% Milk Fat Whole Milk Cottage Cheese,108,16
11123,Vitamin Water Zero Squeezed Lemonade,64,7
11129,Banana Bread Mix,105,13
11132,Organic Promise Berry Fruitful Cereal,121,14
11135,Organic Sliced Mushrooms,81,15
11140,Organic Romaine Leaf,123,4
11142,Simply Clean & Fresh HE Liquid Laundry Detergent Refreshing Breeze Scent,75,17
11158,Grands! with Cream Cheese Icing Cinnamon Rolls,105,13
11182,Baby Spinach,123,4
11193,Ancient Grain Blueberry Hemp Granola,57,14
11199,Organic California Sushi Rice,63,9
11233,100% Whole Wheat Pre-Sliced Sandwich Thins,43,3
11247,Shortbread Cookies,61,19
11250,Organic Hot Salsa,51,13
11261,Pure 100% Natural Canola Oil,19,13
11262,Extra Thick Whole Grain Rolled Oats,130,14
11265,100% Natural Diced Tomatoes,81,15
11309,Fancy Sliced Bamboo Shoots,66,6
11323,Medium Roast Extra Bold K-Cup Packs Coffee,26,7
11347,Men's Ultra Sensitive with Colloidal Oatmeal Shave Gel,55,11
11352,Organic Mini Sandwich Crackers Peanut Butter,78,19
11365,Leaf Spinach,32,4
11370,Multipack Star Wars,78,19
11383,Original Soda Crackers,78,19
11408,Crushed Tomatoes,81,15
11412,Fabric Softener Dryer Sheet Free & Gentle Fabric Enhancers,75,17
11421,Moroccan Mint Herbal Tea,94,7
11422,Plain Greek Yogurt,120,16
11440,Chicken Breast Tenders Breaded,129,1
11452,Honey Dijon Potato Chips,107,19
11454,Almond Butter Crunchy,88,13
11456,Sour Cream & Onion Flavored Potato Chips,107,19
11461,White Corn Tortillas,128,3
11471,Temptations Tasty Chicken Flavor Cat Treats,41,8
11481,Organic Quinoa & Brown Rice With Garlic,63,9
11488,Vegetable Oil & Nonfat Yogurt Spread,36,16
11497,"Crackers, Baked, Crispy Sea Salt",78,19
11499,Organic Lowfat Black Cherry Yogurt,120,16
11512,Honey Yoghurt,120,16
11520,Large Alfresco Eggs,86,16
11526,Napa Cabbage,83,4
11534,Organic After Dark Chocolate Frozen Nonfat Yogurt,37,1
11538,Organic Carrot Juice,31,7
11560,"Wild Kippers, Wild, Smoked",95,15
11563,Premium Romaine,123,4
11576,Corn Chips,107,19
11599,Clean Day Liquid Hand Soap Refill Basil Scent,25,11
11611,Strawberry Fruit Snacks,50,19
11619,Dairy Free Coconut Milk Chocolate Yogurt Alternative,120,16
11631,Mixed Berry Lowfat Yogurt,120,16
11636,Premium Green Tea Bags,94,7
11688,Lemon Fruit & Nut Food Bar,3,19
11707,Peanut Butter Chocolate Chip Macrobar,3,19
11710,Fresh Mozzarella Snacking Cheese,2,16
11712,Cage Free Large White Eggs,86,16
11725,Anti Gas Tab Ex St Permanent,70,11
11737,Organic Lemon Lowfat Yogurt,120,16
11742,Light Ranch Veggie Dip,67,20
11759,Organic Simply Naked Pita Chips,107,19
11773,Classic Roast Medium Ground Coffee,26,7
11776,Baked Sea Salt & Vinegar Potato Chips,107,19
11777,Red Raspberries,123,4
11782,Bing Cherries,24,4
11790,Natural Vanilla Marshmallows,17,13
11814,Ocean Whitefish,41,8
11819,Laundry Detergent Free & Clear,75,17
11826,Dark Chocolate Almond Milk,91,16
11865,Light & Lean Spaghetti Italiano with Meatless Meatballs,38,1
11869,String Cheese,21,16
11885,"Sparkling Water, Bottles",115,7
11926,Organic Cheddar Squares,78,19
11933,Grated Parmigiano Reggiano,2,16
11941,"Tortillas, Corn, Organic",128,3
11944,Danimals Smoothie Cotton Candy Flavor,120,16
11945,Organic Gluten & Wheat Free Homestyle Waffles,52,1
11974,Goat Milk Yogurt Vanilla,120,16
11977,Polly-O Mozzarella & Cheddar Cheeses Twists,21,16
11983,Simply 100 Strawberry Blended Non-Fat Greek Yogurt,120,16
11985,Buttermilk Pancakes,52,1
12011,12 Grain Bread,112,3
12013,Pinot Noir,28,5
12019,Wastebasket Liners Twist Tie 8 Gallon,60,17
12031,"Taco Seasoning, No. 4",104,13
12033,Raspberries Dark Chocolate Bar,45,19
12039,Organic Pear Juice,98,7
12058,Satsuma,100,21
12069,Organic Campari Cocktail Tomatoes,123,4
12078,Shredded Mexican Blend Cheese,21,16
12086,"Antibacterial Kitchen All Purpose Spray Cleaner, Lemon Fresh",114,17
12099,Honey Greek Yogurt,120,16
12109,Multigrain Waffles,52,1
12113,Corn Starch,17,13
12129,12 Oz Lager,27,5
12140,Diet Soda,77,7
12144,Gluten-Free Chicken Nuggets,34,1
12145,Tofu Miso Ramen,66,6
12149,Grade AA Extra Large Eggs,86,16
12163,Organic Coconut Bliss Frozen Dessert,37,1
12204,Vegetable Medley,116,1
12206,Basil Pesto,9,9
12207,Organic Cheddar & Broccoli Quinoa Squares,78,19
12211,Gluten Free Organic Taco Sliders Corn Tortillas,30,6
12212,Unscented 1000 Sheets Per Roll Bathroom Tissue,54,17
12218,Classic Wheat Bread,112,3
12246,Drink It Up Coconut Milk Natural Hawaiian Shampoo,22,11
12252,Organic Chocolate  Chip Cookie Vanilla Bean Ice Cream Sandwiches,37,1
12254,Organic Cherries,123,4
12258,Organic White English Muffins,93,3
12265,Complete Whitening + Scope Minty Fresh Toothpaste,20,11
12285,Chunk Light Tuna in Water Pouch,95,15
12288,Roasted Garlic Quinoa,63,9
12304,Caffe Mocha Iced Coffee,26,7
12312,Lavender Hand Soap,25,11
12315,Dairy Free Hazelnut Coconut Milk Creamer,91,16
12320,Organic Italian Herb Pasta Sauce,9,9
12341,Hass Avocados,32,4
12343,"Kale, Apple & Mango Pouch",92,18
12351,Smooth & Sweet Citrus Punch,31,7
12357,Purple Cauliflower,83,4
12369,"Popcorn, Naturally Sweet",100,21
12381,Bowls Tortilla Casserole & Black Beans,42,1
12384,Organic Lactose Free 1% Lowfat Milk,91,16
12385,"Vegetable Base, Organic",69,15
12392,Organic Love Crunch Granola Dark Chocolate & Red Berries,57,14
12395,Plain Goat Milk Yogurt,120,16
12409,Organic Distilled White Vinegar,19,13
12419,Organic Sage,16,4
12427,Original Beef Jerky,23,19
12440,California Lemonade,31,7
12442,Basil Dish Soap,74,17
12456,Organic Sunday Bacon,106,12
12463,Chicken Sausage 3 Cheese Italian Style,106,12
12464,Muscat Grapes,24,4
12467,Italian Dill Spears Hot,110,13
12480,Sliced Pancetta Americana,96,20
12481,Oreo Chocolate Sandwich Cookies,61,19
12487,Yellow American Cheese Singles,21,16
12493,100% Pure Grade A Dark Amber Maple Syrup,29,13
12513,Light Strawberries 'n Bananas Fat Free Yogurt,120,16
12551,Natural Stain Remover,75,17
12564,Rigatoni Pasta,131,9
12565,Family Pack Beef & Bean Chimichangas,38,1
12572,6 OZ LA PANZANELLA CROSTINI ORIGINAL CRACKERS,78,19
12576,Kiwi Sandia Sparkling Water,115,7
12579,Cashews,117,19
12583,Organic Gold Beets,83,4
12592,"Miso, Organic, Mellow, White",66,6
12597,Organic Bakery Tortillas Whole Spelt,128,3
12606,100% Natural Spring Water,115,7
12614,Yellow Grape Tomatoes,83,4
12624,Fresh Tomato & Basil Sauce,9,9
12659,Double Chocolate Chip Cookies with Dirty Mint Chip Ice Cream,37,1
12674,Cocoa Noir Cold Brew Coffee With Almondmilk,31,7
12679,Peppercorn Medley Grinder,104,13
12686,Organic Jalapeno Cilantro Hummus,67,20
12703,Organic Mung-Bean Sprouts,123,4
12731,Rice Sides Mushroom Side Meal,4,9
12743,Special K Chocolatey Delight Cereal,121,14
12745,"Yogurt, Lowfat, Strawberry",120,16
12748,Mexican Style Hominy,30,6
12756,Multigrain Oat Bread,112,3
12782,Bun Length Beef Franks,106,12
12791,Organic Protein Chewy Peanut Butter Chocolate Chip Granola Bars,3,19
12798,Organic Nine Grain,112,3
12816,"Heavy Duty 18\"" Aluminium Foil",85,17
12817,Original Baked Whole Grain Wheat Crackers,78,19
12845,Chopped Walnuts,117,19
12858,Pecan Pie Fruit & Nut Food Bar,3,19
12870,Citrus Soda,77,7
12872,Penne Rigate,131,9
12894,Honey Nut Chex Cereal,121,14
12899,Fresh Mozzarella All-Natural Sliced Cheese,21,16
12905,Adult Indoor Advantage Cat Food,41,8
12914,Corn Tortilla Chips,107,19
12916,Ginger Ale,77,7
12919,Coconut Sparkling Water,115,7
12932,Super Greens Veggie Burgers,42,1
12935,Organic Pasture Raised Brown Eggs,86,16
12962,Apricot Preserves,88,13
12980,Large Greenhouse Tomato,83,4
12986,Cinnamon Multigrain Cereal,121,14
13016,French Style Green Beans,116,1
13031,Pizza Roasted Vegetable No Cheese,79,1
13032,Cinnamon Toast Crunch,121,14
13049,Nonfat Plain Greek Yogurt,120,16
13079,Gluten Free Oatmeal Classic with Flax & Chia,130,14
13080,Organic Turmeric Ginger Tonic,31,7
13083,Lowfat Small Curd Cottage Cheese,108,16
13085,Organic Hot Cocoa Mix,64,7
13097,Fresh Cut Butternut Squash,32,4
13113,Organic Apple Juice Boxes,98,7
13129,"Delifresh Mesquite Turkey Breast, 98% Fat Free, Gluten Free",96,20
13143,Lavender Hand Sanitizer Wipes,25,11
13153,Aged Balsamic Vinegar of Modena,19,13
13166,"Organic Milk Reduced Fat, 2% Milkfat",84,16
13176,Bag of Organic Bananas,24,4
13178,Spicy Indian Veggie Burger,42,1
13194,Chewy Granola Bars Variety Pack,3,19
13198,85% Lean Ground Beef,122,12
13203,Natural Bliss Salted Caramel Flavor All-Natural Coffee Creamer,53,16
13208,No Salt Tomato Ketchup,72,13
13212,Ground Black Pepper,104,13
13219,Organic Unsweetened Plain Soymilk,91,16
13223,"Grape Seed Oil, All Natural",19,13
13249,Skim Milk,84,16
13263,Non Fat Acai & Mixed Berries Yogurt,120,16
13269,Oh My Yog! Pacific Coast Strawberry Trilayer Yogurt,120,16
13279,Fruitables Fruit & Vegetable Juice Strawbery Kiwi,98,7
13284,Parmesan Garlic & Herb Pita Chips,107,19
13292,"Juice Beverage, Cold Pressed, Kale Apple Ginger Romaine Spinach Cucumber Celery Parsley Lemon",31,7
13338,Gluten Free Smoked Gouda Mac and Cheese,38,1
13351,Total 0% Peach Yogurt,120,16
13380,Organic Blue Corn Tortilla Chips,107,19
13391,Perfect Pinch Italian Seasoning,104,13
13409,Dubliner Wedge Pre Cut Cheese,2,16
13424,Almonds,45,19
13425,Blueberry Bliss Luna Bar,3,19
13431,Flaky Biscuits,105,13
13440,Chili Garlic Sauce,66,6
13496,Tofu Shirataki,66,6
13499,Unsweetened Rose Green Tea,94,7
13512,Organic Smoked Chicken Breast,96,20
13514,Old Fashioned Apple Cider,98,7
13517,Whole Wheat Bread,112,3
13525,Balsamic Vinegar,19,13
13535,Organic Medium Salsa,51,13
13536,Shredded Parmesan Cheese,21,16
13539,Purify Coconut Water Cleansing Wipes,109,11
13549,Lavender Scent Surface Scrub,114,17
13554,Organic Gluten Free Dude Ranch Multigrain Snack Chips,107,19
13560,A+ Cinnamon Sweet Potato Pancakes,52,1
13565,No Salt Added Gluten-Free Blue Chips Made with Organic Blue Corn,107,19
13575,Apples,24,4
13605,Frosted berry Strawberry Toaster Pastries,48,14
13627,English Breakfast Tea Bags,94,7
13629,Organic Snipped Green Beans,83,4
13631,Bacon Cheddar Beef Burger,122,12
13636,100% Natural Diced Fire Roasted Tomatoes,81,15
13637,Salt & Vinegar Potato Chips,107,19
13639,Sliced Almonds,17,13
13641,Earl Grey  Black Tea Blend,94,7
13643,Zero Calorie Lemon Lime Soda,77,7
13646,Lemon Hummus,67,20
13660,Original Kombucha,94,7
13702,Good Seed Organic Thin Sliced Bread,112,3
13707,Essential Red,28,5
13709,Organic Dailt Vitamin Pops,45,19
13712,Cold Brew Coffee Double Espresso with Almond Milk,91,16
13733,Red Potatoes,83,4
13740,Organic Summer Strawberry Bunny Fruit Snacks,50,19
13776,Summer Strawberry Fruit Strip,50,19
13780,Thyme,16,4
13806,1% Milkfat Low Fat Vitamin A & D Milk,84,16
13807,Light and Lean Macaroni and Cheese,38,1
13819,Roasted Salted Cashews,117,19
13829,Mild Salsa,51,13
13830,Dark Chocolate Sauce,29,13
13838,Natural Free & Clear Dish Liquid,74,17
13848,Goat Cheese & Basil Ravioli,12,9
13851,Organic Classic Sea Salt  Oven Crinkles Fries,129,1
13852,Organic Broccoli Crown,83,4
13858,Organic All Stars Pasta In Tomato & Cheese Sauce,59,15
13870,Lightly Salted Baked Snap Pea Crisps,107,19
13874,Organic Pumpkin,17,13
13877,Smoked Salmon,15,12
13882,Goat Milk Yogurt Blueberry,120,16
13885,Caramel Cookie Crunch Gelato,37,1
13895,London Dry Gin England,124,5
13909,Jasmine Rice,63,9
13920,"Orange, Cherry, & Grape Ice Pops",37,1
13944,Pure Water,115,7
13945,2 in 1 Whitening Toothpaste,20,11
13951,Mixed Fruit Snacks,50,19
13974,Reduced Fat Creamy Peanut Butter Spread,88,13
13977,Caramel & Chocolate Milk Duds,45,19
13984,Organic Mint,16,4
13988,Snow Peas,83,4
13997,Braeburn Apple,24,4
14048,Lemon Twist Hummus,67,20
14050,Double Chocolate Chip Protein Bar,3,19
14084,Organic Unsweetened Vanilla Almond Milk,91,16
14104,Pike Place Roast Medium Keurig Brewed K-Cups,26,7
14117,Premium Traditional Homestyle Cream Style Corn,81,15
14118,Pretzel Bread Grilled Chicken with Jalapeno Cheddar Sandwiches,38,1
14126,Gluten and Dairy Free Rice Macaroni and Cheeze,38,1
14129,Organic Chicken Bone Broth,69,15
14140,Ultra Soft & Strong,54,17
14147,Sweet Cream Salted Butter,36,16
14159,Seedless Watermelon,24,4
14161,Kiwi,24,4
14165,Peanut Butter Candy,45,19
14168,Penne Pasta,131,9
14183,Fruit & Nutty Almonds Raisins Cranberries Pecans Granola,57,14
14195,63% Dark Chocolate Sea Salt & Nibs Bar,45,19
14197,Tomato Paste,9,9
14218,Grade A Large Eggs Cage Free Omega 3,86,16
14233,Natural Artesian Water,115,7
14240,Organic Sunflower Butter Chocolate Macrobar,3,19
14252,Coke Zero Diet Soda,77,7
14261,Snickers Candy Bars,45,19
14267,Organic Refried Black Beans,59,15
14302,Westfalia Red Ale,27,5
14309,Sprouted Pumpkin Seeds with Celtic Sea Salt,117,19
14312,Dark Chocolate Almonds,45,19
14318,Cran-Cherry Juice Drink,98,7
14335,Phish Food® Ice Cream,37,1
14356,Organic Trail Mix Pumpkin N Spice Flax Plus Chewy Granola Bars,3,19
14365,Whipped Mixed Berry Tub,108,16
14371,Organic Nonfat Milk,84,16
14379,BBQ Chicken Crispy Thin Crust Pizza,79,1
14381,Whole Grain Cheddar Baked Goldfish Crackers,78,19
14394,"Hello Morning Blueberry, Banana & Quinoa Oatmeal",92,18
14403,Gluten Free Breaded Chicken Nuggets,129,1
14421,Espresso Ground Coffee,26,7
14429,Organic Ground Black Pepper,104,13
14437,Total Greek Yogurt With Honey,120,16
14444,Smokehouse Almonds,117,19
14447,Chocolate Mint Builder's Bar,3,19
14462,Sliced Black Olives,110,13
14464,Dulce de Leche Caramel Ice Cream,37,1
14467,Sweet Baguette,112,3
14491,"Happy Baby Spinach, Mango, and Pear Baby Food",92,18
14519,Soothing Aloe Vera Moisturizing Body Wash,127,11
14536,Natural Goodness 33% Less Sodium Chicken Broth,69,15
14563,Puff Pastry Sheets,119,1
14576,Delights Turkey Sausage Egg Whites & Cheese English Muffin,52,1
14578,Dozen Roses,87,17
14582,Funfetti Premium Cake Mix With Candy Bits,105,13
14633,Veggie Chips,107,19
14634,Original Spread,36,16
14645,De Mexico,77,7
14650,Vanilla Whey Protein Powder,65,11
14651,Tommy/Kent/Keitt/Haden Mango,24,4
14678,Organic Frozen Peas,116,1
14689,Uncured Turkey Bacon,106,12
14697,All Natural 100% Juice Apple,98,7
14702,Maple Honey Ham,96,20
14704,Organic Bagged Valencia Oranges,24,4
14705,Pie Crusts,105,13
14708,Stoli Blueberi,124,5
14715,Coconut Water,98,7
14720,Gluten Free Mushroom Risotto Veggie Burgers,42,1
14726,"Mini 8\"" Italian Pizza Crusts",79,1
14764,Organic Sprouted Wheat Bagels,93,3
14766,Sparkling Grapefruit,77,7
14771,Non-Dairy French Vanilla Singles Creamer,53,16
14778,Organic Chocolate Chip Chewy Granola Bars,3,19
14780,Jalapeno Cilantro Salsa,51,13
14781,Dairy Free Lite Culinary Coconut Milk,91,16
14783,Chocolate Crunch Rice Cakes,78,19
14804,Organic Cream Of Chicken Soup,69,15
14805,Organic Strawberries & Wild Strawberries Fruit Spread,88,13
14833,Sweet Rejuvenation Cashew Butter Macrobar,3,19
14852,All Natural Marinara Sauce,9,9
14853,Organic Oat Non-Dairy Original Beverage,91,16
14858,Multigrain Pita Chips,107,19
14862,Aged White Cheddar Puffs Cheese Snacks,23,19
14867,Honey Bunny Grahams,61,19
14870,Icelandic Style Fat Free Plain Yogurt,120,16
14872,All Natural Powder Cleanser,114,17
14875,Soft & Smooth Whole Grain White Bread,112,3
14881,Organic Yukon Select Fries,129,1
14891,Black Coffee,26,7
14896,Organic Gluten-Free Chocolate Chip Cookies,61,19
14897,Sweet Potato Yam,83,4
14901,Raisins,117,19
14945,Egg & Smoked Gouda Multi-Grain Flatbread Breakfast Sandwich,52,1
14947,Pure Sparkling Water,115,7
14952,Sweet & Crunchy Salad Blend,123,4
14959,Decaffeinated Earl Grey Tea,94,7
14976,Organic Paprika,104,13
14992,Green Beans,83,4
14996,Ruby Red Grapefruit,31,7
14999,Grade A Large Brown Eggs,86,16
15008,Chocolate Hazelnut Butter,88,13
15011,"Pita Chips, Simply Naked",107,19
15021,Chunky Chili Mac Soup,100,21
15040,Organic Acorn Squash,83,4
15050,Fresh Alfredo,9,9
15053,Lowfat Pomegranate Kefir Probiotic Cultured Milk Smoothie,120,16
15057,Fresh Care Flushable Cleansing Cloths Refills,54,17
15070,Low Fat Vanilla Non Dairy Yogurt,120,16
15096,Cheddar Tortilla Chips,107,19
15097,Light Mayonnaise,72,13
15100,Fresh Spinach,123,4
15109,Eggo Blueberry Waffles Family Pack,52,1
15110,Spry Chewing Gum With Xylitol Green Tea,46,19
15120,Classic Vanilla Yogurt,120,16
15123,Gluten Free Fudge Covered Pretzels,45,19
15130,Fresh Cut Baby Carrots,123,4
15146,Vanilla Rice Drink,91,16
15153,Blue Machine Boosted 100% Juice Smoothie,31,7
15200,Organic Green Beans,83,4
15261,Organic Rosemary,16,4
15285,Lowfat Cottage Cheese,108,16
15290,Orange Bell Pepper,83,4
15322,Sriracha Chicken Big Burrito,38,1
15344,Supreme Party Pizza,79,1
15359,All Purpose Flour,17,13
15384,Cooked Chocolate Pudding And Pie Filling Mix,105,13
15386,Whole Grain White Corn Salted Tortilla Chips,107,19
15392,Organic Mayonnaise,72,13
15399,"Almondmilk Creamer, Vanilla",91,16
15405,Pacific Northwest Wild Albacore Tuna,95,15
15412,Chicken Flavor Ramen Noodles,4,9
15424,Purified Water,115,7
15438,"Mayonnaise, Classic",72,13
15455,Organic Extra Virgin Oil Olive,19,13
15485,Green Tea Bags,94,7
15489,Curiously Strong Mints Peppermint,46,19
15516,Sesame Tahini,88,13
15528,Pure Madagascar Vanilla Extract,17,13
15541,Original Almondmilk,91,16
15547,Habanero & Green Chile Smoked Chicken Sausage,106,12
15567,Crunchy Chickpeas Falafel,50,19
15569,Perfect Pinch Lemon & Pepper Seasoning,104,13
15575,Organic Strawberry Coconut Milk Yogurt,120,16
15592,Organic Baby Romaine Lettuce,123,4
15599,Naturally Hickory Smoked Thick Cut Bacon,106,12
15602,Egg Matzos,33,6
15604,Fat Free Plain Yogurt,120,16
15613,Salted Tub of Butter,36,16
15630,Organic Fat Free Refried Pinto Beans,59,15
15643,Peachier-O's Gummi Candy,45,19
15649,Baby Seedless Cucumbers,83,4
15650,Crunchy Peanut Butter Granola,3,19
15655,Dark Chocolate Mint Snacking Chocolate,45,19
15663,Mac and Cheese Shells & White Cheddar Cheese,4,9
15664,Tomatoes Sauce,81,15
15685,Luxurious Moisture for Dry or Damaged Hair Conditioner,22,11
15693,Organic Peach Oo La Long Tea,94,7
15700,Cheddar Cheese Nut Thins Cracker Snacks,78,19
15716,Packets No Calorie Sweetener,17,13
15752,Italian Style Bread Crumbs,5,13
15758,Organic Hachiya Persimmons,24,4
15763,PastaJoy Brown Rice Pasta Elbow,131,9
15803,Organic Sweet Potato Puree,17,13
15836,Butter Streusel Coffee Cake,119,1
15842,Dairy Free Coconut Milk Yogurt Alternative,120,16
15872,Celery Hearts,83,4
15891,Barbecue Sauce,5,13
15892,Veggie Dogs,14,20
15902,100 Calorie  Per Bag Popcorn,23,19
15913,Ranch Veggie Dip,67,20
15925,Macaroni and Cheese,38,1
15937,Shallot,83,4
15945,Freshly Shredded Parmesan Cheese,21,16
15958,Ultra Deodorant Spray,126,11
15979,Extra Sharp Cheddar Cheese Block,21,16
15984,Almond Milk Blueberry Yogurt,120,16
15995,Organic Cinnamon Apple Sauce,99,15
15998,Potato Hamburger Buns,43,3
16001,Coffee Mexican Vanilla,26,7
16004,"Cheese, Provolone",21,16
16014,Barbeque Potato,107,19
16020,Original Crescent Rolls,105,13
16040,Balsamic Vinegar from Modena,19,13
16056,Candy Canes Red & White Mint Canes,45,19
16083,Organic Large Brown Eggs,86,16
16096,Filet Mignon Canine Cuisine Wet Dog Food,40,8
16097,Total with Cherry Greek Strained Yogurt,120,16
16101,Plain Brownies,45,19
16139,Clara,27,5
16143,Chocolate Chunk Cookies,61,19
16145,Organic Cannellini Beans,59,15
16148,Mozzarella Sticks With Marinara Sauce,129,1
16168,Large Organic Omega3 Brown Eggs,86,16
16178,Soup Chicken Tortilla,1,20
16185,Sharp Cheddar Cheese,21,16
16198,Natural Uncured Turkey Hot Dog,106,12
16223,Four Cheese Crispy Thin Crust Pizza,79,1
16234,Vitamin D Organic Milk,84,16
16249,Lacinato Kale Og,83,4
16254,ZBar Organic Chocolate Brownie Energy Snack,3,19
16262,Everything Bagels,93,3
16278,Organic Delicata Squash,83,4
16283,Fresh Asparagus,83,4
16291,Organic Extra Large Brown Omega 3 Eggs,86,16
16295,Traditional Medicinals Cold Care Seasonal Sampler,94,7
16325,Turmeric,104,13
16349,Organic Yams,83,4
16367,99% Aloe Vera Gelly,25,11
16384,Just Mangos Organic Baby Food,92,18
16385,Sweet Ground Baking Cocoa,17,13
16387,Cold-Pressed Organic Grapefruit,98,7
16398,Guava Goddess Organic Kambucha,31,7
16419,Sweet Sliced Bread,112,3
16462,Ready-to-Bake 9 Inch Pie Crusts,105,13
16464,Sweet & Salty Nut Almond Granola Bars,3,19
16479,"Fruit Spread, Deluxe, Strawberry",88,13
16490,Old Fashioned Whole Wheat Bread,112,3
16494,Double Zipper Gallon Freezer Bags,85,17
16495,Original Gluten Free 1/3 Lb Burgers,34,1
16518,Tropicals Sugar Free 1.65 fl oz Ice Pops,37,1
16521,Walnut Halves & Pieces,117,19
16525,Organic Chopped Garlic,81,15
16540,Chicken Ceasar Wrap,1,20
16554,Milk & Honey Body Lotion,25,11
16560,Organic Stage 2 Carrots Baby Food,92,18
16570,Organic Fresh Carrot Chips,123,4
16589,Plantain Chips,107,19
16595,"2% Cottage Cheese, Small Curd",50,19
16607,Whole Grains Health Nut Bread,112,3
16616,Organic Sliced White Mushrooms,123,4
16622,Blonde Macaroons,61,19
16665,Banana Bread Sprouted Bar,3,19
16668,Bamba Peanut Snack,33,6
16696,Coke Classic,77,7
16715,Organic Lowfat Plain Unsweetened Kefir,120,16
16726,Roasted Red Chili Paste,66,6
16732,Peanut Milk Chocolate XXL Bag,45,19
16759,Organic Carrot Bunch,83,4
16768,100% Lactose Free Reduced Fat Calcium Enriched Milk,91,16
16797,Strawberries,24,4
16823,Organic Beef Broth,69,15
16830,Le Gruyere Cheese,2,16
16837,Organic Mushroom Chef S Sampler,123,4
16868,Sonoma Yellow Corn Organic Tortillas,128,3
16869,Automatic Dishwasher Tablets Citrus - 25 CT,74,17
16874,Chocolate Fudge Brownie Ice Cream,37,1
16882,Baby Spring Mix,123,4
16953,Creamy Peanut Butter,88,13
16959,Toilet Paper Double Rolls - 24 CT,54,17
16961,45 Calories & Delightful Healthy Multi-Grain Bread,112,3
16965,Chocolate Ice Cream,37,1
17008,Shredded Sharp Cheddar Cheese,21,16
17009,Organic Whole Grain Tri-Color Quinoa,63,9
17010,Creamy Chicken Flavor Rice Sides,4,9
17015,"Hypoallergenic Laundry Detergent, 32 Loads",75,17
17017,Organico Bello Marinara Pasta Sauce,9,9
17021,Baked Mini Beef Meatballs,34,1
17027,Avocado Roll,13,20
17029,Fruit Roll-Ups Strawberry Sensation Fruit Flavored Snacks,50,19
17038,Wasabi Roasted Seaweed Snacks,66,6
17040,Classic Roast Instant Coffee Crystals,26,7
17044,French Baguette,112,3
17122,Honeycrisp Apples,24,4
17131,Cold-Pressed Organic Apple,31,7
17140,3D White Radiant Mint Flavor Whitening Toothpaste,20,11
17149,Gluten Free Chicken Breast Tenders,34,1
17151,Honey Maid Cinnamon Grahams,78,19
17163,Vitamin A & D Fat Free Milk,84,16
17181,Natural Goddess Dressing,89,13
17183,Peach Yoghurt,120,16
17191,Tangerine,77,7
17200,Wild Blueberry Preserves,88,13
17207,Non Fat Greek Yogurt,120,16
17213,Organic Montebello Tagliatelle Italian Pasta,131,9
17224,Oats & Honey Gluten Free Granola,3,19
17231,Sprouted Sunflower Seeds,117,19
17258,Moisture Rich Shampoo,22,11
17264,Stand 'n Stuff Taco Shells,30,6
17286,"9\"" Apple Pie",8,3
17304,Powdered Peanut Butter,88,13
17306,Pineapple Contour Soda,77,7
17316,Vitamin D Organic Whole Milk,84,16
17332,Flaked Skipjack Tuna Cat Food,41,8
17333,"Kombucha, Organic Raw, Lavender No. 3",31,7
17338,Vanilla Swiss Almond Ice Cream,37,1
17341,Presliced Everything Bagels,93,3
17352,100% Whole Wheat English Muffin 6 Ct,93,3
17355,Compostable Coffee Filters,26,7
17375,Organic Cornstarch,17,13
17419,Sprouted Whole Wheat Bread,112,3
17429,Jalapeno Hummus,67,20
17454,Organic 90% Ground Beef,7,12
17461,Air Chilled Organic Boneless Skinless Chicken Breasts,35,12
17468,Raw Almonds,117,19
17469,Lo-Carb Energy Drink,64,7
17485,Organic Coconut Banana Bite,50,19
17487,Orange Juice 100% Juice,31,7
17518,Apple Cinnamon Cheerios Cereal,121,14
17526,70% Dark Chocolate Salted Almond Bar,45,19
17553,Lowfat Blueberry Yogurt,120,16
17568,Pitted Prunes,117,19
17579,Cream Top Strawberry on the Bottom Yogurt,120,16
17584,Southwest Style Strips,14,20
17597,Disney Frozen Adhesive Bandages,118,11
17600,"YoKids Squeezers Organic Low-Fat Yogurt, Strawberry",120,16
17601,Peppermint Caffeine Free Herbal Tea Bags,94,7
17615,Calcium Pulp Free Orange Juice,31,7
17616,Goldfish Cheddar Baked Snack Crackers,78,19
17619,Premium Fish Sauce,66,6
17630,YoKids Squeeze! Organic Strawberry Flavor Yogurt,120,16
17634,Chick Peas,59,15
17638,Vanilla Coffee Concentrate,26,7
17652,Air Chilled Breaded Chicken Breast Nuggets,129,1
17664,Citrus Hops Kombucha,31,7
17666,Fettuccine,12,9
17668,Unsweetened Chocolate Almond Breeze Almond Milk,91,16
17689,Peach Tea,94,7
17691,Vanilla Yogurt,120,16
17704,Lemons,123,4
17706,Organic Whole Grain Wheat English Muffins,93,3
17708,Organic Corn Tortillas,128,3
17730,Peanut Toffee Buzz Energy Bar,3,19
17738,Organic Peach Oatmeal Banana Stage 2 Baby Food,92,18
17744,Dark Chocolate  with A Touch Of Sea Salt,45,19
17746,Stewed Italian Recipe Tomatoes,81,15
17752,Living Mint,16,4
17758,Strawberry Rhubarb Yoghurt,120,16
17766,Grain Free Turkey Formula Cat Food,41,8
17771,Lime Flavored Flavored Sparkling Water,115,7
17789,Soy Free Buttery Spread,91,16
17794,Carrots,83,4
17795,Organic Green Leaf Lettuce,83,4
17807,Gluten Free Blueberry Waffles,52,1
17825,Lowfat 1% Milk,84,16
17828,Organic Spinach & Feta Dinner Sausage,106,12
17830,Premium Organic Strawberry Spread,88,13
17835,Thin & Light Tortilla Chips,107,19
17847,Carob Chip,3,19
17858,Everyday 2 Ply Premium Napkins,54,17
17862,Minced Garlic,81,15
17871,Grade A Goat Milk,84,16
17872,Total 2% Lowfat Plain Greek Yogurt,120,16
17878,Grilled Chicken Breast Strips,49,12
17902,Liquid Egg Whites,86,16
17920,Shredded Almond Mozzarella Cheese,21,16
17931,Reduced Fat Crackers,78,19
17944,Organic Micro Greens Sprouts,83,4
17948,Frozen Organic Wild Blueberries,116,1
17949,Mild Cheddar Cheese Sticks,21,16
17956,Cocoa Powder,90,7
17964,Healthy Kids Organic Nutritional Shake Strawberry,92,18
17985,Uncooked Medium Flour Tortillas,128,3
17995,Scented Wax Melts Refill 8 ct - Hawaiian Breeze,101,17
18011,Espresso Dark Roast Ground Coffee,26,7
18019,Macaroni & Cheese Dinner Original Flavor,4,9
18027,Ezekiel 4:9 Bread Organic Sprouted Whole Grain,112,3
18037,Organic Sprouted Wheat Sesame Bagels,93,3
18072,Organic Gluten Free Elbow Pasta,131,9
18090,Organic Large White Flesh Peach,24,4
18110,Rice Crackers Sesame,78,19
18113,Gluten Free Cracklebred Multigrain,78,19
18140,Organic Fresh Pressed Pure Cranberry Juice,98,7
18150,Oatmeal Raisin Cookies,61,19
18152,Liquid Teething Relief,6,2
18159,Organic Biologique Limes,123,4
18171,Natural Sunflower Spread,88,13
18176,Organic Strawberry Yogurt & Fruit Snack,92,18
18200,Aged White Cheddar Gluten-Free Baked Rice And Corn Puffs,107,19
18205,Peanut Butter Gluten Free Breakfast Bars,48,14
18211,Special Reserve Extra Sharp Cheddar,21,16
18218,Garden Salad,123,4
18224,Organic Low Fat Plain Yogurt,120,16
18232,Beef Skirt Steak,122,12
18234,Organic Spinach Bunch,83,4
18246,Gluten-Free Butter Shortbread with Agave Syrup,61,19
18249,Ancient Grains Penne Rigate,131,9
18272,Slices Cheddar Cheese,21,16
18281,Popped Dark Chocolate with Sea Salt Granola Bar,3,19
18285,Cinnamon French Toaster Sticks,52,1
18286,"Ramen, Vegan, Miso",69,15
18288,Sea Salt Potato Chips,107,19
18296,Natural Applesauce,99,15
18339,100% Lemon Juice,98,7
18362,Organic Bread with 21 Whole Grains,112,3
18370,Organic Shredded Mozzarella,21,16
18373,Island Teriyaki,5,13
18382,Saltine Crackers,78,19
18385,Gourmet Mochi Ice Cream Bonbons,37,1
18394,Asian Chopped Salad with Dressing,123,4
18404,Marlborough Sauvignon Blanc Wine,62,5
18409,Outrageous B & B Pickles,110,13
18418,Ginger Ale Soda,77,7
18434,Organic Whole Crimini Mushrooms,83,4
18441,Organic Ketchup,72,13
18451,Sea Salt Popped Corn Chips,23,19
18465,Organic Grade A Free Range Large Brown Eggs,86,16
18471,Organic Light Agave Nectar,29,13
18479,Organic Low Sodium Vegetable Broth,69,15
18487,Apples & Blueberries Stage 2 Baby Food,92,18
18503,Light Cream,53,16
18510,Peppermint Mocha Cold Brew Coffee With Almond Milk,26,7
18516,Center Cut Thick Sliced Bacon,106,12
18523,Total 2% All Natural Greek Strained Yogurt with Honey,120,16
18531,Organic Heavy Whipping Cream,53,16
18534,Grade A Extra Large Eggs,86,16
18564,Diet Ginger Ale All Natural Soda,77,7
18567,Low Fat No Chicken Noodle Soup,69,15
18581,Organic 14 Grain Bread,112,3
18594,Emmentaler Swiss Slices,21,16
18596,Stackers Bread & Butter Pickle Slices,110,13
18599,Garlic Couscous,4,9
18606,Moroccan Mint Green Tea,94,7
18610,Cola Soda,77,7
18625,Black Beans Refried Beans,59,15
18656,Organic Red Potato,83,4
18659,Flour Tortilla,128,3
18670,Original Enriched Rice Drink,91,16
18677,"Minis, Coconut Milk, Non-Dairy Frozen Dessert, no sugar added Vanilla Bar",37,1
18689,Dairy-Free Chive Cream Cheese,108,16
18691,Tofu Scramble Pocket Sandwich,52,1
18721,"Baked Rice and Corn Puffs, Aged White Cheddar",107,19
18722,100% Organic All-Natural Dried Pineapple,117,19
18762,Scented Oil Warmer,101,17
18765,Santa Fe Barbecue Rice Chips MWO Rice Chips,107,19
18770,Uncured Italian Dry Salami,96,20
18804,Belgian Style White Beer,27,5
18811,Organic Apple Juice,98,7
18828,Organic Mint Tereré Yerba Mate Blend,94,7
18829,Dairy Free Grated Parmesan Style Topping,91,16
18880,Organic Free Range Low Sodium Chicken Broth,69,15
18881,Coconut Milk Vanilla Frozen Dessert,37,1
18891,Classic Almond Butter All Natural,88,13
18908,Pizza Dough,58,1
18918,Organic Chopped Spinach,116,1
18923,Organic Minestrone Soup,1,20
18926,Fat Free Strawberry Yogurt,120,16
18963,Apple Cider Vinegar,19,13
18980,Organic Whole Milk Plain Greek Yogurt,120,16
18988,Ultra Soft & Strong® Toilet Paper Double Rolls,54,17
18993,Organic Cashew Caramel Macrobar,3,19
18998,Complete ActionPacs Fresh Scent Dishwasher Detergent,74,17
19005,Jet-Puffed Marshmallows,17,13
19006,Dark Chocolate Pretzels with Sea Salt,107,19
19019,Uncured Slow Cooked Ham,96,20
19048,Organic Butternut Squash,83,4
19051,"Pita Chips, Simply Naked, Party Size",107,19
19057,Organic Large Extra Fancy Fuji Apple,24,4
19061,Asparagus Tips,83,4
19068,Boneless And Skinless Chicken Breast,35,12
19070,Fantastik Bleach 5-in-1 All Purpose Cleaner,114,17
19076,Rich & Hearty Chicken & Homestyle Noodles Soup,69,15
19087,Wicked Fresh! Mouthwash - Cool Mountain Mint,20,11
19095,Creamy Four Cheese,4,9
19101,"Quinoa, Kale & Red Lentil Soup",1,20
19106,Red Pear,24,4
19125,Extra Ginger Brew Jamaican Style Ginger Beer,77,7
19134,Crunchy Variety Pack Granola,48,14
19145,Dairy Pure Whole Milk,84,16
19146,Vegetarian Organic Pinto Beans,59,15
19154,Coconut Fruit Bars,37,1
19155,Organic 1% Lowfat Milk,84,16
19156,Fat Free Blueberry Yogurt,120,16
19160,Cake Pans,10,17
19162,Organic Sesame Tahini,72,13
19165,100% Egg Whites,86,16
19167,Premium Cape Cod Fresh Cranberries,123,4
19174,Chicken Enchilada Bowl,38,1
19204,Organic Heritage Flakes Cereal,121,14
19218,Lemon Real Brewed Tea,94,7
19239,Organic Passion Terere Yerba Mate,94,7
19240,Organic Fuji Red Apple Chips,107,19
19250,"Fruit Spread, Organic, Strawberry",88,13
19261,Rocky Mountain Sourdough Bread,112,3
19283,"Brussels Sprouts, Sprout Halves, Quick Cook",123,4
19309,Simply Granola Oats Honey Almond Cereal,57,14
19311,Almond Flour Tortillas,128,3
19322,Original Flax Milk Dairy Free Protein+,91,16
19333,Select 100% Whole Wheat Sandwich Rolls,43,3
19340,Whole Wheat Pre-Sliced Mini Bagels,93,3
19348,Fat Free Milk,84,16
19350,"Yogurt, Lowfat, Organic, Vanilla Bean",120,16
19354,Yo Baby Organic Vanilla Yogurt,120,16
19370,Roasted Tomato Salsa,51,13
19382,Crunch Granola Bar Chocolate Chip,3,19
19389,Shredded Low-Moisture Part-Skim Mozzarella Cheese,21,16
19402,Sweet Orange Marmalade,88,13
19415,Roasted Tomato Salsa Serrano-Tomatillo,51,13
19429,Garlic Chicken White Pizza Frozen Sandwiches,38,1
19443,Dark Chocolate Cherry Cashew Plus Antioxidants Bars,3,19
19445,French Lavender All-Purpose Natural Surface Cleaner,114,17
19446,Thick & Chunky Salsa,67,20
19449,Fat Free Vitamin A & D Milk,84,16
19451,Comforting Chamomile Tea,94,7
19455,Ndali Vanilla Bean Ice Cream,37,1
19457,Organic One Ingredient Peanut Butter,88,13
19468,Classic Yellow Mustard,72,13
19472,Mild Curry Paste,76,6
19478,Organic Marinara Pasta Sauce,9,9
19480,Vegetable Stock,69,15
19488,Select-A-Size White Paper Towels,54,17
19503,Udon Soup Bowl,66,6
19505,Sliced Mushrooms,83,4
19508,Corn Tortillas,128,3
19519,Organic Bay Leaves,104,13
19546,Port Wine Spreadable Cheese,21,16
19570,Sunburst Tangerine,24,4
19575,Cultured Soy Vanilla Yogurt,120,16
19578,Ultra Comfort Care Clean Ripple Bath Tissue,54,17
19585,Twinkies,61,19
19586,Lemon-Lime Tablets,70,11
19604,Medium Scarlet Raspberries,24,4
19625,Organic Chicken & Vegetable Potstickers,129,1
19627,Butternut Squash Pear Stage 2 Baby Food,92,18
19660,Spring Water,115,7
19677,Original Pure Creamy Almond Milk,91,16
19678,Organic Russet Potato,83,4
19688,Creamy with Tuna & Vegetables Cat Food,41,8
19691,Green Seedless Grapes,32,4
19701,Thin & Crispy Spinach & Garlic Pizza,79,1
19702,Original Black Tea Brew Kombucha,31,7
19706,Organic Nectarine,24,4
19727,Frozen Strawberry Dippers,119,1
19734,Classic Mix Variety,107,19
19736,Rosemary Crackers,78,19
19765,Rice & Wild Rice Original Rice & Seasoning Mix,63,9
19766,Ultra Thin Slices Swiss Cheese,21,16
19803,Sparking Brut Classic Wine,134,5
19808,Moroccan Infusion Color Care Conditioner,22,11
19816,Sonoma Traditional Flour Tortillas 10 Count,128,3
19836,Original Breakfast Sausage Links,106,12
19845,Dandelion Leaf & Root Tea,94,7
19862,Organic Brown Rice Snaps Unsalted Plain,78,19
19863,Classic Potato Chips,107,19
19871,Fruit Roll Ups Variety Fruit Flavored Snacks,50,19
19886,Kidney Beans,59,15
19887,Unsweetened Vanilla Almond Breeze,91,16
19893,Almond Breeze Almond Coconut Milk,91,16
19894,Enlightened Organic Raw Kombucha,31,7
19895,Sliced Prosciutto,96,20
19910,Old Fashioned Nutty Chunky Peanut Butter,88,13
19933,Crescent Butter Flake Dinner Rolls,105,13
19938,Extra Wide Egg Noodles,131,9
19942,Aged Balsamic Vinegar Of Modena,19,13
19970,Gourmet Mochi Ice Cream Vanilla Bonbons,37,1
20009,Mild Pico De Gallo Bean and Rice Chips,107,19
20015,Grandma's Hummus,67,20
20019,Lowfat Kefir Smoothie Blueberry,120,16
20042,Homemade Pizza Sauce,9,9
20052,Organic Cinnamon Sticks,104,13
20063,"Hazelnuts in Milk Chocolate, 33% Cocoa",45,19
20082,Organic Whole Milk with DHA Omega-3,84,16
20084,Pineapple Apple Mint Organic Cold Pressed Juicd,31,7
20105,Shaving Blade Cartridges,55,11
20113,Organic Gluten Free Buckwheat Wildberry Waffles,52,1
20114,Jalapeno Peppers,83,4
20118,Krinkle Cut Sea Salt Potato Chips,107,19
20119,Sparkling Water Berry,115,7
20126,Salt,104,13
20132,Korean Stir Fry Simmer Sauce,66,6
20156,Mixed Berry Yogurt,120,16
20158,Tofu Firm,14,20
20161,100% Liquid Egg Whites,86,16
20178,Organic Quinoa Dark Chocolate Bar,45,19
20197,Natural Muenster Cheese Slices,21,16
20208,Savory Chicken in Gravy Cat Food,41,8
20225,Acidophilus Probiotic Tablets - 100 CT,47,11
20227,G Series Performance Cool Blue Sports Drink,64,7
20246,Lite Cheese Presliced Bonus Pack,21,16
20253,Raspberry Danish Twist,61,19
20280,Jumbo Lump Crab Cake,39,12
20286,Drawstring Tall Kitchen Bags,60,17
20323,Strained Tomatoes,81,15
20324,Lavender Harvest Aromatherapy Mist,101,17
20327,Organic All Natural Blueberry Mini Waffles,52,1
20345,Thin Crust Pepperoni Pizza,79,1
20361,Winterfrost Sugar-Free Gum,46,19
20367,Natural Mint Gum,46,19
20378,Chicken Broth,69,15
20382,Natural Honey Peanut Butter,88,13
20395,Smoked Turkey Bacon,106,12
20413,Berry Pomegranate Chia Energy Bar,3,19
20424,Chicken Curry,13,20
20448,Organic Raisins,117,19
20502,Singles 2% Milk American Cheese Slices,21,16
20512,Original Cereal,121,14
20518,"Club Delight Sausage, Egg, & Cheese Sandwiches",106,12
20520,Mild Diced Green Chiles,81,15
20536,Organic 100% Whole Wheat No. 4 Spaghetti,131,9
20542,Lime Ginger Lemon Agave,31,7
20549,Organic Orzo,131,9
20561,Brownberry 100% 12 Grain Bread,112,3
20574,Roasted Turkey,96,20
20577,Bread Rolls,43,3
20580,Original Real Vegetable Chips,107,19
20583,Sourdough Baguette,112,3
20588,Vegan Buttery Sticks,91,16
20589,Veggie Bologna Deli Slices,14,20
20590,Disinfecting Wipes Fresh Scent,114,17
20591,Italian Bread,112,3
20597,Chocolate Vanilla Mochi Ice Cream,37,1
20600,Sweet & Salty Kettlecorn,23,19
20608,Grapeseed Oil,19,13
20628,Cilantro Chili,67,20
20632,Mache Rosettes French Salad Mix,123,4
20638,Coconut Sugar Pure & Unrefined,17,13
20641,Pop Tarts Variety Pack,48,14
20670,Organic Lentil Vegetable Soup,69,15
20682,Cinnamon Raisin Swirl Pre-Sliced Bagels,93,3
20693,100% Recycled Facial Tissue,54,17
20697,Organic Pure Lime Juice,98,7
20704,Brut,134,5
20711,Choose-A-Size White Paper Towels 8 Giant Rolls,54,17
20734,Organic Medjool Dates,117,19
20736,Celery Root,83,4
20738,Plain Bagels,93,3
20754,Mediterranean Mint Gelato,37,1
20757,Say Cheese! Crispy Whole Grain Baked Crackers,78,19
20764,Organic Chocolate Animal Cookies,61,19
20765,Steel Wool Soap Pads Lemon Fresh Scent - 10 CT,114,17
20768,Flushable Moist Wipes Refill,54,17
20779,Pearl Super Absorbency Unscented Tampons,126,11
20791,Bedtime Tea,94,7
20794,"Kombucha, Organic Raw, Citrus",31,7
20802,for Tots Apple Juice,98,7
20834,Sprouted 7 Grain Hamburger Rolls,43,3
20842,Total 0% Greek Yogurt,120,16
20866,White Corn Chip Bowls,107,19
20876,Crunchy Peanut Butter Energy Bar,3,19
20878,French Lavender Hand Soap,25,11
20899,Goo Berry Pie Probugs Kefir,120,16
20904,California Roll Sushi,13,20
20906,"Rice and Corn Puffs, Baked, Veggie",23,19
20915,Mozzarella Light Low Moisture Part Skim String Cheese,21,16
20919,Baby Spinach Salad,123,4
20920,Sage,16,4
20940,Organic Low Fat Milk,84,16
20943,Gluten Free Apple Cinnamon Waffles,52,1
20947,Passionberry Bliss Kombucha Drink,31,7
20955,Cereal,121,14
20957,Whole Grain Rice Cereal,92,18
20995,Organic Broccoli Florets,116,1
21009,"Crispy Wheat, Crackers",78,19
21011,Condensed Cream of Chicken Soup,69,15
21019,Roasted Red Pepper Hummus,67,20
21025,Lasagna Pans,10,17
21027,Organic Hazelnuts,117,19
21053,Almond Snack Crackers,78,19
21057,Organic Brown Rice Spaghetti,131,9
21063,"Oscar Mayer P3 Medleys Cranberries, Sc Cheese, Cashew 2.1 Oz",117,19
21067,Reduced Fat Sliced Provolone Cheese,21,16
21077,Cara Cara Navel Orange,24,4
21100,Peanut Chocolate Candy,45,19
21115,Oikos Greek Vanilla Yogurt,120,16
21137,Organic Strawberries,24,4
21139,Awake English Breakfast Black Tea K-Cups,94,7
21153,Farmhouse Oatmeal Hearty Sliced Bread,112,3
21162,Organic Mixed Berry Yogurt & Fruit Snack,92,18
21174,I Heart Baby Kale,123,4
21179,Tall Kitchen 13 Gallon Drawstring Bags,60,17
21183,Organic Gold Beet Bunch,83,4
21194,Chickpeas! Pasta Shells,131,9
21195,Organic Extra Virgin Olive Oil,19,13
21198,Coconut Milk Non Dairy Frozen Dessert No Sugar Added Mint Chip,37,1
21203,Carrot Juice Organic Pure Originals,31,7
21227,Smart Dogs Veggie Hot Dogs,14,20
21230,Organic Himalayan Pink Popcorn,23,19
21243,Simple Favorites Chicken Fettuccini Frozen Entree,38,1
21246,Mild Enchilada Sauce,30,6
21267,Sourdough Bread,112,3
21269,Sprouted Wheat Onion & Poppyseed Bagels,93,3
21278,All Purpose Crushed Tomatoes,81,15
21288,Blackberries,24,4
21290,Buffalo Bleu Krinkle Cut Potato Chips,107,19
21292,Rainbow Bell Peppers,32,4
21295,Organic Spaghetti Squash,83,4
21296,3-Ply Paper Towel Rolls,54,17
21303,Lean Protein & Fiber Bar Chunky Chocolate Peanut,3,19
21329,Organic Hearty Split Pea & Uncured Ham Soup,69,15
21331,Tart And Tangy Original Frozen Kefir,37,1
21333,Original Whipped Cream Cheese,108,16
21334,Organic Peeled Garlic,123,4
21343,Organic Quinoa Squares Sweet Potato & Apple & Cinnamon,78,19
21351,Nutri-Grain Soft Baked Strawberry Cereal Breakfast Bars,48,14
21376,Pretzel Crisps Original Deli Style Pretzel Crackers,107,19
21377,Multigrain Wheat Thins Crackers,78,19
21384,Greek Orzo Salad,1,20
21385,Butter Lettuce,32,4
21387,Non-Fat Vanilla Yogurt,120,16
21403,Lemon Grass,16,4
21405,"Organic Red Radish, Bunch",83,4
21410,"Deli Fresh Honey Smoked Turkey Breast, 98% Fat Free, Gluten Free",96,20
21413,Organic Soba,66,6
21417,Organic Creamy Tomato Soup,69,15
21419,Butterfly Shrimp,34,1
21452,Whole Milk Pure Honey Pear,100,21
21454,Hot & Spicy Asian Soup,69,15
21461,Triple Creme Goat Brie,21,16
21464,Multi-Purpose Contact Lens Solution,44,11
21471,Salisbury Steak Dinner,38,1
21479,Organic Turkish Figs,117,19
21497,White Sandwich Bread,112,3
21500,Gluten Free Vegetable Dumplings,129,1
21508,Dairy Free Coconut Milk Vanilla Bean Frozen Dessert,37,1
21511,Lite Balsamic Dressing,89,13
21513,Heart to Heart Honey Toasted Oat Cereal,121,14
21526,Organic Golden Round Crackers,78,19
21536,Liquid Grape Beverage Enhancer Mix,90,7
21543,Organic Quick Oats,130,14
21560,Cut Hearts Of Palm,1,20
21567,Blueberry Almond Breakfast Bars,48,14
21572,Cheez-It Cheddar Cracker,78,19
21573,Roasted Pine Nut Hummus,67,20
21591,Premium Golden Seeded Hamburger Buns,43,3
21601,Brown Sugar Cinnamon Pre-Sliced Mini Bagels,93,3
21603,Blueberry Blaze Trail Mix,125,19
21607,Gluten Free Vanilla Granola,57,14
21614,Crackers Harvest Whole Wheat,78,19
21616,Organic Baby Arugula,123,4
21655,Popcorn Popping Kernels,23,19
21670,Raspberry Truffle Nutrition Bar,3,19
21709,Sparkling Lemon Water,115,7
21710,Organic Stevia Powdered Sweetener Packets,17,13
21761,Creamy Chocolate Hard Candy,45,19
21775,Brazilian Cheese Bread Original Cheddar and Parmesan,129,1
21777,Maple Quinoa Cluster With Chia Seeds,57,14
21781,Cajun Andouille Smoked Pork Sausage,106,12
21783,Coconut Milk Vanilla Mini Sandwiches,37,1
21791,Mini Whole Wheat Pita Bread,128,3
21795,Extra Virgin Olive Oil Rich Taste,19,13
21828,Organic Wheat Grass Powder,65,11
21841,"Tortillas, Brown Rice",128,3
21847,Lemongrass Citrus Scent Disinfecting Wipes,114,17
21850,Waffle Cut Sweet Potato Seasoned Fries,129,1
21863,Fire Roasted Red Peppers,81,15
21872,Organic Italian Salad,123,4
21884,Home Style Chicken Noodle Soup,69,15
21890,"Milk, Low Fat, 1% Milkfat",84,16
21903,Organic Baby Spinach,123,4
21910,Coconut Almond Creamer Blend,53,16
21914,Peanut Butter & Jelly Fruit & Nut Food Bar,3,19
21925,50/50 Mix Spring Mix and Baby Spinach Salad Blend,123,4
21927,Organic Boneless Skinless Chicken Breast,35,12
21933,Clover Honey Squeeze Bottle,29,13
21936,Vegetarian Refried Beans,59,15
21938,Green Bell Pepper,83,4
21945,"Renewal Cream, Brightening, Probiotic +C",109,11
21948,Pinot Noir Wine,28,5
21949,White Cheddar Semisoft Cheese,21,16
21951,"Frosting, Vanilla",97,13
21955,All Natural Marinara Pasta Sauce,9,9
21980,Mini Ice Cream Sandwiches,37,1
21982,Wild Caught Skinless & Boneless Sardines Packed in Pure Olive Oil,95,15
21996,Prepared White Horseradish,72,13
21999,Gluten Free Chocolate Coated Wafers,61,19
22015,Thin Mint Crisp Oreos,61,19
22017,Honey Wheat Braided Twists,107,19
22025,YoBaby Blueberry Apple Yogurt,120,16
22031,Zucchini Noodles,123,4
22035,Organic Whole String Cheese,21,16
22040,Fresh Cut Blue Lake No Salt Added Cut Green Beans,81,15
22043,3D White Luxe Glamorous White Vibrant Mint Toothpaste,20,11
22089,Vitamin D Milk,84,16
22113,Organi Cheddar Cheese Mild sliced,21,16
22115,Sonoma Handmade Style Corn Tortillas,128,3
22123,1% Low Fat Chocolate Milk,84,16
22124,Total 0% Raspberry Yogurt,120,16
22128,Vegetable Oil,19,13
22141,Vegan Ramen Chicken Flavor,69,15
22142,100% Pure Pumpkin,17,13
22164,"Cherries & Almonds in Dark Chocolate, 55% Cocoa",45,19
22170,Organic Multigrain with Flax English Muffins,93,3
22175,Cheddar Broccoli Pasta Sides,4,9
22210,Organic Stage 2 Broccoli Pears & Peas Baby Food,92,18
22211,Free & Clean Unscented Hand Soap,114,17
22215,Bleach Clean Linen Concentrated,75,17
22224,Whole Milk Plain Greek Yogurt,120,16
22227,Coconut Cream Pie,3,19
22228,Buttermilk Pancakes 8 Count,52,1
22247,Organic Chives,16,4
22260,Organic Rolled Oats,68,10
22275,Sriracha Hot Chili Sauce,66,6
22281,Chicken Noodle Soup,1,20
22285,Wild Cherrywood Smoked Uncured Bacon,106,12
22290,Organic Chai Tea Bags,94,7
22292,Organix Butcher & Bushel Chicken Wing & Thigh Grain Free Adult Dog Food,40,8
22298,Yo Baby Organic Whole Milk Banana Mango Yogurt,120,16
22307,"Crackers, Puffed, Lightly Salted Brown Rice",78,19
22308,"Bread, Gluten Free, White Sandwich",58,1
22312,Organic Cherry Tomatoes,83,4
22337,Great Grains,121,14
22365,Owl's Howl Coffee,26,7
22367,Total 0% Cherry Nonfat Yogurt,120,16
22369,Dairy-Free Chocolate Protein Beverage,91,16
22384,Italian Dill Pickle Chips,110,13
22395,Tomato Sauce,81,15
22400,"Peanut Butter, Classic",88,13
22417,Organic Chocolate Cake Mix,105,13
22418,Imitation Crab Sticks,15,12
22428,Fresh Marinara Sauce,9,9
22451,Crinkle Cut French Fries,129,1
22474,Cheddar Bunnies Snack Crackers,78,19
22475,Jicama,83,4
22497,Oregano Leaves,104,13
22504,Organic Mountain Forest Amber Honey,29,13
22534,Kashmiri Curry Mild Indian Simmer Sauce,76,6
22548,Coldbrew Coffee Pops,37,1
22556,All Natural Apricot Sparkling Water,115,7
22559,Kitchen Cheese Enchilada,38,1
22587,Organic Cut Spinach,116,1
22594,Quattro Formaggi Four Cheeses Pizza,13,20
22598,Kellogg's Nutri-Grain Blueberry Cereal,48,14
22613,Organic African Nectar Herbal Tea,94,7
22620,Chocolate Peanut Butter Ice Cream,37,1
22686,Whole Wheat Lasagna,131,9
22699,Steamfresh Premium Selects Broccoli Florets,116,1
22707,Original Very Vanilla Complete Nutritional Drink,65,11
22713,Ground Chicken Breast,35,12
22723,"Mellow Mood Relaxation, Honey & Green Tea, Decaffeinated",94,7
22767,Original Ice Cream Bar,37,1
22787,Cinnamon Buns Ice Cream,37,1
22788,Singles American Cheese Slices,21,16
22798,Lobster Corn Chowder New England Style,69,15
22802,Mineral Water,115,7
22825,Organic D'Anjou Pears,24,4
22832,Unsweetened Pomegranate Essence Water,115,7
22843,Beef Patties,34,1
22849,Bunny-Luv Fresh Organic Carrots,123,4
22872,Natural Unsalted Macadamia,117,19
22882,Light Mozzarella String Cheese,21,16
22883,Organic Penne Rigate Whole Wheat Pasta,131,9
22888,90% Lean Ground Beef,122,12
22899,Organic Grape Juice,98,7
22908,Sesame Street Organic Homestyle Mini Pancakes,52,1
22935,Organic Yellow Onion,83,4
22947,Lactose Free Blueberry Pomegranate Acai Kefir,120,16
22950,Natural Free & Clear Dishwasher Detergent Packs,74,17
22952,Farfalle Pasta,131,9
22959,Reduced Fat Milk 100% Lactose Free,91,16
22963,Organic Roasted Turkey Breast,96,20
22993,Super Seed Crispy Crackers,78,19
22998,Sprouted Hot Dog Buns,43,3
23013,Belgian White,27,5
23026,Salted Butter Half Sticks,36,16
23029,Organic Uncured Sliced Black Forest Ham,96,20
23032,Sriracha Chili Sauce,66,6
23041,"Casual Foam Plates, 8.875\""",111,17
23044,Cream Top Smooth & Creamy Vanilla Yogurt,120,16
23047,Sesame Roasted Seaweed Snacks,50,19
23079,Cheddar Quinoa Chips,107,19
23094,Organic Lentil Soup,69,15
23102,Organic 1% Milk,84,16
23106,Pomegranate on the Bottom Non-Fat Greek Yogurt,120,16
23140,Chipotle Strips Seitan,14,20
23142,Antibac Bamboo All Purpose Cleaner,114,17
23147,Gut Shot Classic,110,13
23155,Organic Matcha Green Tea,94,7
23165,Organic Leek,83,4
23177,Organic Sesame Ginger Vinaigrette Dressing,89,13
23178,Pure Lemon Juice,98,7
23191,Blood Orange Juice,31,7
23192,Chocolate Whole Grain Graham Snacks Bunny Grahams,61,19
23198,Organic Chicken Drumsticks,49,12
23232,Klassic Onion Buns 8 ct,43,3
23233,California Sourdough Bread,112,3
23236,Chopped Spinach,116,1
23248,Passion Fruit On The Bottom Greek Yogurt,120,16
23282,PlusShot Strawberry Probiotic Juice Drink,120,16
23288,Distilled Water,115,7
23291,Coconut Chia Bar,3,19
23313,Mac & Cheese,4,9
23323,Sharp Original Semisoft Cheese,2,16
23329,Organix Chicken & Brown Rice Recipe,40,8
23339,Sweet Corn On The Cob,83,4
23341,Large Grade AA Eggs,86,16
23347,Chessmen Cookies,61,19
23352,Large Deep Dish Containers + Lids,85,17
23356,Small Rectangle Containers,85,17
23375,Marinara Sauce,9,9
23400,Organic Premium Tomato Paste,81,15
23405,Pure Baking Soda,17,13
23417,Brown Rice & Vegetables Bowl,38,1
23432,Baked Chicken Breast,38,1
23441,Long Grain Natural Brown Rice,63,9
23457,Zero Calorie Cherry Cola,77,7
23484,Organic Pine Nuts,117,19
23516,Organic Unbleached All-Purpose Flour,17,13
23527,Baby Food Stage 2 Sweet Potato Mango & Millet,92,18
23537,Light Brown Sugar,17,13
23541,Veri Veri Teriyaki Marinade & Sauce,5,13
23543,Organic Extra Large Brown Eggs,86,16
23545,Chocolate Mochi Ice Cream,37,1
23554,Organic Vanilla Bean Ice Cream,37,1
23576,Sweet Greens and Lemon Vegetable and Fruit Juice Blend,31,7
23579,Peanut Butter Chocolate Chip Fruit & Nut Food Bar,3,19
23594,Medium Salsa,51,13
23605,White Meat Chicken And Shredded Beef Cat Food,41,8
23623,G Series Perform Glacier Cherry Sports Drink,64,7
23630,Multi-Seed Original Crackers,78,19
23634,Dairy-Free Cheddar Style Shreds,21,16
23644,Sharp Cheddar Thick Slices Cheese,21,16
23645,Sour Cream & Onion Potato Chips,107,19
23650,Electrolyte Water,115,7
23672,Multi-Surface Concentrate Lemon Verbena,114,17
23719,Chicken Tortilla Soup,1,20
23734,Sour Cream,108,16
23737,Organic 100% Grapefruit  Juice,31,7
23744,Balsamic Vinaigrette Dressing,89,13
23763,French Vanilla Sugar Free Liquid Coffee Creamer,53,16
23765,Organic Smoked Turkey Breast,96,20
23767,Imported Light Beer,27,5
23801,Fusilli No. 34,131,9
23822,Sweet Potato & Chicken Dinner,92,18
23835,Cold-Pressed Sweet Greens & Lemon Juice,31,7
23836,Mint Chocolate Chip,37,1
23848,"Pupusas, Pinto Bean & Cheese",38,1
23854,Wild Wonders Gourmet Medley Tomatoes,123,4
23879,Applewood Smoked Turkey Breast,96,20
23888,Hamburger Buns,43,3
23892,Original High Efficiency Liquid Laundry Detergent,75,17
23909,2% Reduced Fat Milk,84,16
23915,Uncrustables Peanut Butter & Grape Jelly Sandwich,38,1
23919,Grain Meat Sausages Vegetarian Mexican Chipotle,14,20
23953,Cream on Top Strawberry Organic Yogurt,120,16
23955,Vanilla Soy Milk,91,16
23959,Multi-Seeds Cracker,78,19
24004,Goldfish Parmesan Baked Snack Crackers,78,19
24009,Organic Long Grain White Rice,63,9
24024,1% Lowfat Milk,84,16
24035,Coconut  Chocolate Bar,3,19
24053,Whipped Cream Cheese Spread,108,16
24062,Flourless  Sprouted Whole Grain 7-Sprouted Grains English Muffins,93,3
24082,Organic Dark Sweet Cherries,116,1
24097,Rotini Pasta,131,9
24098,Original Lemonade Mix Packets,90,7
24107,Organic Whole Grain,112,3
24114,Ground Chicken,49,12
24115,Good Buddy Beef Jerky Dog Treat,40,8
24120,Dried Cranberries,117,19
24131,Sriracha Mayonnaise,72,13
24135,Oranges,24,4
24149,"Restoring Anticavity Fluoride Mouthwash, Cool Mint",20,11
24156,Carnation Sweetened Condensed Milk,17,13
24170,Marinara,9,9
24177,Total 2% Yogurt Key Lime,120,16
24179,"Real Vegetable Chips, Sweets & Beets",107,19
24184,Red Peppers,83,4
24186,Slim Can Pink Grapefruit Natural Mineral Water,115,7
24195,Tofu Scramble,52,1
24203,Whole Grain Oatmeal Bread,112,3
24221,Organic Red Grapes,24,4
24231,Tahitian Vanilla Bean Gelato,37,1
24235,Honey Wheat Enriched Bread,112,3
24241,"Corn Thins, Organic, Sesame",107,19
24253,Go Lean Cereal,121,14
24263,Organic Fettuccine,131,9
24288,Rosemary Raisin Raincoast Crisps,78,19
24297,Sweetened Tea,94,7
24320,Vanilla Almond,121,14
24325,Noir Orange Liqueur & Cognac,124,5
24353,Extreme Clean Pure Breath Action Fresh Mint Fluoride Toothpaste,20,11
24359,Organic Original Plain Soymilk,91,16
24372,Organic Free Range Chicken with White & Wild Rice Soup,69,15
24373,Mediterranean Vegetable Chips,107,19
24382,Ranch Dressing,89,13
24385,Italian Sausage Pizza,13,20
24390,Pomegranate,24,4
24400,Chicken with Rice Condensed Soup,69,15
24410,Meatloaf With Home Style Mashed Potatoes & Gravy,38,1
24427,Snacks String Cheese Natural Mozzarella Cheese,21,16
24464,Crunchy Apple Chips Cinnamon,50,19
24489,Organic Whole Strawberries,116,1
24514,Fig Newtons Fat Free Cookies,61,19
24531,Sprouted Brown Rice,66,6
24533,Pre-Moistened Multi-Surface Everyday Wipes,114,17
24561,Organic Cheese Frozen Pizza,79,1
24563,Natural Pepper Jack Cheese,21,16
24604,Triscuit Roasted Garlic Baked Whole Grain Crackers,78,19
24622,Green Cabbage,83,4
24629,Sweet Mini Sub Rolls,43,3
24631,Light & Lean Spinach Lasagna,38,1
24649,Freshmates Charmin Freshmates™,54,17
24654,Potato Hot Dog Buns,43,3
24658,House Blend Medium Keurig Brewed K-Cups Ground Coffee,26,7
24664,Italian Pearled Farro,63,9
24704,"Crunchy Pea Snack, Baked, Organic, Southwest Spice",50,19
24734,Light Creamy Roasted Chicken with Herb Dumplings,69,15
24740,Multi-Seed Rosemary + Olive Oil Crackers,78,19
24749,13 Gallon Tall Drawstring Kitchen Bags,60,17
24751,Flaked Tuna,41,8
24759,Club Soda,77,7
24764,Crushed Garlic,116,1
24768,All Natural Honey Almond Butter,88,13
24780,Stick East Coast Vegetable Oil Spread,36,16
24797,Watermelon 3 in 1 Shampoo Conditioner and Body Wash,22,11
24799,Vanilla Skyr Nonfat Yogurt,120,16
24810,Organic Lightly Salted Brown Rice Cakes,78,19
24816,Natural Deli Style Sliced Extra Sharp Cheddar Cheese,21,16
24830,Organic Romaine,123,4
24834,Organic Sweet Potato Puffs,92,18
24838,Unsweetened Almondmilk,91,16
24841,Aged White Cheddar Baked Rice & Corn Puffs Gluten Free Lunch Packs,107,19
24850,Organic Super Fruit Punch Juice Drink,98,7
24852,Banana,24,4
24857,Raspberry Filmjolk Non-Fat Drinkable Yogurt,31,7
24859,Packaged Organic Apricots,123,4
24884,"Kettle Chips, Avocado Oil, Sea Salt",107,19
24907,Cherry Blackberry Liquid Water Enhancer,90,7
24944,"Toothpaste, Calendula",20,11
24946,Garlic Marinara Cooking Sauce,9,9
24952,"Tortilla Chips, Corn, Red Hot Blues",107,19
24954,Total 0% with Honey Nonfat Greek Strained Yogurt,120,16
24955,Simply Heinz Tomato Ketchup,72,13
24964,Organic Garlic,83,4
24985,Organic Low Fat Black Bean Vegetable Soup,69,15
24993,Organic Kosher Free Range Chicken Broth,69,15
25020,Organic Banana Chips,50,19
25043,Instant Oatmeal Variety Pack,130,14
25087,No Boil Lasagna,131,9
25093,Colby Jack Cheese,21,16
25124,Whole Kernel Golden Sweet Corn,81,15
25133,Organic String Cheese,21,16
25138,Organic Plain Greek Whole Milk Yogurt,120,16
25146,Original Orange Juice,31,7
25157,Uncured Pastrami,96,20
25170,Soy Sauce,66,6
25199,Classic Chicken Salad,1,20
25230,Chopped Onions,123,4
25237,Nutty Bars,61,19
25241,Chocolate Peppermint Crunch Ice Cream,37,1
25256,Cultured Low Fat Buttermilk,84,16
25272,Small Macintosh Apple,24,4
25283,Lasagne Pasta,131,9
25298,Instant Maple Brown Sugar Hot Cereal,130,14
25305,Cold Brew Coffee Nitro Can,26,7
25307,"Tender white meat turkey, pasta, mushrooms and celery in a creamy sauce Turkey Tetrazzini",38,1
25312,Clear Hand Soap Refill,73,11
25330,Pecan Nut & Rice Cracker Snacks,78,19
25340,Large Yellow Flesh Nectarine,24,4
25355,Wild Caught Anchovy Paste,95,15
25357,Homestyle Harvest Tomato with Basil Soup,69,15
25368,Complete Powder,74,17
25371,Organic Banana Blueberry Baby Food Puree,92,18
25379,Salted Sweet Cream Butter Quarters,36,16
25407,Mashed Potatoes,13,20
25425,Organic Petite Diced Tomatoes,81,15
25462,Ice Cube Sugar Free Arctic grape Gum,46,19
25466,Water,115,7
25480,Apple Juice Fruit,92,18
25493,Cookies 'n Cream with Oreo Cookie Pieces Lowfat Yogurt,120,16
25495,Flip™ Low-Fat Key Lime Crumble Greek Yogurt,120,16
25499,Vanilla Plant Based Nondairy Beverage,91,16
25513,Boomchickapop Sea Salt Popcorn,23,19
25531,Aspartame Free Mojito Lime Mint Sugar Free,46,19
25554,Creamer,6,2
25566,Spaghettios With Franks,59,15
25581,Blueberry Lowfat Yogurt,120,16
25587,Organic Strawberry Hibiscus Kombucha,31,7
25588,Seedless Small Watermelon,24,4
25591,Brown Rice,63,9
25601,Mandarin Orange Chicken,38,1
25604,Rice Blend Royal Blend,63,9
25618,Belgian Golden Ale,27,5
25630,Healthy Grains Fiber Cinnamon Oat Clusters,57,14
25640,White Peach,24,4
25647,Heirloom Tomato,83,4
25653,Organic Plain Yogurt,120,16
25654,Mint Dark Chocolate Candy,45,19
25659,Organic Coconut Milk,91,16
25666,Madras Curry Spicy Indian Simmer Sauce,72,13
25675,Raw Jumbo Cashews,117,19
25691,Original Life Cereal,121,14
25705,Butterhead Lettuce,83,4
25715,Organic Green Grapes,24,4
25718,Cold Brew Coffee,26,7
25753,Organic Homestyle Waffles,52,1
25767,Organic Multi Grain Squares Cereal,121,14
25786,Restaurante Style Original Premium Tortilla Chips,107,19
25798,Green Lima Beans,81,15
25804,Original Soy Milk,91,16
25817,Zero Calorie Grape Soda,77,7
25824,Pita Chips Simply Naked,107,19
25830,Eggo Blueberry Waffles,52,1
25837,Mini Babybel Light Semisoft Edam Cheeses,21,16
25843,Maple Bacon Potato Chips,107,19
25844,Double Rolls Bath Tissue,54,17
25854,Polska Kielbasa Sausage,106,12
25861,Freshly Shaved Parmesan Cheese,21,16
25872,Salted Caramel & Chocolate Non Dairy Frozen Dessert,37,1
25879,Organic Whole Milk Strawberry Kefir,84,16
25886,Wild Blend Rice,63,9
25890,Boneless Skinless Chicken Breasts,49,12
25903,Italian Salad Dressing & Recipe Mix,89,13
25916,"Mustard, Whole Grain, Stone Ground",72,13
25919,Parmesan Shredded Cheese,21,16
25931,Organic Baby Spinach Salad,123,4
25937,Semi Soft Part-Skim Slices,21,16
25949,Cream Top Smooth & Creamy Maple Yogurt,120,16
25952,Original Potato Chips,107,19
25981,Turkish Coffee Fine Ice Cream,37,1
25985,Chicken & Apple Smoked Chicken Sausage,106,12
25998,Chocolate Banana Bite,50,19
26010,Dairy Free Vegetable Pot Pie,38,1
26032,Dairy Free Mozarella Style Shreds,21,16
26040,"Deli Fresh Honey Ham, 97% Fat Free, Gluten Free",96,20
26047,Tuna Salad,1,20
26076,Gluten Free Corn Dogs,106,12
26079,Carrot Juice,31,7
26088,Aged White Cheddar Popcorn,23,19
26094,Krave Cereal Chocolate,121,14
26096,"Organic Gala Apples, Bag",24,4
26128,Organic Mango Chunks,116,1
26131,Mixed Berries Whole Milk Icelandic Style Skyr Yogurt,120,16
26133,Classic Macaroni & Mild Cheddar Cheese,4,9
26152,Granulated Sugar,17,13
26157,Lil Dreamers Vanilla Ice Cream Sandwiches,37,1
26163,Organic Mayonaise,72,13
26165,Electrolyte Enhanced Water,115,7
26168,Newman O's Creme Filled Mint Chocolate Cookies,61,19
26172,Light Sour Cream,108,16
26196,Lavender Liquid Hand Soap,25,11
26201,Chicken Taquitos,129,1
26209,Limes,24,4
26242,Organic Black Lentils,63,9
26262,Double Cheeseburger Macaroni Hamburger Helper,4,9
26272,Premium Natural Mixers Club Soda,115,7
26282,"Organic Snack Mix Bunnies Snack Mix, Organic",125,19
26283,White Corn,83,4
26298,Thin Crust Margherita Pizza with Fresh Mozzarella & Basil,79,1
26307,Aged Red Wine Vinegar,19,13
26312,Caesar Salad Kit,123,4
26318,Pineapple Juice,98,7
26324,Grass Fed Ground Beef,122,12
26327,Organic Cotton Swabs,44,11
26344,Organic Mixed Berry Sipper Juice,98,7
26346,Organic Skim Milk,84,16
26348,Mixed Fruit Fruit Snacks,50,19
26350,Oatmeal Snackimals Cookies,61,19
26351,Gluten Free Mini Pretzels,107,19
26352,Chicken Caesar Salad,1,20
26362,Lavender Lullaby Soap,102,18
26369,Organic Roma Tomato,83,4
26384,Large Brown Eggs,86,16
26386,Protein Energy Bar Original Peanut Butter Fudge,3,19
26412,Fresh Lean Ground Turkey,49,12
26464,Premium Green Tea Decaf Tea Bags,94,7
26497,Romaine Lettuce,83,4
26505,Snack Size Vanilla Yogurt Raisins,117,19
26510,Eggo Nutri-Grain Low Fat Waffles,52,1
26512,Sausage Cuts Real Beef Treats,40,8
26520,Cheese Shredded Sharp Cheddar Reduced Fat 2%,21,16
26553,Butter Bread,112,3
26559,"Dishwasher Detergent, Fresh Scent",74,17
26586,Quart Sized  Easy Open Freezer Bags,85,17
26604,Organic Blackberries,24,4
26620,Peach Pear Flavored Sparkling Water,115,7
26629,Cherry Pie Fruit & Nut Bar,3,19
26638,Organic Thai Sweet Potato Soup,69,15
26665,Tandoor Baked Naan,128,3
26683,Cafe Latte Pure Lightly Sweetened Iced Coffee With Almond Milk,91,16
26698,Sourdough Hard Pretzels Fat Free,107,19
26706,Chicken Pad Thai With Rice Noodles,38,1
26709,Four Cheese Rising Crust Pizza,79,1
26714,Chicken Salad,1,20
26717,Ginger Yuzu Scented Dish Soap,74,17
26723,Comice Pear,24,4
26736,Red Wax Gouda,112,3
26738,Original Cold Brew  Coffee With Milk,26,7
26751,Organic Tomato Basil Sauce,9,9
26790,Organic AppleApple,99,15
26800,Organic Baby Kale Mix,123,4
26842,Boneless Beef Sirloin Steak,122,12
26848,Swiss Cheese Block,21,16
26861,Whole Kernel Sweet Corn,81,15
26882,Russet Potatoes,83,4
26911,Kale Krunch The Original Quite Cheezy,50,19
26914,Bean & Cheese Burrito,38,1
26915,Organic Lowfat Yogurt Banana Vanilla,120,16
26940,Organic Large Green Asparagus,83,4
26954,Fresh Triple Action Relief Powder Spray,127,11
27010,"Paper Towels, White, 2 Big Roll = 33% More Sheets Towels/Napkins",54,17
27024,Bottled Water,115,7
27028,Vanilla Hempmilk,91,16
27041,Mushroom Stems & Pieces,81,15
27044,Maple Almond Butter,88,13
27065,All Natural Chicken Drumsticks,35,12
27086,Half & Half,53,16
27093,Thai Coconut Soup,69,15
27102,BelVita Blueberry Breakfast Biscuit Packs,48,14
27104,Fresh Cauliflower,83,4
27113,Wild Berry Low Fat Clusters & Flakes,121,14
27115,All-Natural Autumn Apple  Fruit Strip,50,19
27117,Refresh Herbal Tea,94,7
27120,Japanese Style Extra Crispy Tempura Batter Mix,66,6
27122,Part Skim Mozzarella Cheese,21,16
27147,White Corn Tortilla Chips,107,19
27156,Organic Black Beans,59,15
27171,Bread Crumbs,17,13
27172,"Coconut Water, Real, with Pulp",98,7
27179,Rising Crust Pepperoni Pizza,79,1
27204,Organic Vanilla Frosting,17,13
27223,"Liquid Vitamin D-3, 400 IU",47,11
27237,Butter Top Wheat Bread,112,3
27239,Bits Cheese Cracker Sandwiches,78,19
27240,Classic Lavender & Chamomile Liquid Hand Soap,127,11
27243,Premium Pure Cane Granulated Sugar,17,13
27247,Original Soy Creamer,91,16
27275,Pineapple Strawberry Sparkling Water,115,7
27277,Organic Stage 1 First Sweet Potatoes,92,18
27292,Sea Salt Macadamias,117,19
27294,Wrigley's Orbit Wintermint Sugar Free Gum- 3 PK,46,19
27297,Low Fat Plain Goat Milk Yogurt,120,16
27299,Organic SprouTofu Firm Water Packed Tofu,14,20
27316,"Trop50 No Pulp Orange Juice w/ Calcium + Vitamin D, 50% Less Sugar & Calories",31,7
27323,Pure & Natural Sour Cream,108,16
27325,Alpine Spring Water,115,7
27336,Organic Rainbow Carrots,123,4
27344,Uncured Genoa Salami,96,20
27356,French Onion Dip,67,20
27360,Boneless Skinless Chicken Breast Fillets,49,12
27361,Cello Carrots,83,4
27388,Lunchable Extra Cheesy Pizza,96,20
27392,Strawberry Organic Kefir,120,16
27395,Original Low Fat Orange Cream Yogurt,120,16
27402,Healthy Kids Organic Vanilla Nutritional Shake,92,18
27405,Mexican Mix Granola,57,14
27418,Storage Bags,85,17
27423,Real Aged Cheddar Macaroni & Cheese,4,9
27428,Dairy Pure Fresh Heavy Whipping Cream,53,16
27429,4 Cheese Mexican Fine Cut Shredded Cheese,21,16
27451,Almond Meal/Flour,17,13
27454,Organic Mini Sandwich Crackers Cheddar Cheese,78,19
27458,Panko Japanese Style Bread Crumbs,112,3
27470,Organic Kale Chips,107,19
27477,Boudin Sliced Sourdough Round,112,3
27511,"Milk, Organic, Fat Free",84,16
27521,Organic Lacinato (Dinosaur) Kale,83,4
27522,Gluten Free Uncured Bacon Mac and Cheese,38,1
27541,Plain Greek Nonfat Yogurt,120,16
27544,Lemon Verbena Hand Soap,25,11
27548,Original Semisoft Cheese,21,16
27553,Organic Blueberry Cream On Top Whole Milk Yogurt,120,16
27554,Gluten Free Blueberry Muffins,93,3
27582,Dark Chocolate Minis,45,19
27596,Classic Original Hommus,67,20
27616,Ultra Strong Tall Kitchen Vanilla & Lavender,60,17
27626,Ripened Raspberry Fruit Leather,50,19
27629,Trusted Care 2-Ply Tissues,54,17
27652,Handmade Vodka,124,5
27655,"Juice, Vegetable & Fruit, Fuel",31,7
27662,Large Grade AA Cage Free Eggs,86,16
27663,GOLEAN Crunch! Cereal,121,14
27681,Lower Sugar Instant Oatmeal  Variety,130,14
27683,Black Beans No Salt Added,59,15
27690,Apple Cinnamon GoGo Squeez,50,19
27695,Natural Chicken & Sage Breakfast Sausage,106,12
27696,Multi Surface Vinegar Cleaner,114,17
27715,Farmstand Flaxbread Egg and Vegetarian Bacon Breakfast Sandwich,52,1
27731,Kids! Probiotic Packets Single Serve,70,11
27739,Caramel Sea Salt Squares,8,3
27741,Organic Extra Firm Cubed Tofu,14,20
27744,Organic Whipping Cream,53,16
27761,Oats & Chocolate Chewy Bars,48,14
27770,Reese's Miniatures Peanut Butter Cups,45,19
27772,Tropical Green Tea Bags,94,7
27790,Small Curd Lowfat 2% Milkfat Cottage Cheese,108,16
27796,Real Mayonnaise,72,13
27801,Philadelphia Cream Cheese Spread,108,16
27839,49 Flavors Jelly Belly Jelly Beans,45,19
27841,White Whole Mushrooms,83,4
27845,Organic Whole Milk,84,16
27850,Fresh Lemon Odor Shield 13 Gallon Tall Kitchen Drawstring Bags,60,17
27864,Butter Croissant,93,3
27881,"Olives, Organic, Kalamata, Pitted",110,13
27925,Organic Red Bartlett Pear,24,4
27958,Chicken Drumsticks,35,12
27959,Premium Indian Tonic Water,77,7
27964,"HE Liquid Laundry Detergent, Original scent",75,17
27966,Organic Raspberries,123,4
27967,Egg Pasta Fettuccine,131,9
27977,Fresh Goat Cheese Log Herb Chèvre,21,16
27985,Smartwater Electrolyte Enhanced Water,115,7
27999,Organic Brussel Sprouts,123,4
28016,White Meat Fun Nuggets,129,1
28031,"8.5\"" Microwavable Cut Resistant Plates",111,17
28054,Roasted Red Pepper Hummus With Chips,67,20
28066,Double Espresso Cold Brew Coffee,26,7
28071,Olive Hummus,67,20
28073,Cherry Vanilla Ice Cream,37,1
28080,Sugar Free Italian Sweet Creme Coffee Creamer,53,16
28081,Whole Wheat with White Cheddar Filling Cracker Sandwiches,78,19
28083,Healthy Multi Grain Bread,112,3
28092,Activia Vanilla Low Fat Yogurt,120,16
28106,Organic Tri-Colored Peppers,116,1
28110,General Mills Basic 4 Cereal,121,14
28123,Organic Cut Green Beans,116,1
28137,Chicken & Vegetable Dumplings Potstickers,129,1
28156,Total 0% Nonfat Plain Greek Yogurt,120,16
28169,Vegetable Pad Thai With Rice Noodles,42,1
28171,Organic Cilantro Bunch,16,4
28185,"Vanilla, Tangerine & Shortbread Ice Cream",37,1
28198,Rainbow Candy,45,19
28199,"Clementines, Bag",123,4
28204,Organic Fuji Apple,24,4
28226,Power Grains Waffles 6 ct,52,1
28234,Duck Fat,19,13
28241,Traditional Sweet Basil Pasta Sauce,9,9
28242,Drinkable Blueberry Non-Fat Yogurt,120,16
28250,Barbecue Jackfruit,123,4
28277,Organic Black Truffles Dark Chocolate,45,19
28281,Variety Pack Ice Cream Bars,37,1
28289,Organic Shredded Carrots,123,4
28309,Gourmet Pizza Three Cheese Gluten Free,79,1
28311,"Fruit Snack, 100% Pure, Organic, Peach and Apple",92,18
28325,Street Wrap Chicken Tikka Masala,38,1
28342,Pineapple Strawberry Naturally Essenced Sparkling Water,115,7
28353,Salted Peanut In Milk Chocolate Bar,45,19
28358,Chocolate Chip Vegan Cookie Dough,105,13
28369,Lite Italian Dry Salame,96,20
28373,Original Rotisserie Chicken,13,20
28379,Protein Chewy Bars Salted Caramel Nut,48,14
28380,Organic Grass-Fed Real Aged Cheddar & Macaroni Shells,4,9
28401,Organic Cabernet Sauvignon Wine Vinegar,19,13
28412,Veggie Penne Pasta,131,9
28413,Bunny-Luv Organic Carrots,83,4
28427,Vitamin D Whole Milk,84,16
28438,Pork Jerky Grilled Sweet Teriyaki,23,19
28449,"French Roast, Dark Roast K-Cups",26,7
28457,Lentil Curry,13,20
28465,Icelandic Style Skyr Blueberry Non-fat Yogurt,120,16
28473,Wavy Original Potato Chips,107,19
28476,Organic Small Curd Cottage Cheese,108,16
28522,Coconut Flour,6,2
28535,Cucumber & Garlic  Tzatziki,51,13
28545,Smoked Rainbow Trout,95,15
28553,Whole Strawberries,116,1
28556,Peppercorn Ranch Greek Yogurt Dressing,89,13
28571,Pretzel Rods,107,19
28572,Premium Ice Cubes,37,1
28576,Vanilla Bean Chia Pod,120,16
28579,Egg Fettuccine No.103,131,9
28593,Reduced Fat 2% Chocolate Milk,84,16
28597,Organic Stoneground Wheat Crackers,78,19
28599,Flavor Variety Instant Oatmeal,130,14
28601,Collard Greens,83,4
28606,Vanilla Wafers,61,19
28610,L'Orange Sparkling Natural Mineral Water,115,7
28613,Organic Grapefruit Ginger Sparkling Yerba Mate,94,7
28632,Premium Sweet Petites Carrots,123,4
28647,Nacho Cheese Tortilla Chips,107,19
28655,Crystallized Ginger Chunks,18,10
28656,Raw Sauerkraut,110,13
28682,Chocolate Peanut Butter Cup Gelato,37,1
28692,Singles Deep Dish Pepperoni Pizzas,79,1
28733,Chicken Nuggets,129,1
28745,Oven Roasted Turkey,96,20
28761,Organic Truffle Fries,129,1
28773,"Goji Berries, Certified Organic",117,19
28785,Organic Tahini,72,13
28798,Frozen Greek Yogurt Bars Blueberry,37,1
28829,Kellogg's Pop-Tarts Frosted Strawberry Pastries,48,14
28842,Bunched Cilantro,16,4
28849,No Salt Added Black Beans,59,15
28851,Cage Free  100% Liquid Egg Whites,86,16
28862,Chicken Fried Rice,38,1
28904,Peanut Butter Fudge Ripple Ice Cream,37,1
28911,Buttermilk Complete Pancake & Waffle Mix,130,14
28913,100% Lime Juice,98,7
28918,Marcona Almonds,117,19
28928,Uncured Black Forest Ham,96,20
28931,Honey Bunches of Oats Honey Roasted Cereal,121,14
28934,Frozen Broccoli Florets,116,1
28946,Yogurt Tubes Blueberry,120,16
28966,Blanc De Noir Champagne,134,5
28967,Cinnamon PaleoKrunch Granola,121,14
28976,Ultra Thin Cheese Pizza,79,1
28985,Michigan Organic Kale,83,4
28986,Mild Italian Chicken Sausage,106,12
28990,Curly Parsley Bunch,16,4
28993,Iceberg Lettuce,83,4
28999,Flank Steak,122,12
29027,Baby Bella Mushroom Whole,123,4
29034,Select-a-Size Rolls Paper Towels Tissue,54,17
29061,Stuffed Peppers,38,1
29064,Black Cherry Water,115,7
29075,Organic Extra Virgin Pure Coconut Oil,25,11
29077,Organic Milk Chocolate Peanut Butter Cups,45,19
29082,Waffle Fries French Fried Potatoes,129,1
29088,Red Hot Buffalo Wings Sauce,72,13
29091,Lean & Fit Chicken Apple Sausage Egg White & Cheddar on Multi Grain Flatbread Breakfast Sandwich,52,1
29103,Zero Go-Go Mixed Berry Vitamin Water,64,7
29117,Organic Gluten Free Sea Salt by the Seashore Multigrain Tortilla Chips,107,19
29124,Bite Size Cheddar Cheese Crackers,78,19
29126,Organic Strawberry Chia Lowfat 2% Cottage Cheese,108,16
29127,Dairy Free Unsweetened Coconut Milk,91,16
29153,Classic Pizza Crust,105,13
29165,Original Antiseptic Adult Mouthwash,20,11
29176,Extra Large Eggs,86,16
29223,Golden Pineapple,24,4
29230,Ultra Double 3 Ply,54,17
29270,Beet Apple Carrot Lemon Ginger Organic Cold Pressed Juice Beverage,31,7
29285,"Organic Bernie's Farm Fruit Snacks strawberry, raspberry, & orange",50,19
29307,Baby Arugula,123,4
29315,Signature Pepperoni Crispy Thin Crust Pizza,79,1
29326,Gluten Free Original English Muffins,93,3
29327,Tomato Basil Garlic Italian Sauce,9,9
29328,Organic Sweet Mini Peppers,123,4
29345,Choose-A-Sheet Regular Roll Paper Towels,54,17
29370,Organic White Cheddar Popcorn,23,19
29372,Prilosec Heart Burn Relief 20 Mg Tablets,70,11
29373,Nonfat Probiotic Drinks,120,16
29392,Natural String Cheese,21,16
29418,Fluoride-Free Antiplaque & Whitening Peppermint Toothpaste,20,11
29429,Crunch Berries Cereal,121,14
29432,Original Crackers,78,19
29439,"Wild Non-Pareil Capers, Sunkissed in the Mediterranean",110,13
29447,"Milk, Organic, Vitamin D",84,16
29471,Combination Pizza Rolls,129,1
29487,Roma Tomato,83,4
29500,Hard-Boiled Eggs,86,16
29520,Slider Gallon Freezer Bag,85,17
29529,Lemon-Lime Soda,77,7
29544,Cream Top Peach on the Bottom Yogurt,120,16
29553,Super Soft Taco Flour Tortillas,128,3
29574,Tempt Unsweetened Vanilla Hemp Milk,91,16
29586,Fresh Garlic,83,4
29589,Vanilla Chocolate Chip Ice Cream,37,1
29608,Condensed Cream of Chicken with Herbs,69,15
29615,"Bread, Country Buttermilk",112,3
29628,Ultra Strong Toilet Paper Double Rolls Bathroom Tissue,54,17
29640,Unsweetened Ice Tea,94,7
29660,"Frosted Toaster Pastries, Cherry Pomegran",48,14
29662,Potato Yukon Gold Organic,83,4
29675,Organic Bagged Carrots,83,4
29689,Garden Veggie Straws Sea Salt,50,19
29752,Gluten Free Foods Granola,57,14
29758,Extra Cheesy Pizza Lunchables,13,20
29766,Ruby Red Grapefruit Light 50 Juice Drink,98,7
29778,Pop Up Bowl Movie Theater Butter Popcorn,23,19
29801,100% Recycled White Paper Towels,54,17
29830,G2 Glacier Freeze Drink,64,7
29845,Shredded Pecorino Romano Cheese,2,16
29867,"Capers, Non-Pareil",81,15
29871,Organic Roast Beef,96,20
29898,Organic Spaghetti Pasta,131,9
29900,Dark Chocolate Candy,45,19
29926,Roasted & Salted Almonds,117,19
29930,Baby Dill Pickles,110,13
29934,Creamy Tomato Soup,69,15
29941,Red Plums,24,4
29970,Fettuccini,12,9
29975,"Hand Sanitizer, Gel, Coconut + Lemon",25,11
29987,Shredded Mozzarella,21,16
30002,Antioxidant Blend Frozen Smoothie,116,1
30017,Organic Pure Lime,98,7
30020,Organic Multigrain Snack Crackers,78,19
30021,Distilled White Vinegar,19,13
30024,Cage Free Grade AA Large White Eggs,86,16
30036,Belgian White Wheat Ale,27,5
30047,Long Italian Baguette,112,3
30064,Double Acting Baking Powder,17,13
30068,Dynostix Rawhide Chew With Meat,40,8
30095,Thirst Quencher Lemon-Lime,64,7
30106,Miniatures Candy Bars,45,19
30117,Salted Peanut Butter Filled Pretzels,107,19
30135,Cheddar Cheese Burrito,38,1
30148,Organic Stage 2 Chicken Brown Rice Baby Food,92,18
30154,Lemon Cupcakes,8,3
30169,Total 2% All Natural Plain Greek Yogurt,120,16
30170,Fresh Cut Green Beans,81,15
30175,Authentic French Cheese & Cream Brioche,112,3
30183,Quaker Life Cinnamon Cereal,121,14
30192,Organic 4 Months Butternut Squash Carrots Apples + Prunes Baby Food,92,18
30204,Coconut Spray Oil,19,13
30227,Bag of Dutch Yellow Fingerling Potatoes,83,4
30230,Clover Blossom Honey,29,13
30233,Organic Large Brown Grade AA Cage Free Eggs,86,16
30241,Chunky Hearty Bean and Ham Soup,69,15
30252,Organic Soft Wheat Bread,112,3
30287,Ranch Original Topping & Dressing,89,13
30290,100% Recycled Bath Tissue Rolls,54,17
30291,Stone Ground Garbanzo Bean Flour,17,13
30305,Fancy Eggplant,83,4
30307,Doubleshot Espresso & Cream Premium Coffee Drink,26,7
30325,2X Concentrated Clean Burst Laundry Detergent,75,17
30326,Whole Nutrition Bar Chocolate Cupcake,3,19
30327,Organic Ice Cream Cones,103,19
30336,Organic Beans And Cheese Burrito,38,1
30338,Dark Chocolate Acai Blueberry,45,19
30348,Alkaline 9V Batteries,87,17
30352,Goldfish Original Baked Snack Crackers,78,19
30353,Curate Cherry Lime Sparkling Water,115,7
30382,Organic Flour Tortillas,128,3
30385,Organic Free Range Grade A Large Brown Eggs,86,16
30391,Organic Cucumber,83,4
30406,Butternut Squash,83,4
30425,Chewy Chocolate Chip Granola Bars,3,19
30440,Chocolate Crepes,93,3
30441,V-Fusion Energy Pomegranate Blueberry,98,7
30442,Low Fat Vanilla Yogurt,120,16
30450,Creamy Almond Butter,88,13
30480,"Tomatoes, Whole Peeled",81,15
30486,Organic Sweet Cherries,116,1
30489,Original Hummus,67,20
30494,Organic Mango Slices,117,19
30506,Hummus Roasted Pepper,67,20
30511,Thin & Crispy Crust Four Cheese Pizza,79,1
30532,Chunky New England Clam Chowder,69,15
30557,Manzano Banana,24,4
30561,Plain Bagelettes,93,3
30563,Strained Non-Fat Strawberry Icelandic Style Skyr Yogurt,100,21
30571,Bare Fruit Banana Chips,50,19
30597,French Vanilla Coffee Creamer,53,16
30599,Homemade Vodka Sauce,9,9
30620,Roasted Garlic & Olive Oil Pearled Couscous,4,9
30635,Lactose Free Yogurt Plain,120,16
30639,Organic Orange Juice,98,7
30664,Organic Beef Base,69,15
30668,Half Baked Frozen Yogurt,37,1
30695,Milk Chocolate Bar,45,19
30696,Eggo Homestyle Waffles,52,1
30720,Sugar Snap Peas,83,4
30731,Pure Cane Granulated White Sugar,17,13
30742,Veggie Pepperoni Pizza,14,20
30754,Wheels & Cheese,38,1
30756,Mandarin Clementine  Bag,24,4
30767,Low Sodium Sweet Peas,81,15
30776,Organic Raw Kombucha Gingerade,31,7
30778,Ultra Original Scent Dishwashing Liquid 38 Fl Oz Dish Care,74,17
30795,Sesame Seaweed Salad,13,20
30796,Strawberry Gem Fruit Spread,88,13
30807,Brown Sugar & Cinnamon Cream Cheese Spread,108,16
30827,Seedless Cucumbers,32,4
30839,Homestyle Breaded Chicken Breast Tenders,129,1
30850,French Roast Ground Coffee,26,7
30909,Telera Rolls,43,3
30910,Double Stuf Golden Sandwich Cookies,61,19
30921,Jumbo Grade A White Eggs,86,16
30949,Organic YoKids Smoothie Strawberry Banana Lowfat Yogurt,120,16
30957,Mild Tomatillo Salsa,51,13
30958,Honey Mustard and Onion Pretzels Pieces,107,19
30967,Organic Frosted Flakes Cereal,121,14
31006,Frisee (Chickory) Lettuce Bunch,83,4
31036,Crisp Hard Cider Crisp Apple,27,5
31040,Sea Salt Pita Chips,107,19
31066,Aluminum Foil,85,17
31075,Dark Chocolate Morsels,17,13
31081,"Ale, India Pale, Brew Free! Or Die IPA",27,5
31095,Jade Pearl Rice Ramen,66,6
31096,Gluten Free Nutty Cranberry Maple Granola,57,14
31102,Sugar Free Energy Drink,64,7
31127,Sweet Batard,112,3
31130,Sea Salt Flakes Original,104,13
31181,Organic Garlic Hommus,67,20
31215,Lemon Yogurt,120,16
31217,Low Fat 2% Evaporated Milk,17,13
31225,Gluten Free Classic Hotdog Buns,43,3
31231,Vitamin Water Zero Rise Orange,64,7
31242,Pico De Gallo Chunky Salsa,67,20
31257,Vegan Chocolate Chip Mini Muffins,8,3
31263,Breaded Fish Sticks,34,1
31268,Sandwich Bags,85,17
31275,Organic High Fiber Coconut Flour,17,13
31282,Toddler Formula Iron Fortified Dairy Powder,92,18
31287,Organic Black Peppercorns,104,13
31288,Lowfat Key Lime Yogurt,120,16
31292,All Natural Cinnamon Raisin Bread,112,3
31307,Korean Kimchi,66,6
31315,Cobb Salad With Chicken & Bacon,1,20
31328,Whole Grain Crispbread,78,19
31334,Chocolate Almond & Sea Salt with Chia Granola Bars,3,19
31338,Classic Almond Butter,88,13
31341,Crunchy Gherkins,110,13
31342,Organic SprouTofu Extra Firm Tofu,14,20
31343,Shredded Mild Cheddar Cheese,21,16
31371,Whole Wheat English Muffins,93,3
31372,Dark Brown Sugar,17,13
31373,Macrobar Prolonged Powder Banana + Almond Butter,3,19
31378,"Traditional Size Corn Tortillas, 6\""",128,3
31392,Rosemary Crostini,78,19
31404,Vanilla Yoghurt,120,16
31422,100% Orange Juice,31,7
31423,Vegetable Classics Tomato Basil,69,15
31433,Organic Cinnamon Crunch Cereal,121,14
31444,Crystallized Ginger In Dark Chocolate  Bar,45,19
31449,Lavender Multi-Surface Cleaner,114,17
31461,Cheese Tamale Verde,38,1
31471,Semisweet Chocolate Chips,17,13
31478,Dairy-Free Cheddar Style Wedges,21,16
31486,Zero Calorie Sweetener,17,13
31487,Boomchickapop Sweet & Salty Kettle Corn,23,19
31504,Organic Stage 2 Peaches & Bananas Baby Food,92,18
31506,Extra Virgin Olive Oil,19,13
31513,Kefir Cultured Milk Smoothie Plain,120,16
31523,Southwest Taco Seasoning Mix,30,6
31528,Natural Emmentaler Swiss Cheese,21,16
31533,Spinach Feta in a Pocket Sandwich,38,1
31539,Organic Worcestershire,72,13
31553,Fresh Ginger Root,83,4
31555,Organic Light in Sodium Lentil Vegetable Soup,69,15
31557,White Nectarine,24,4
31562,Sweet Onions,83,4
31563,Gluten Free Black Bean and Quinoa Burrito,38,1
31564,Crackers,78,19
31573,Whole Grain Brown Ready Rice,4,9
31577,Whole Wheat Bunnies Baked Snack Crackers,78,19
31587,Tomato Balsamic Vinegar Ketchup,72,13
31589,Petite Diced Tomatoes,81,15
31618,Thick Medium Cheddar Slices,21,16
31634,Brown Sugar Maple Oatmeal with Ancient Grains,130,14
31635,Vanilla Almond Milk Yogurt,120,16
31640,Original Puffins Cereal,121,14
31645,Confetti Bean Pasta,13,20
31663,Vanilla Blueberry Clusters With Flax Seeds Granola,57,14
31678,Gluten Free Cinnamon Raisin Bread,112,3
31683,Original No Pulp 100% Florida Orange Juice,31,7
31701,Potato Puffs with Roasted Garlic and Cracked Black Pepper,129,1
31717,Organic Cilantro,16,4
31720,Organic  Whole Milk,84,16
31730,Chewy Granola Bar Chocolate Chip Granola,3,19
31759,Cherrios Honey Nut,121,14
31766,Cheese Pizza Snacks,129,1
31789,Garden Spinach Herb 6 Ct Wraps,128,3
31805,Gourmet Tomato Medley,32,4
31808,Lemon-Lime 12 Pack Soda,77,7
31821,Cubanelle Pepper,83,4
31847,Pure Butter Shortbread,61,19
31848,Mini Pretzels,107,19
31853,Premium Ginger Beer,77,7
31865,Four Cheese Ravioli,12,9
31869,Organic Edamame,116,1
31871,Beef Polska Kielbasa,106,12
31883,Vegetable Lasagna,38,1
31912,Avocado Oil,19,13
31915,Organic Red Delicious Apple,24,4
31927,Four Cheese Pasta Sauce,9,9
31952,Crunchy Baked Corn Sticks,107,19
31955,Organic Banana Puffs,92,18
31964,Passionfruit Sparkling Water,115,7
31981,1% Low Fat Milk,84,16
31985,Beefsteak Tomatoes,83,4
31992,"Select-A-Size Paper Towels, White",54,17
31995,Imported Unsalted Butter,36,16
32030,Extra Sharp White Cheddar,21,16
32044,Seltzer Calorie-free Cranberry Lime,115,7
32047,Original Apple 100% Juice,98,7
32068,Kettle Korn Popcorn,23,19
32079,Shredded Parmigiano Reggiano,21,16
32090,Extra Long Lasting Polar Ice Flavor Sugarfree Gum,46,19
32099,Cilantro Lime Chicken Burrito,38,1
32106,Organic Stage 2 Rice & Lentil Baby Food,92,18
32108,Cultured 'Lowfat Buttermilk,84,16
32133,4 Cheese Mexican Shredded Cheese,21,16
32134,Lactose Free Plain Kefir,120,16
32138,Dark Roast Cold Brew Coffee Concentrate,26,7
32139,Hommus Classic Original,67,20
32151,Gluten Free Wraps,128,3
32156,Cranberry Juice Cocktail,98,7
32177,Blood Oranges,24,4
32201,Nonfat Strawberry With Fruit On The Bottom Greek Yogurt,120,16
32211,Whole Grains Oatnut Bread,112,3
32230,Organic Greek Fat Free Plain Yogurt,120,16
32281,Persian Lime Miracle Tart,61,19
32284,Vanilla Almond Pecan Oatmeal Bowl,130,14
32290,Urban Cowgirl Mild Mango Peach Salsa,51,13
32293,Organic Bunny Fruit Tropical Treat Fruit Snacks,50,19
32303,Red Seedless Grapes,24,4
32315,Multi-Grain English Muffins,93,3
32320,Chicken Thigh,35,12
32325,Slow Churned  Caramel Delight Ice Cream,37,1
32331,Flip™ Low-Fat Almond Coco Loco Lowfat Greek Yogurt,120,16
32338,Natural Jif Creamy Peanut Butter Spread,88,13
32347,European Style Unsalted Butter,36,16
32348,Drews Buttermilk Ranch Dressing,89,13
32360,Creamy Deluxe Shells & Real Aged Cheddar Sauce,4,9
32387,Roasted Garlic & Sweet Basil Sauce,9,9
32402,"Crackers, Crispy, Cheddar",78,19
32403,Fat Free Skim Milk,84,16
32413,Minute Jasmine Rice Microwaveable Rice Bowl,63,9
32429,Red Mango,24,4
32433,Green Peas,116,1
32441,Fresh Goat Cheese Log,21,16
32442,Organic Original Tofu Veggie Burger,14,20
32446,Bunched Carrots,83,4
32455,Whole Grain Cheddar Baked Snack Crackers,78,19
32465,Sliced White Mushrooms,123,4
32467,Organic Living Butter Lettuce,83,4
32476,Garlic & Herb Bread Crumbs,5,13
32478,Reduced Fat 2% Milk,84,16
32486,Shredded 3 Cheese Blend,21,16
32511,Ground Coffee French Roast,26,7
32519,Honey Maid Fresh Stack Honey Grahams,61,19
32521,Honey Mustard and Onion Seasoned Sourdough Nibblers,107,19
32537,Parsley,16,4
32545,Bakery Classics Sliders Golden Potato Buns,43,3
32553,"Country Stand Juice, Medium Pulp",98,7
32566,Dha Omega 3 Vitamin D Milk,84,16
32573,Pretzel Sticks,107,19
32578,Organic Fresh Squeezed Orange Juice,31,7
32579,Organic Promise Autumn Wheat Cereal,121,14
32585,Sprouted Wheat Cinnamon Raisin Bagels,93,3
32605,Glory's Sweet Cherry Tomatoes,83,4
32611,Honey Almond Butter Single,88,13
32624,Acorn Squash,83,4
32650,White Giant Paper Towel Rolls,54,17
32653,Chocolate Salted Caramel Protein Bar,3,19
32655,Organic Large Grade AA Brown Eggs,86,16
32677,Bag of Key Limes,24,4
32679,Original Plain Yoghurt,120,16
32689,Romaine Hearts,123,4
32691,Vanilla Ice Cream,37,1
32707,Platinum™ ActionPacs™ Fresh Scent Dishwasher Detergent,74,17
32717,Baked Beans,59,15
32734,Spaghetti,131,9
32740,Cold-Brew Black Coffee,26,7
32747,Low Fat 1% Milk,84,16
32757,Quiche Lorraine,13,20
32773,VEGET TOMATO BASIL,50,19
32784,Natural Shredded Mexican Style Four Cheese,21,16
32786,Beet Chips,50,19
32804,"Cheese, Shredded, Parmesan",21,16
32828,Italian Sausage,14,20
32842,Colby-Jack Cheese Sticks,21,16
32851,Organic Carrots Baby Peeled Prepacked,123,4
32857,Organic Chunky Tomato Bisque Soup,69,15
32864,Organic Baby Rainbow Carrots,123,4
32869,Spicy Chik'n Veggie Protein Patties,42,1
32884,Organic & Raw Trilogy,31,7
32895,Organic Persian Cucumbers,83,4
32911,Organic Sensitivity Infant Formula with Iron,92,18
32915,Honey Turkey,96,20
32927,House Napa Cabbage,66,6
32935,Raw Mild Cheddar Cheese,21,16
32942,Frontier Whole Wheat Oat & Honey Flapjack and Waffle Mix,130,14
32951,Ricotta Cheese,21,16
32959,Jumbo Veggie Protein Smart Dogs Links,106,12
32961,Blazin' Beef Recipe Dog Food,40,8
32971,Sliced Peaches,116,1
32988,Natural Foods Olive Oil Potato Chips Sea Salt,107,19
33000,Pure Irish Butter,36,16
33021,Reserve Cheddar Cheese,2,16
33023,Premium Italian Seasoned Croutons,89,13
33037,Wheat English Muffins,93,3
33043,Crescent Rolls,105,13
33045,Lemon Herb Chicken Breast,13,20
33050,Family Size Lasagna With Meat & Sauce,38,1
33055,Organic Golden Delicious Apple,24,4
33056,Stacy's Multigrain Pita Chips,107,19
33065,Cabernet Sauvignon,28,5
33071,Sashimi Combo,13,20
33081,Chicken Apple Sausage,106,12
33086,Chicken Flavor Bouillon,69,15
33095,"Salame, Italian Dry",96,20
33098,Organic Stewed Tomatoes,81,15
33120,Organic Egg Whites,86,16
33129,Classic Hummus,67,20
33153,IPA,27,5
33195,7 Sprouted Grains Bread,112,3
33198,Sparkling Natural Mineral Water,115,7
33206,Pearled Couscous Original Plain,4,9
33216,Organic Vegetarian Baked Beans,59,15
33232,Unsweetened Cashew Milk,91,16
33237,Classic Five Cheese Lasagna,38,1
33257,Original Recipe Chocolate Pudding,71,16
33279,Low Sodium Bacon,106,12
33290,Lemon Verbena Dish Soap,74,17
33326,Cheese Finely Shredded Mexican Four Cheese Blend Reduced Fat 2%,21,16
33351,Light Multi-Grain English Muffins,93,3
33352,Organic Kale Greens,123,4
33357,Fresh Sugar Snap Peas,123,4
33370,Total with Strawberry Yogurt,120,16
33373,Honeycrisp Bag,24,4
33378,Tzatziki Sauce,51,13
33399,Red Lentil Dahl Soup,1,20
33401,Goat Cheese Crumbles,21,16
33438,Rosemary & Olive Oil Quinoa Blend,63,9
33439,Deep Moisture Body Wash,127,11
33452,Fruit Punch Sports Drink,64,7
33465,Broth Free Range Chicken Organic,69,15
33493,Cotton Swabs,44,11
33508,Plain Pre-Sliced Bagel Thins,93,3
33527,Organic Classic Rich Crackers,78,19
33552,Real Medleys Peach Almond Oatmeal,130,14
33560,Italian Bread Crumbs,5,13
33564,Whole Green Beans,81,15
33568,Fresh Tilapia Fillet,39,12
33572,Lactose Free 2% Reduced Fat Milk,91,16
33589,G2 Grape Sports Drink,64,7
33613,Premium Firm Tofu,91,16
33614,Carb Balance Flour Tortillas,128,3
33636,Organic Shells And White Cheddar,4,9
33642,Lactose Free Cream Cheese,108,16
33651,Harvest Cheddar Multigrain Chips,107,19
33655,Strawberry Jelly,88,13
33672,Shredded Monterey Jack Cheese,21,16
33682,Total 2% Greek Mixed Berries Yogurt,120,16
33686,Qi'a Gluten Free Oatmeal Creamy Coconut,130,14
33709,All Natural Medium Fire-Roasted Tomato & Jalapeno Salsa,51,13
33716,Apple Pie Fruit & Nut Food Bar,3,19
33719,French Vanilla Yogurt Vanilla,120,16
33731,Grated Parmesan,21,16
33741,Gluten Free Classic Hamburger Buns,43,3
33745,Oats and Honey Protein Crunchy Granola,57,14
33747,Traditional Chicken Rice with Vegetables Soup,69,15
33750,Sweet Rival Sesame Butter + Dates Macrobar,3,19
33752,Meatless Sausage Egg Gouda Sandwich,42,1
33754,Total 2% with Strawberry Lowfat Greek Strained Yogurt,120,16
33768,Sinfully Sweet Campari Tomatoes,83,4
33772,Eggo Thick & Fluffy Original Waffles,52,1
33783,Pears,24,4
33787,Total 2% Lowfat Greek Strained Yogurt with Peach,120,16
33791,Raspberry on the Bottom Nonfat Greek Yogurt,120,16
33825,Four Fruits Preserves,88,13
33827,Fat Free French Vanilla Creamer,53,16
33845,Organic YoBaby Vanilla Yogurt,120,16
33846,Roasted Garlic Hummus,67,20
33852,Black Raspberry Sparkling Water Drink,115,7
33884,Bay Leaves,104,13
33891,Rib Bone,122,12
33909,Cracked Wheat Sourdough Loaf,112,3
33910,Large Golden Kiwi,24,4
33911,Zero Calorie Cream Soda,77,7
33913,Chicken & Star Shaped Pasta RTS Soup,69,15
33919,Organic Coconut Bliss Salted Caramel in Chocolate,37,1
33929,Acai Berry Chia Bar,3,19
33942,Black Chai Decaf  Tea Bags,94,7
33943,Sliced Yellow Cling Peaches in Heavy Syrup,99,15
33948,"To Go Lunch Containers With Lids, Medium Rounds with Dressing Cups",85,17
33950,Natural California Raisins Mini Snack Boxes,117,19
33957,Mexican Casserole Bowl,38,1
33959,Chocolate Chip Gelato,37,1
33978,Organic Icelandic Coconut Yogurt,120,16
33990,Organic Chocolate Chip Granola Bars,3,19
34005,Black Seedless Grapes,24,4
34013,Microwaveable Whole Grain Brown Rice 2 ct,4,9
34023,Whole Grain Quinoa,63,9
34024,Classic Soda,77,7
34034,Roasted Garlic Pasta Sauce,9,9
34040,Organic Gut Shot Ginger Beet Probiotic Drink,81,15
34044,Organic Orange Juice with Pulp,31,7
34047,Classic Soda Mini Bottles,77,7
34049,Broccolini,83,4
34050,Orange Juice,31,7
34065,"Tomatoes, Crushed, Organic",81,15
34067,Organic Honey,29,13
34070,100% Whole Wheat Mini Bagels,93,3
34079,Oatmeal Blueberry & Hazelnut Cup,130,14
34080,Freshly Made with Durum Flour and Eggs Delicately Cut into Narrow Ribbons Linguine Pasta,12,9
34111,Mini Naan,128,3
34121,Organic Roots Juice,98,7
34122,Non Pareil Capers,110,13
34126,Organic Italian Parsley Bunch,16,4
34128,Tzatziki,67,20
34129,Kale Blazer,31,7
34134,Spinach Peas & Pear Stage 2 Baby Food,92,18
34137,Chocolate Sea Salt,3,19
34141,Tabouli Salad,1,20
34146,Fruit By The Foot Berry Tie Dye Fruit Snacks,50,19
34148,Variety of Anitoxidant Infusions Cans,64,7
34160,of Hanover 100 Calorie Pretzels Mini,107,19
34164,Artisan Lettuce,123,4
34178,Select Caesar Croutons,89,13
34197,Goat Milk,84,16
34214,Pesto Pizza,79,1
34217,Pesto Tortellini  Bowls,38,1
34220,Honey Lavender Stress Relief Tea,94,7
34222,Squeeze Grape Jelly,88,13
34230,4% Milkfat Small Curd Cottage Cheese,108,16
34234,Grade AA Large White Eggs,86,16
34243,Organic Baby Broccoli,83,4
34244,"Bread, Sprouted Sourdough",112,3
34247,Real Medleys Blueberry Hazelnut Oatmeal,130,14
34249,Strawberry Puffs,92,18
34276,Pecan Caramel Almond Creamer,91,16
34281,70% Dark Chocolate Bar,45,19
34283,Fudgsicle No Sugar Added,37,1
34284,Organic Light In Sodium Butternut Squash Soup,69,15
34310,Organic Goddess Dressing,89,13
34320,Organic Apples Pommes,24,4
34335,Ruby Red Grapefruit Juice,98,7
34355,Spearmint Sugar-Free Gum,46,19
34356,Sundried Tomatoes,63,9
34358,Garlic,83,4
34368,"Dinner Classic White 10.375\"" Dinner Plate",111,17
34374,"Chick Peas, Garbanzos",30,6
34423,Pure Organic Pineapple Juice,98,7
34427,Butter Beans,59,15
34428,Orange Slices,123,4
34448,Original Veggie Straws,50,19
34450,Bag Of Organic Lemons,24,4
34451,Pesto Pasta Sauce,9,9
34452,Simply Clean Frag Free Wipe,56,18
34466,Sweet Potatoes,116,1
34473,Gluten Free Vegan Penguinos Cupcakes,8,3
34480,Tomatoes,83,4
34496,Alfredo Pasta Sauce,9,9
34497,"Prosciutto, Americano",96,20
34503,Grape-Nuts Cereal,121,14
34504,Microwave Extra Butter Popcorn,23,19
34506,Vitamin D3 1000IU Softgels,47,11
34511,White Sharp Cheddar Cheese,21,16
34513,Organic Snapped Bean Medley,83,4
34519,Simply 100® Blueberry Blended Non-Fat Greek Yogurt,120,16
34524,Zinc Elderberry and Raspberry Lozenges,47,11
34530,Organic Chicken Thighs,7,12
34543,Turkey No Beans 98% Fat Free Chili,59,15
34551,Organic Cane Sugar,17,13
34557,Salted Caramel Greek Nonfat Yogurt,120,16
34565,Peanut Butter Whole Grain Clusters,57,14
34582,Natural Creamy Peanut Butter Spread,88,13
34590,Pitted Dates,117,19
34594,DHA Omega-3 Vanilla Lowfat Milk,84,16
34598,Brown'N Serve Sausage Links Maple 10 Ct,52,1
34608,1% Milkfat Low Fat Buttermilk,84,16
34615,Golden Yellow Bell Peppers,83,4
34622,Vanilla Cupcakes,8,3
34635,Shredded Beef Burrito,38,1
34640,Steamfresh Premium Selects Frozen Whole Green Beans,116,1
34668,Organic Large Grade AA Omega-3 Eggs,86,16
34680,Bloody Mary Mix,6,2
34720,"Avocado Oil, Refined",19,13
34739,Pink Grapefruit All-Purpose Natural Surface Cleaner,114,17
34786,Tikka Masala Simmer Sauce,76,6
34819,Liquid Vitamin C Orange Flavor,47,11
34829,Chocolate Wafers Candy Bar,45,19
34850,Pepperoncini,72,13
34862,Tiny Twists Pretzels,107,19
34866,Chocolate Milk 1% Milkfat,84,16
34887,Chunky Tomato Garlic & Onion Pasta Sauce,9,9
34898,Low Moisture Part Skim Mozzarella String Cheese,21,16
34905,Organic Brown Rice And Wakame Noodles,66,6
34949,Hand Picked Pomegranate Seeds/Arils,123,4
34953,Premium Grade Sushi Rice,63,9
34964,Cleansing Towelettes Hydrating Makeup Remover,73,11
34968,Enriched Poppyseed Hot Dog Buns,43,3
34969,Red Vine Tomato,83,4
34982,Blueberry & Acai Asian Yogurt,120,16
34993,Mango Yoghurt,120,16
35004,Macaroni Shells & White Cheddar Cheese,4,9
35042,Black Beans,59,15
35055,Just Cranberry Unsweetened Juice,98,7
35070,Santa Fe-Style Rice & Beans,38,1
35078,Seriously Sharp Cheddar Cheese,21,16
35084,Wheat Organic Bread,112,3
35091,Organic Cream on Top Peach Yogurt,120,16
35108,Salted Butter,36,16
35123,Grilled & Ready Chicken Breast Strips,34,1
35126,Organic Z Fruit Grape Rope,3,19
35132,Cheese Square Crackers,78,19
35140,Organic Whole Cashews,117,19
35163,Red Leaf Lettuce,83,4
35166,Double Concentrated Tomato Paste in Tube,81,15
35167,Organic Spicy Taco Seasoning,30,6
35168,Ezekiel 4:9 Sprouted Grain Tortillas,128,3
35182,Gluten Free Cornbread Mix,105,13
35199,100% Apple Juice,98,7
35205,Jasmine Brown Rice,66,6
35217,Toasted Sesame Seed Oil,19,13
35221,Lime Sparkling Water,115,7
35223,Dairy Free Plain Cream Cheese Style Spread,108,16
35233,Peach,24,4
35234,2% Low Fat Cottage Cheese,108,16
35242,Cornmeal Crust 3 Cheese Pizza,79,1
35264,Cut Okra,116,1
35267,Organic Granny Smith Apples,24,4
35284,Dark Chocolate Sugar Free Pudding Snacks,71,16
35286,Cocktail Peanuts,117,19
35321,Organic Lowfat Milk,84,16
35361,Overnight Maxi Pads,126,11
35365,Naturally Hickory Smoked Hometown Original Bacon,106,12
35383,Classic White Bread,112,3
35417,Reduced Fat Milk 2%,84,16
35425,Gluten Free Brown Rice English Muffins 6 ct,93,3
35429,Organic Yerba Mate Unsweetened Hibiscus Lime,94,7
35430,Nilla Wafers,61,19
35440,FreshCare Flushable Cleansing Cloths Refill,54,17
35467,Semi Sweet Chocolate Mega Chunks Dairy Nut & Soy Free,17,13
35470,Water Mineral,115,7
35503,Organic Vanilla Almond Milk,91,16
35504,Real Coconut Water,98,7
35510,Organic Yukon Gold Potato,83,4
35522,Strawberry Protein Shake,98,7
35523,Original Rice Drink,91,16
35535,Organic Red Chard Greens,83,4
35547,Organic Baby Kale,83,4
35561,Organic Tortilla Chips,107,19
35577,Multi Seed English Muffin,58,1
35578,Genoa Salame with White Cheddar Cheese & Toasted Rounds Small Plates,7,12
35595,Organic Large Grade AA Eggs,86,16
35609,Coconut Milk with Jasmine PetalsPurely Pampering Nourishing Body Wash,127,11
35619,Corn Chex Cereal,121,14
35622,50% Less Sodium Black Beans,59,15
35628,Organic Strawberry Smoothie,120,16
35629,Coho Salmon,39,12
35633,Chocolate Peanut Butter,3,19
35656,Pocket Pearl Regular Tampons,126,11
35665,Nutter Butter Cookies,61,19
35682,Biscoff Cookie,61,19
35702,Pineapple Tidbits in 100% Pineapple Juice,99,15
35708,Chocolate Coconut Chew Flavored Bar,3,19
35715,"Whole Grain Organic Waffles, Totally Original",52,1
35725,Organic Oregano,104,13
35731,Cool Touch Coconut Oil & Aloe Facial Tissues,54,17
35734,Whole Chia Seeds,117,19
35749,Ginger Tea,94,7
35750,Organic Garbanzo Beans No Salt Added,59,15
35752,Hardwood SmokedCenter Cut Original Bacon,106,12
35761,Ultra Thin Slices Sharp Cheddar Cheese,21,16
35762,Eggo Cinnamon Toast Waffles,52,1
35782,Mango Flavor Probiotic Juice Drink,31,7
35784,Lemon Sparkling Natural Spring Water,115,7
35815,Dairy Free Gluten Free Chocolate Almond Butter Miracle Tart,61,19
35818,Natural Dish Liquid,74,17
35824,Boneless Chicken Breast,35,12
35825,Jumbo Franks,106,12
35851,Organic Greek Lowfat Yogurt With Cherries,120,16
35855,Unbleached All-Purpose Flour,17,13
35870,Strawberry Watermelon Sports Drink,64,7
35877,Meaty Ground Dinner With Chopped Chicken Dog Food,40,8
35886,Organic Blueberries Clamshell,32,4
35887,Organic Mixed Vegetables,116,1
35898,Original Hot Sauce,72,13
35902,Vegan Garlic & Roasted Veggie Ravioli,12,9
35909,Garden Salsa Multigrain Chips,107,19
35914,Dha Omega 3 Reduced Fat 2% Milk,84,16
35921,Organic Large Grade A Brown Eggs,86,16
35939,Organic Jalapeno Pepper,83,4
35940,Family Recipe Italian Dressing,89,13
35946,Made With Organic Beans & Rice Burrito Non-Dairy,38,1
35948,Tonic Water,115,7
35951,Organic Unsweetened Almond Milk,91,16
35971,Beef Franks in a Blanket,129,1
35973,Paprika,104,13
35976,Sweet Cream Whipped Butter Salted,36,16
35986,2-Ply 100% Recycled Bathroom Tissue,54,17
35989,Coconut Flavored Sparkling Water,115,7
36011,Organic Fat Free Milk,84,16
36036,Organic Orange Fruit Juice,98,7
36039,Organic Cocoa Crunch Protein Bar,3,19
36050,Rainbow Ice Pops,37,1
36051,Glass Cleaner,114,17
36066,SleepGels Nighttime Sleep Aid,6,2
36070,"Super Spinach! Baby Spinach, Baby Bok Choy, Sweet Baby Kale",123,4
36076,Everything Deli Style Pretzel Crisps Crackers,107,19
36082,Organic Mango,24,4
36085,Berry Berry Good Lemonade Organic Juice Drink,98,7
36086,Philadelphia Original Cream Cheese,108,16
36107,smartwater® Electrolyte Enhanced Water,115,7
36117,Soft 10 Grain Bread,112,3
36118,Double Fiber Whole Grain Sliced English Muffins,93,3
36126,Sharp Cheddar Deli Sliced Cheese,21,16
36127,Freshly Squeezed Orange Juice,31,7
36135,Green Tea Mochi Ice Cream Bonbons,37,1
36157,Turkey Burger,35,12
36164,Organics Spinach,123,4
36165,Homemade Corn Chips,107,19
36170,Reduced Fat Original Baked Snack Crackers,78,19
36178,Rao's Homemade Roasted Garlic Sauce,9,9
36180,Red Kidney Beans,63,9
36186,Large Grade AA Organic Eggs,86,16
36192,Kool Ranch Kale Chips,50,19
36198,Organic Unsweetened Original Rice Drink,91,16
36200,Baby Dry Diapers Size 6 Diapers,56,18
36205,Peanut Butter Egg White Protein Bar,3,19
36216,Lime Italian Sparkling Mineral Water,115,7
36253,Parmesan Cheese Grated from the block,21,16
36262,"Antacid/Analgesic, Extra Strength, Effervescent Tablets",70,11
36274,Arnold Palmer Lite Half Iced Tea & Half Lemonade,94,7
36291,Maximum Strength Original Paste Diaper Rash Ointment,6,2
36305,The Great Organic Uncured Chicken Hot Dogs,106,12
36307,Milano Double Chocolate Cookies,61,19
36310,VIA Ready Brew Colombia Coffee,26,7
36316,Lemon Sparkling Water,115,7
36322,Thin Spaghetti No 11,131,9
36326,Multipurpose Sealing Wrap 70 Sq. Ft.,85,17
36342,Carrot Raisin Flax Muffins,93,3
36361,Organic Cottage Cheese Blueberry Acai Chia,108,16
36365,Snack Size KitKat,45,19
36386,Bleach Splash-Less,75,17
36389,Organic Rainbow Chard Vegetable,83,4
36397,Gluten Free Millet-Chia Bread,112,3
36406,Essential Greens With Lime  Vegetable and Fruit Juice Blend,31,7
36426,"Fire-Roasted Tomato Taco Sauce, Medium",30,6
36431,Hardwood Smoked Bacon,106,12
36438,Organic Premium Roasted Seaweed Snack,66,6
36482,Corn Sweet Potato Tortilla Chips,107,19
36496,Oh My Yog! Trilayer Yogurt Apple Cinnamon,21,16
36528,Organic Brown Rice Lasagne Pasta,131,9
36550,Organic Extra Large Grade AA Brown Eggs,86,16
36591,100% Whole Wheat Medium Soft Taco Flour Tortillas,128,3
36616,Gin,124,5
36618,"12\"" Aluminium Foil",85,17
36646,Lactose Free Sour Cream,108,16
36664,Baked Soft Pretzels,129,1
36695,Organic Hothouse Cucumbers,83,4
36724,Organic Sea Salt Roasted Seaweed Snacks,66,6
36736,Iodized Salt,104,13
36772,Bunny Pasta with Yummy Cheese Macaroni & Cheese,4,9
36780,90 Calorie Chocolate Chewy Bars,3,19
36790,Spring Water Body Wash,127,11
36792,Gluten Free Omega Flax & Fiber Bread,112,3
36793,Italian Seasoning,104,13
36802,Peach Nectar,98,7
36822,Cioccolati Biscotti,61,19
36833,Original Cheese,21,16
36843,Honey Maid Teddy Grahams,78,19
36848,Gluten Free Quick Cooking Oats,130,14
36865,Non Fat Raspberry Yogurt,120,16
36869,O'Soy Smooth & Creamy Vanilla Organic Soy Yogurt,120,16
36874,Diakon Radish Kimchi,66,6
36923,Trop50 No Pulp Orange Juice,31,7
36929,"Milk, Vitamin D",84,16
36953,Free & Clear Automatic Dishwasher Detergent,74,17
36956,Stringless Sugar Snap Peas,123,4
37003,"Organic Apples, Carrots and Parsnips Puree",92,18
37011,Artichokes,83,4
37016,Graham Cracker Pie Crust,105,13
37019,Dairy Free Gluten Free Cookie Dough Coconut Milk Frozen Dessert,37,1
37029,Cream Cheese Spread,108,16
37033,Non-Stick Parchment Paper,97,13
37036,Ultra Dawn Ultra Dishwashing Liquid Antibacterial Orange 21.6 Oz Dish Care,74,17
37040,Fanta Orange Soda,77,7
37053,Just Mayo,72,13
37065,Serrano Chile Peppers,83,4
37067,Organic Banana,24,4
37107,Ground Cumin,104,13
37113,Brown Gravy Mix,5,13
37119,Uncured Pepperoni,96,20
37141,Dairy Free Coconut Milk Vanilla Yogurt Alternative,120,16
37145,Select Natural Applewood Smoked Turkey Breast,96,20
37148,"Milk Chocolate Candies, Bonus Bag",45,19
37157,Lemon Jel Dessert,105,13
37158,Chicken & Maple Breakfast Sausage,52,1
37192,Smart Ground Original Veggie Protein Crumbles,14,20
37193,Shelled Edamame,116,1
37215,100% Cranberry Juice,98,7
37220,Organic Strawberry Fruit Spread,88,13
37229,"Bathroom Tissue Softness & Strength, Double Rolls",54,17
37234,Strawberry Apple Juice,31,7
37250,Cut Green Beans,116,1
37257,Organic Sweetened Cranberries,117,19
37276,"Bar, Toffee & Almonds in Milk Chocolate",45,19
37286,Brown & Wild Ready Whole Grain Medley,4,9
37288,Organic Black Plum,83,4
37335,Thin Whole Wheat Sandwich Buns,128,3
37358,Frozen Limeade Concentrate,113,1
37374,Cherubs Tomatoes,83,4
37417,Gluten Free Pretzel Twists,107,19
37418,Mojo Chocolate Almond Coconut Bar,3,19
37449,Natural Muenster Cheese,21,16
37458,Crushed Red Peppers,104,13
37461,Pomodoro Basilico Pasta Sauce,9,9
37464,Apple Cinnamon Instant Oatmeal,130,14
37478,Gluten Free Whole Grain Hamburger Buns 4 Count,43,3
37479,April Fresh® Liquid Fabric Softner,75,17
37496,Organic Deep Dark Sea Salt Chocolate,45,19
37508,0% Fat Organic Greek Vanilla Yogurt,120,16
37516,"Barbecue Sauce, Kansas City",72,13
37520,Indoor Cat Food,41,8
37524,Fresh Mozzarella Ball,2,16
37538,Organic Sweet Pea,123,4
37552,Sparkling Blackberry Juice,98,7
37594,French Vanilla Yogurt,120,16
37642,Ccnut Raw Cocoaminos,72,13
37645,Original Flavor Bean Dip,51,13
37646,Organic Gala Apples,24,4
37653,The Original Spicy Sauce,72,13
37654,Butter with Canola Oil Spread,36,16
37687,Organic Spring Mix,123,4
37710,Trail Mix,125,19
37718,Blueberry Whole Milk Yogurt Pouch,120,16
37722,Gluten Freen Original Rice Pudding,71,16
37725,Rice Sides Cheddar Broccoli,4,9
37726,Juicy Limes,24,4
37728,Dips Original Ranch Mix,89,13
37731,Chocolate Bars Minis Mix Variety Pack,45,19
37733,Uncured Pepperoni Mini Pizza Bagels Frozen Snacks,79,1
37736,Original Glazed Doughnuts,93,3
37739,Sea Salt & Vinegar Potato,107,19
37766,XL Emerald White Seedless Grapes,123,4
37776,Vanilla All Natural Liquid Coffee Creamer,121,14
37777,Moroccan Infusion Color Care Shampoo,22,11
37796,"Soap, Dead Sea Mud",25,11
37803,Oyster Mushrooms,83,4
37825,Organic Whole Wheat Fusilli,131,9
37849,Velveeta Shells & Cheese Pasta,4,9
37869,Breakfast Essentials® Classic French Vanilla Powder Drink Mix,48,14
37876,Grated Reggiano Parmigiano,21,16
37888,Wash & Shampoo Baby Bath,102,18
37923,Prosecco Sparkling Wine,134,5
37935,Light and Lean 3 Cheese Penne Marinara,38,1
37940,Original Strawberry Low Fat Yogurt,120,16
37959,Egg White Patties,86,16
37966,French Baguette Bread,112,3
37971,Organic Cranberry Pomegranate Juice,98,7
37991,8 Inch Pumpkin Pie,8,3
38000,Unsweetened Apple Sauce,99,15
38003,Sicilian Pistachio,37,1
38012,Organic Cream of Mushroom Condensed Soup,69,15
38015,Honeysuckle Dish Soap,74,17
38033,Ground Coffee Dark Roast,26,7
38051,Shiitake Mushroom,83,4
38067,Coconut Flakes,17,13
38077,Hemp Hearts Raw Shelled Hemp Seeds,117,19
38108,Sausage Buns,43,3
38127,Lowfat Strawberries 'n Cream Kefir,120,16
38139,Multiple Cat Clumping Formula Cat Litter,41,8
38141,"Fiber & Protein Organic Pears, Raspberries, Butternut Squash & Carrots Snack",92,18
38154,Original Sour Cream,108,16
38159,Organic Yellow Peaches,24,4
38164,Almonds & Sea Salt in Dark Chocolate,45,19
38175,Meatloaf & Gravy,38,1
38179,Cran-Lemonade Juice,98,7
38192,Pear & Mango Stage 2 Baby Food,92,18
38200,Apple Juice,31,7
38218,Rising Crust Three Meat Pizza,79,1
38233,Ginger Snaps,61,19
38248,Vegetable Turkey Dinner Stage 2,92,18
38250,Cheddar Squares Cheddar Squares,78,19
38255,"Gelato Squares, Key Lime Graham",37,1
38259,Blueberry Greek Yogurt + Chia,120,16
38264,Chocolate Macaroons,61,19
38266,Fresh Basil,16,4
38273,Marinara Pasta Sauce,9,9
38274,Ice Cream Sandwiches Vanilla,37,1
38279,Multi-Grain Soft Taco,128,3
38288,Pizza Sauce,9,9
38291,Traditional Crumbled Feta Cheese,21,16
38293,Ground Turkey Breast,35,12
38295,Habanero Roasted Tomato Salsa,51,13
38311,Lemon Love Juice Drink,31,7
38312,Almond Milk Strawberry Yogurt,120,16
38313,Organic Apple Banana GoGo Squeez,50,19
38321,Baby Kale,123,4
38336,Skellig 100% Natural Cheese Sweet Cheddar,2,16
38340,Everyday Plates 8.5 in,111,17
38374,Milk and Cookies Ice Cream,37,1
38383,Organic White Onions,83,4
38384,Organic Stevia Packets,17,13
38400,Asparation/Broccolini/Baby Broccoli,83,4
38419,Parsnip,83,4
38427,Soft Rolls,43,3
38444,Chardonnay,62,5
38453,Reduced Fat Chocolate Milk,84,16
38455,Jalapeno Kettle Cooked Potato Chips,107,19
38456,Large Grapefruit,24,4
38467,"Raspberries, Red, Organic",116,1
38480,Organic Gluten Free Cranberry Crunch Bar,3,19
38490,Coconut Water Organic,31,7
38504,Belgian Endive,83,4
38544,Organic Whole Milk Strawberry Beet Berry Yogurt Pouch,120,16
38557,Citrus Mandarins Organic,24,4
38558,Organic Low Fat Cottage Cheese,108,16
38562,Pomegranate Arils,123,4
38596,Part Skim Ricotta Cheese,108,16
38622,Cheddar Snack Crackers Cheddar Bunnies,78,19
38635,Steamed Baby Beets,123,4
38647,Organic Raw Sharp Cheddar Cheese,21,16
38650,Organic Red Lentils,63,9
38656,Gluten Free Peanut Butter Dark Chocolate Chewy With a Crunch Granola Bars,3,19
38662,Roasted Almond Butter,6,2
38672,Hazelnut Fat Free Liquid Coffee Creamer,53,16
38689,Organic Reduced Fat Milk,84,16
38693,Meyer Lemon,24,4
38714,Chocolate Vanilla Swirls Pudding Snacks,71,16
38730,Brownie Crunch High Protein Bar,3,19
38739,Hass Avocado,83,4
38750,"Protein Bar, Chocolate Pretzel",3,19
38755,Lentil Beans,63,9
38758,Tabouleh Wheat Salad Mix,4,9
38768,Sweet Kale Salad Mix,32,4
38772,Provolone,21,16
38775,Blueberry Muffins,93,3
38777,Organic Green Seedless Grapes,123,4
38779,Asian Yogurt Mango & Coconut,120,16
38817,Sugarfree,64,7
38827,Organic Traditional Flour Tortillas,128,3
38837,Crispy Chick'n Sliders,42,1
38847,Organic Whole Kernel Unrefined Coconut Oil,19,13
38875,Gluten Free Pancake Mix,130,14
38883,Artichoke And Jalapeño Dip & Spread,67,20
38889,Perrier Lime,115,7
38890,No Pulp Calcium & Vitamin D Pure Premium 100% Pure Orange Juice,98,7
38903,Spanish Saffron,104,13
38905,Fully Cooked Naturally Wood Smoked Thick Sliced Bacon,106,12
38925,Lightly Smoked Portuguese Sardines in Cayenne Pepper with Extra Virgin Olive Oil,95,15
38928,0% Greek Strained Yogurt,120,16
38936,1st Foods Bananas Baby Food,92,18
38944,Seven Grain Crispy Tenders,42,1
38984,Kale & Spinach Superfood Puffs,92,18
38985,Organic Stage 4 Spinach Mango & Pear Baby Food,92,18
38988,White English Muffins,93,3
38996,Grape Tomatoes,83,4
38997,Original Soymilk,91,16
39013,Smoked Fresh Turkey Kielbasa,106,12
39019,Reduced Sodium Fat Free Chicken Broth,69,15
39024,Edamame In Pod,116,1
39032,Hearts Of Romaine,123,4
39040,Organic Sliced Crimini Mushrooms,123,4
39041,Original Wheat Thins,78,19
39046,Smok Cured Turkey Bacon,106,12
39054,Unsweetened Cocoa Powder,17,13
39094,Barbeque Potato Chips,107,19
39108,Pulp Free Orange Juice,31,7
39121,Organic Jasmine Rice,38,1
39137,Swiss Cheese,33,6
39146,Original Flax Milk,91,16
39149,Cinnamon Apple Spice Herb Tea,94,7
39180,Organic Lowfat 1% Milk,84,16
39184,Down To Earth IPA,27,5
39190,Vanilla Unsweetened Almond Milk,91,16
39194,Bean & Rice Chips sea salt,107,19
39216,Original Multigrain Spoonfuls Cereal,121,14
39224,Macaroni & Cheese Dinner,4,9
39228,Gluten Free Uncured Pepperoni Pizza,79,1
39242,"Juice, Raw & Cold-Pressed, Purity",31,7
39275,Organic Blueberries,123,4
39276,Bananas,24,4
39279,Fat Free Smart Ground Mexican Style Taco Protein Crumbles,14,20
39299,Organic Chocolate Chip ZBar Kids Energy Snack,3,19
39301,Extra Firm Tofu,14,20
39303,Organic Sea Salt Potato Chips,107,19
39321,Milk Chocolate Hot Cocoa Mix,90,7
39327,Coolmint® Antiseptic Mouthwash,20,11
39328,Organic Mexican Chocolate Ice Cream,37,1
39337,Organic Refried Vegetarian Black Beans,59,15
39354,Chocolate Nirvana Ice Cream,37,1
39386,AdvantEDGE Carb Control Chocolate Fudge Protein Shake,65,11
39391,Prosciutto Cotto,96,20
39408,Gala Apples,24,4
39409,"Ginger Root Beer, Naturally Flavored Zero Calorie Soda, Caffeine Free",77,7
39415,Garlic Granules,104,13
39425,Crystallized Ginger,45,19
39427,Apples + Strawberries Organic Nibbly Fingers,92,18
39428,Peaches Large,24,4
39430,New Mexico Taco Skillet Sauce For Chicken,30,6
39448,Cold Brew Coffee Mocha,91,16
39457,Lotzza Motzza Pepperoni Pizza,79,1
39475,Total Greek Strained Yogurt,120,16
39491,Pirate's Booty Aged White Cheddar Baked Rice and Corn Puffs,107,19
39507,Pop-Tarts Unfrosted Strawberry,48,14
39530,French Vanilla Light Roast Ground Coffee,26,7
39534,Grilled Chicken Strips,7,12
39557,Organic Premium Raspberry Spread,88,13
39558,Gold Potato,83,4
39560,Go Lean Crunch! Honey Almond Flax Cereal,121,14
39561,Crackers Cheddar Bunnies Snack Packs,78,19
39581,French Vanilla Creamer,53,16
39589,Grassmilk Organic Fat Free Milk,91,16
39602,Medium Breakfast Blend Ground Coffee,26,7
39612,Grated Pecorino Romano Cheese,2,16
39618,Simply 100 Peach Blended  Non-Fat Greek Yogurt,120,16
39619,Organic Tomato Basil Pasta Sauce,9,9
39628,Mascarpone,21,16
39639,Unsweetened Plain Soy Yogurt,120,16
39646,"Red Onions, Fresh Diced",123,4
39657,Milk Chocolate Almonds,45,19
39678,Free & Clear Natural Dishwasher Detergent,74,17
39693,Fresh Dill,16,4
39699,Whole Wheat Shells & White Cheddar Macaroni and Cheese,4,9
39719,"Freshly Made. Filled with Creamy Ricotta, Aged Parmesan and Romano Cheeses Three Cheese Tortellini",12,9
39732,Pitted Kalamata Olives,110,13
39782,Organic Raspberry Mate Energy Drink,94,7
39794,Red Plum,24,4
39799,Classic Ketchup,72,13
39812,Organic Thyme,16,4
39820,Advance Infant Formula with Iron On-the-Go,92,18
39832,Rise Krisipies Toasted Rice Cereal,121,14
39861,Flax Plus Hot Oatmeal,130,14
39877,Organic Granny Smith Apple,24,4
39886,Gin Gins Original Chewy Ginger Candy,45,19
39900,Organic Whole Milk Yogurt Tubes Berry Patch & Strawberry Banana,100,21
39921,Lemon Lime Soda,77,7
39922,Celery Sticks,123,4
39928,Organic Kiwi,24,4
39947,Blackberry Cucumber Sparkling Water,115,7
39954,Organic Strawberry Spread,88,13
39964,Assorted Bagels,93,3
39968,Miso Soup,1,20
39982,Sausage  Links,42,1
39984,Organic Dill,16,4
39988,Sliced Smoked Atlantic Nova Salmon,15,12
39991,Seedless Grapes Green,24,4
39993,Vine Ripe Tomatoes,83,4
40001,Vanilla 0% Milkfat Yogurt,120,16
40002,Strawberry Ice Cream,37,1
40063,Gluten Free Chocolate Chip Cookies,61,19
40078,Strawberry Lemonade Frozen Pops,37,1
40103,Organic Quenchers Berrylicious Lemonade,98,7
40141,Original Unflavored Gelatine Mix,105,13
40146,Almond Milk Hazelnut Creamer,91,16
40166,Palak Paneer,116,1
40173,Organic Gluten Free Rigatoni,131,9
40174,2% Reduced Fat Organic Milk,84,16
40177,Original Thin Sausage Pizza,79,1
40191,Roasted Carved White Meat Turkey Dinner,38,1
40198,Blueberry Yoghurt,120,16
40199,Chocolate Chip Cookies,61,19
40203,Mint Chip Ice Cream,37,1
40208,Sliced California Olives,110,13
40226,Spinach And Mushroom Pizza,13,20
40229,Organic Whole Wheat Penne Rigate,131,9
40231,Coffee Creamer White Chocolate Raspberry,53,16
40232,Boneless Pork Loin Chops,7,12
40233,Organic Kosher Dill Pickles,110,13
40261,Extra Crunchy Peanut Butter,88,13
40268,Organic Wheat-Free & Gluten-Free Original Crackers,78,19
40287,Original Potato Crisps,107,19
40299,Soft Taco Flour Tortillas,128,3
40310,Oven Roasted Turkey Breast,96,20
40313,Classic Lighters,87,17
40329,Turkey Gravy,67,20
40330,Corn Dogs,129,1
40332,"Cage Free Brown Eggs-Large, Grade A",86,16
40334,Organic White Pita Bread,128,3
40348,Large Burrito Flour Tortillas,128,3
40353,Gluten Free Vegan Not-Chick'n Natural Bouillon Cubes,69,15
40354,California Clementines,24,4
40355,Baby Dry Size 4 Disposable Diapers,56,18
40364,Draught,27,5
40376,Steamfresh Sweet Peas,116,1
40377,Unrefined Virgin Coconut Oil,19,13
40396,Guacamole,67,20
40397,Organic Royal Rainbow Quinoa,68,10
40421,Apple Butternut Squash Baby Food,92,18
40449,Blueberry & Purple Carrot Teething Wafers,92,18
40459,Old Fashioned Smooth Peanut Butter,88,13
40467,Organic Spinach And Cheese Ravioli,12,9
40469,Strawberry Flavored Organic Z Fruit Rope,50,19
40488,Peach Pear Sparkling Water,115,7
40490,Frozen Breaded Bagged Chicken Nuggets,129,1
40501,"Salsa, Verde, Roasted",67,20
40516,Organic Romaine Hearts,123,4
40529,Red Wax Gouda Cheese,2,16
40531,Spinach & Ricotta Ravioli,12,9
40535,Brewed Green Tea Iced Tea,98,7
40542,"6\"" Yellow Corn Tortillas",128,3
40545,Berry Medley,116,1
40568,Paleo Pancake & Waffle Mix,130,14
40571,Total 2% Greek Strained Yogurt with Cherry 5.3 oz,120,16
40586,Natural Goodness 100% Fat Free Chicken Broth,69,15
40593,Cream Cheese,108,16
40604,Feta Cheese Crumbles,21,16
40614,Gypsy Cold Care Herbal Tea,94,7
40619,"Bocconcini, Fresh Mozzarella",21,16
40621,Broccoli & Cauliflower,116,1
40623,Facial Tissues Boxes,54,17
40632,Brown Rice Snaps Black Sesame,78,19
40638,Extra Beer,27,5
40656,Unsweetened Zero Calorie Green White Tea,94,7
40691,Whole Jersey Milk Low Pasteurized,84,16
40706,Organic Grape Tomatoes,123,4
40708,Fennel,83,4
40709,Sea Salt & Vinegar Potato Chips,107,19
40711,Mrs Fields Cookie Sandwich Ice Cream,37,1
40721,Organic Creamy Buckwheat Hot Cereal Gluten Free,130,14
40722,"Sparkling Citrus Beverage, with Natural Pulp",77,7
40723,Organic Cripps Pink Apples,24,4
40748,Grapefruit Radler,27,5
40749,Organic Green Tea Bags,94,7
40821,Organic Mayonnaise with Olive Oil,72,13
40824,Vegan Sour Cream & Onion Kettle Chips,107,19
40826,Manhattan Style Whole Kosher Pickles,110,13
40834,Refried Beans with Zesty Salsa,59,15
40852,Lactose Free Fat Free Milk,91,16
40861,Lavender Bath & Shower Gel,25,11
40873,Whole Star Anise,104,13
40878,Macaroni And Cheese,4,9
40879,Pesto Sauce With Pine Nuts,12,9
40898,Vanilla Caramel Fudge Ice Cream,37,1
40905,Tequila Silver,124,5
40910,Root Beer,77,7
40925,Ultra Concentrated Original Scent Dishwashing Liquid,74,17
40939,Drinking Water,115,7
40945,Baking Chopped Pecans,17,13
40960,Organic Original Coconut Non-Dairy Beverage,100,21
40966,Brown Sugar & Sea Salt Seaweed Snacks,66,6
40992,Chopped Tomatoes,81,15
41055,Organic Red Wine Vineger,19,13
41057,Soft-Baked Ripe Strawberry Cereal Bars,48,14
41062,"All Purpose Flour, Bleached",97,13
41063,Chia Protein Bar Dark Chocolate Coconut Sea Salt,3,19
41065,Organic Yellow Squash,83,4
41096,Complete Foaming Coconut Water Antibacterial Hand Soap,127,11
41107,Zante Currants,117,19
41140,Dairy Free Cream Cheese Style Spread Chive & Onion,108,16
41148,Hard Cooked Eggs,86,16
41149,Organic Riced Cauliflower,100,21
41152,Suds Cans,27,5
41171,Pizza Squeeze Pizza Sauce,9,9
41176,American Slices Cheese,21,16
41177,Sea Salt Roasted Seaweed,50,19
41178,Natural Finely Shredded Triple Cheddar Cheese,21,16
41198,Classic Peanut Butter,88,13
41212,Flax Milk Dairy Free Protein+ Unsweetened Vanilla,14,20
41213,French Loaf,112,3
41220,Organic Romaine Lettuce,83,4
41230,Snackers Seedlander,78,19
41259,Poblano Pepper,83,4
41273,Broccoli Florets,123,4
41290,Lemonade,31,7
41319,Sea Salt Caramel Gelato,37,1
41326,Happy Baby Stage 2 Banana & Kiwi Organic Baby Food,92,18
41329,Carrot And Celery Sticks,123,4
41351,Family Size Naturally Flavored Whole Grain Oats Cereal,121,14
41354,All Occasion Classic White Paper Plates,111,17
41376,Ground Veal,7,12
41385,Original Club Crackers,78,19
41390,Major Dickason's Blend Dark Roast K-Cups,26,7
41400,Crunchy Oats 'n Honey Granola Bars,3,19
41404,"Dark Chocolate, Stone Ground, Organic, Toffee Almond & Sea Salt",45,19
41427,Cookies 'N Cream Protein Bar,3,19
41433,Fresh Roasted Tomate & Chile Asado Medium Salsa,67,20
41437,Hearty Minestrone with Vegetables Soup,69,15
41445,Organic Vanilla RAW Protein,65,11
41453,Eggo Buttermilk Pancakes,52,1
41458,Chocolate Miracle Tart,8,3
41463,Cannellini Beans,59,15
41500,"Culinary Stock, Vegetable",69,15
41503,Butter Toasted Peanuts,117,19
41540,Organic Whole White Mushrooms,83,4
41541,Traditional Seitan,14,20
41544,Organic Crushed Fire Roasted Tomatoes,81,15
41551,"Muffin Mix, Almond Flour, Banana",17,13
41570,Active Dry Yeast,17,13
41588,Firm Tofu,14,20
41593,Blue Cheese Crumbles,21,16
41594,Fresh Orange Juice,98,7
41602,Deli Select Ultra Thin Honey Ham,96,20
41610,Arborio White Rice,63,9
41621,Lemon Ginger Tea Bags,94,7
41644,Multigrain Oatbran Cereal,121,14
41649,Artesian Still Water,115,7
41658,Authentic French Brioche Hamburger Buns,43,3
41662,Quartered & Marinated Artichoke Hearts,81,15
41665,Organic Mexican Blend Finely Shredded Cheese,21,16
41674,Reduced-fat Soft Cream Cheese,108,16
41690,California Cauliflower,83,4
41709,All-Natural Chunky Salsa Medium,51,13
41714,Smooth & Balanced Pike Place Medium Roast Ground Coffee,26,7
41716,Jalapeno,107,19
41719,Indigo Blue Corn Tortilla Chips,107,19
41750,Gluten Free Fusilli,12,9
41751,Long Grain Brown Rice,63,9
41757,Organic Air Chilled Whole Chicken,35,12
41771,Fresh European Style Baby Spinach,123,4
41774,XX Espresso Iced Coffee With Almond Milk,26,7
41787,Bartlett Pears,24,4
41793,Mini Chocolate Chunk Cookies,61,19
41805,Strawberry Lemonade,98,7
41808,Pure Leaf Unsweetened Real Brewed Tea,94,7
41842,Organic Gluten Free Chia Plus with Quinoa & Amaranth Waffles,52,1
41844,Honey Nut Cheerios,121,14
41863,Squared Cups,111,17
41890,Organic Mesa Sunrise Cereal,121,14
41950,Organic Tomato Cluster,83,4
41960,"Organic Daikon Root, Bunch",83,4
41966,Cored Pineapple,123,4
41988,Corn Tortilla,128,3
41999,Cut Tulips (Choose Color),83,4
42004,Grilled and Ready Pulled Chicken Breast,34,1
42013,Original Thins,61,19
42028,"Pupusas, Black Bean & Sweet Corn",38,1
42075,Lavender Multi-Surface Everyday Cleaner,114,17
42091,Pesto Sauce,68,10
42102,Natural Sunflower Seed Bread,112,3
42110,Organic Macaroni Shells & Real Aged Cheddar,4,9
42118,Kid Z Bar Organic Honey Graham Energy Snack,3,19
42123,Sparkling Pineapple Coconut Probiotic Drink,98,7
42139,Fudge Mint Cookies,61,19
42193,Chocolate Chip Cookie,61,19
42205,Organic Sweet Potato Fries,129,1
42239,Kids Mac-N-Cheezy Fish Shaped Ravioli,12,9
42240,Ultra Soft Facial Tissues,54,17
42241,Organic Lightly Sweetened Sunflower Seed Butter,88,13
42244,Total 2% All Natural Low Fat 2% Milkfat Greek Strained Yogurt,120,16
42252,French Sandwich Rolls,43,3
42265,Organic Baby Carrots,123,4
42282,Bag of Jumbo Yellow Onions,32,4
42296,Organic Vanilla Cake Mix,105,13
42299,Double Chocolate Ice Cream,37,1
42315,Tomatillo,83,4
42333,White Cheddar Cheese Popcorn,23,19
42342,Roasted Turkey Breast,96,20
42345,Baby Food Pouch - Roasted Carrot Spinach & Beans,92,18
42347,Caffeine Free Diet Cola All Natural Soda,77,7
42356,Strawberry Preserves,88,13
42357,Lite Caesar Dressing & Marinade,89,13
42359,Tuscan Veggie Sausage Patties,52,1
42360,Farmhouse Hearty White Bread,112,3
42392,Mozzarella di Bufala Campana,21,16
42397,Chewy Granola Bar Peanut Butter Chocolate Chip,3,19
42399,Reduced Fat Vegenaise,72,13
42402,Spinach Fettuccine Noodle Pasta,131,9
42406,Multi-Surface Cleaner,114,17
42415,Almond Soap Bar,25,11
42443,Whole Milk With Vitamin D,84,16
42445,Organic Plain Whole Milk Yogurt,120,16
42450,Macaroni & Cheese,38,1
42456,Honest Hand Sanitizer Spray Free & Clear,25,11
42460,Plain Mini Bagels,93,3
42469,Pacific Cod Fillet,39,12
42477,Pitcher Replacement Filters,10,17
42479,Almond Milk Ricotta,84,16
42483,Dried Manzanilla,83,4
42489,Organic Raw Walnut Banana Meals To-Go,3,19
42495,Pink Lady (Cripps) Apple,24,4
42504,Original Seltzer Water,115,7
42506,Low Fat Fudge Bars,37,1
42507,Organic SprouTofu Medium Soft Tofu,14,20
42518,100% Whole Grain Bread,112,3
42534,Classic White Lunch Plate,111,17
42536,Gluten Free Original Granola,57,14
42557,Crunchy Almond Butter,88,13
42561,Reduced Fat 1% Milk,84,16
42585,Organic Extra Firm Tofu,14,20
42592,Organic Chia And Hemp Super Seed Crackers,78,19
42599,2-in-1 Dry Scalp Care Shampoo,22,11
42611,Green Tea Green Ginger Tea Bags,94,7
42614,Cookies & Cream Cheesecake Core Ice Cream,37,1
42617,Organic Great Northern Beans,59,15
42625,"Flat Parsley, Bunch",16,4
42629,Original Dried Cranberries,117,19
42667,Thousand Island Dressing,89,13
42699,Gluten Free Quinoa Pasta Shells,131,9
42701,Organic Sour Cream,108,16
42705,Proactive Health Sensitive Stomach Cat Food,40,8
42710,Organic Nonfat Greek Yogurt With Raspberries,120,16
42715,XXX Habanero Salsa Hot,51,13
42719,Natural Premium Coconut Water,98,7
42720,Rolls,43,3
42731,Original Citrus Sparkling Flavored Soda,77,7
42735,Tomato Basil Soup,1,20
42736,Unsalted Butter,36,16
42768,Organic Garbanzo Beans,59,15
42769,Chicken Sausage Cilantro Lime,106,12
42790,Pomegranate Fig Bar,3,19
42796,Broccoli Pot Pie With Cheddar Cheese Sauce,42,1
42803,Organic Apple Slices,50,19
42811,Gemelli Pasta,131,9
42813,Smoked Maple Ham,96,20
42824,Black Eyed Peas,116,1
42828,Whipped Cream Cheese,108,16
42834,Organic Mini Peeled Carrots,123,4
42865,Braised Beef & Polenta Red Wine,38,1
42867,Organic Whole Star Anise,104,13
42936,Nacho Cheese Chips,107,19
42944,Organic Unsweetened Soy Milk Beverage,91,16
42949,Chicago Craft Variety Case,27,5
42972,Natural Pure Sparkling Water,115,7
42980,Gluten Free Parmesan & Garlic Bagel Chips,107,19
42987,Krinkle Cut Salt & Fresh Ground Pepper Potato Chips,107,19
42989,Cherry Gelatin,105,13
42996,Pumpkin Chevre Log,21,16
43014,Sliced Baby Bella Mushrooms,123,4
43026,Deli Fresh Honey Shaved Smoked Ham,96,20
43038,Mint Chocolate Chip Cookies,8,3
43039,SmartBlend Vibrant Maturity 7+ Formula Dog Food,40,8
43049,"Dish Liquid/Hand Soap, Triple Action, Orange",114,17
43067,Strawberry Contour Soda,77,7
43073,Whole Wheat Pita Bread,128,3
43076,Wide Egg Noodles,131,9
43077,Coconut Sorbetto,37,1
43086,Super Greens Salad,123,4
43087,Crackers Bunny Graham Friends Snack Packs,61,19
43122,Organic Bartlett Pear,24,4
43129,Panko Bread Crumbs,5,13
43154,Sparkling Mineral Water,115,7
43165,Orange Peel In Dark Chocolate Bar,45,19
43183,Deli Fresh Shaved Smoked Turkey Breast,96,20
43202,Honey BBQ Sauce Boneless Chicken Bites,129,1
43205,Low Sodium Black Beans,59,15
43209,Large Eggs,86,16
43221,Egg Salad,1,20
43248,Popcorn Chicken,129,1
43249,Organic Bernie's Farm Macaroni & Cheese,4,9
43255,Banana Chia Pod,120,16
43277,Pitted Organic Kalamata Olives To Go!,110,13
43279,Non-Fat Greek Yogurt With Strawberries on the Bottom,120,16
43294,100% Pure Organic Maple Syrup Grade A,29,13
43295,Unsweetened Vanilla Almond Milk,91,16
43310,Organic Almond Butter With Carob Macrobar,3,19
43337,Pomegranate with Blueberry 100% Juice,98,7
43338,Pyramid Black Tea Bags,94,7
43352,Raspberries,32,4
43389,"Vanilla, Chocolate, Strawberry Ice Cream",37,1
43391,Original Complete Nutritional Drink Creamy Strawberry,65,11
43394,Organic Lactose Free Whole Milk,91,16
43409,Frosted Mini-Wheats Original Cereal,121,14
43441,Martini Pimento Stuffed Olives,110,13
43450,Living Drip-Catch Cuff Gloves,114,17
43474,Baked Snack Cracker Extra Toasty,78,19
43484,Farmhouse Culture Classic Caraway Kraut,110,13
43490,Deluxe Orange Marmalade Fruit Spread,88,13
43504,Organic Chicken Strips,34,1
43522,Veggie Loaf Mashed Potatoes and Vegetables,42,1
43530,Caramel Corn Rice Cakes,78,19
43565,Lean Ground Turky,49,12
43568,Traditional Italian Sauce,9,9
43616,Chocolate Chip Granola,57,14
43622,Sorbet Dutch Chocolate,37,1
43632,GoGurt Strawberry and Blueberry Tubes,120,16
43633,Lightly Smoked Sardines in Olive Oil,95,15
43643,Organic Strawana Probugs Kefir,120,16
43654,Whole Milk Greek Blended Vanilla Bean Yogurt,120,16
43662,"Yogurt, Strained Low-Fat, Coconut",120,16
43663,Oreo Double Stuf Heads Or Tails Sandwich Cookies,61,19
43668,Classic Blend Cole Slaw,123,4
43692,Shredded Mozzarella Cheese,21,16
43693,Whole Vitamin D Milk,84,16
43704,Low Carb Whole Wheat Tortillas,128,3
43712,Creme Fraiche,108,16
43713,Organic Creamy Peanut Butter,88,13
43715,40% Less Sodium Taco Seasoning Mix,104,13
43717,18-in-1 Hemp Pure-Castile Soap Almond,25,11
43721,Wint-O-Green,46,19
43739,Variety Diet Tea,94,7
43749,Organic Ice Cream Vanilla Bean,37,1
43768,Organic Bell Pepper,83,4
43772,Cherubs Heavenly Salad Tomatoes,83,4
43785,"Magic Tape 3/4\""",87,17
43789,Organic Basil,16,4
43815,Amazin Prune Juice,98,7
43818,Natural Shredded Cheddar Cheese,21,16
43829,Unscented Thong Pantiliners,126,11
43849,Organic Very Dark Chocolate Bar,45,19
43858,Original Coconut Milk Beverage,91,16
43867,100% Grated Parmesan Cheese,21,16
43875,Baby Food Stage 2 Blueberry Pear & Purple Carrot,92,18
43876,Crumbled Goat Cheese,21,16
43886,Hot Dog Buns Enriched 8 Count,43,3
43888,Medium Red Enchilada Sauce,30,6
43889,Dark Chocolate Covered Banana,119,1
43908,Butternut Squash Ravioli,38,1
43920,Organic Powdered Sugar,17,13
43924,Mandarin Oranges in Water Sweetened with Monk Fruit Concentrate,99,15
43932,Blissful Catnip Flavor (PS #5160666) Cat Care & Treats,41,8
43944,Smoked Sea Salt & Almond Chocolate Bar,45,19
43945,Table Water Crackers with Cracked Pepper,78,19
43956,Organic Coconut Smiles,117,19
43961,Organic Peeled Whole Baby Carrots,123,4
43967,Raspberry Lemonade,31,7
43973,Soft Taco Tortillas,128,3
43986,Natural California Raisins,117,19
43987,Baguettes Gluten Free Fresh Rosemary,58,1
43995,"Vitamin D-3 2,000 I.U. Softgels",47,11
44008,Organic Greek Whole Milk Blended Vanilla Bean Yogurt,120,16
44014,Authentic Red Curry Paste,72,13
44025,Organic Extra Large Cage-Free Grade A Brown Eggs,86,16
44035,Organic Chickpeas Ready To Eat,50,19
44047,Lightly Toasted Almond Butter Crunchy,88,13
44071,Sticky Toffee Pudding,71,16
44085,Vanilla Light & Fit Greek Yogurt,120,16
44088,Ibuprofen Tablets 200 Mg,133,11
44097,Organic Original Hummus,67,20
44098,Appley Ever After Organic Juice Drink,98,7
44103,Honey Whole Wheat Bread,112,3
44116,Goodness Grapeness Organic Juice Drink,98,7
44142,Red Onion,83,4
44146,Gluten Free Paleo Gnocchi,38,1
44156,Strawberry on the Bottom Nonfat Greek Yogurt,120,16
44167,Pacific Cooler Juice Drink,98,7
44172,Movie Theater Butter Microwave Popcorn,23,19
44177,Large Grade A Eggs,86,16
44199,Toll House Mini Chocolate Chip Cookie Dough,105,13
44229,Original Black Bean with Sea Salt Bean Chips,107,19
44232,Ant & Roach Killer Fragrance Free Insecticide,87,17
44233,Multi Grain Crispbread,78,19
44234,Squeeze Tomato Ketchup,72,13
44239,Rosemary Mint Conditioner,22,11
44257,Mandarin Orange Sparkling Natural Spring Water,115,7
44275,Mini Blueberry Muffins,93,3
44278,Double Chocolate Chip Cookies,61,19
44282,Himalania Fine Pink Salt,104,13
44288,Organic Bittersweet Chocolate,37,1
44290,Unscented Bathroom Tissue,54,17
44292,Premium Unsweetened Iced Tea,94,7
44299,Healthy Organic Vinaigrette,89,13
44310,Soft Pretzel Mini Buns,43,3
44325,Elbow Macaroni Pasta,131,9
44329,Skillet Refried Red Beans Sautéed With Onion & Tomatillo,59,15
44337,Iodized Salt & Pepper,104,13
44352,Organic Quick Cooking Steel Cut Oats,130,14
44359,Organic Small Bunch Celery,83,4
44367,Children's Pain and Fever Relief Cherry Blast Liquid,11,11
44368,Fresh Mozzarella Cheese,21,16
44377,Pumpkin Spice Bread Mix,105,13
44389,Gluten Free Original Baguettes,58,1
44414,Organic Coconut Date Rolls,117,19
44422,Organic Old Fashioned Rolled Oats,130,14
44448,Emery Boards,132,11
44449,Organic Tomato Sauce,81,15
44461,Cling Wrap Clear Food Wrap,85,17
44471,Free & Clear Unscented Baby Wipes,82,18
44475,Honey Bunches of Oats Honey Roasted with Almonds Cereal,121,14
44479,Organic Stringles Mozzarella String Cheese,21,16
44500,Ultra Strong Charmin Ultra Strong Toilet Paper,54,17
44514,Yellow Straightneck Squash,83,4
44517,Organic Calimyrna Figs,117,19
44548,Barbecue Potato Chips,107,19
44560,Kids Organic Chocolate Chip ZBars,3,19
44562,Toast & Peanut Butter Sandwich Crackers,78,19
44570,Kale Greens,83,4
44580,Baby Bok Choy,83,4
44595,Golden Oreo Thins,61,19
44625,Natural Black Cherry Gels Gelatin Free Snacks,71,16
44628,Organic Dijon Mustard,72,13
44632,Sparkling Water Grapefruit,115,7
44641,Super Sweet Corn,123,4
44643,Gallon Freezer Bags,85,17
44661,Bicolor Sweet Corn,83,4
44669,Raw Wildflower Honey,29,13
44683,Brussels Sprouts,83,4
44703,Minis Coconut Milk Non Dairy Frozen Dessert Fudge Bars,37,1
44713,Cherry Craisins,117,19
44728,Creamy Natural Peanut Butter And Flaxseed,88,13
44734,Bacon Seitan,14,20
44741,Honey Whole Wheat,112,3
44753,New York Super Fudge Chunk® Ice Cream,37,1
44761,Salsa Verde,51,13
44765,Colby Cheese Sticks,21,16
44781,"0% Greek, Blueberry on the Bottom Yogurt",120,16
44787,Stage 1 - Just Prunes,92,18
44795,Minneola Tangelo,24,4
44799,Fresh CA Grown Eggs,86,16
44813,Seasoning Salt,104,13
44825,Brown Rice Crisps,121,14
44843,Traditional Chicken Noodle Soup,69,15
44845,Raw Cashew Nut Butter,88,13
44860,Natural Whole Grain Boil In Bag Brown Rice,63,9
44867,Soft & Chewy Candy,45,19
44870,Franks,106,12
44873,Organic Original Barbeque Sauce,5,13
44882,Mandarin Clementine,24,4
44903,Celluvisc Lubricant Eye Gel,44,11
44910,Organic Spring Mix Salad,123,4
44912,Baking Powder,17,13
44925,Natural Provolone Cheese Slices,21,16
44926,Tortilla Chips with Salt,107,19
44948,Organic Z  Mixed Berry Fruit Rope,3,19
44949,Organic Lowfat French Vanilla Yogurt,120,16
44955,Organic Ambrosia Apples,24,4
44968,Savoy Cabbage,83,4
44971,1st Foods Baby Food- Pears,92,18
44987,Heavy Whipping Cream,53,16
45002,Organic Balsamic Vinegar Of Modena,19,13
45007,Organic Zucchini,83,4
45013,Apple Sauce,99,15
45035,Coffee Flavor Yogurt,120,16
45045,Organic Stage 3 Pumpkin Cranberry Apple Baby Food,92,18
45060,Coarse Yellow Corn Meal,30,6
45061,Natural Vanilla Ice Cream,37,1
45063,Organic Baby Bella Mushrooms,123,4
45064,Honey Wheat Bread,112,3
45066,Honeycrisp Apple,24,4
45081,Gluten-Free Pancake Mix,130,14
45082,Honey Oat Crunch Trail Mix Crunchy Granola Bars,3,19
45083,Grassmilk Raw Sharp Cheddar Cheese,21,16
45097,Sliced Pepperoncini,110,13
45099,Steak Fries Thick-Cut French Fried Potatoes,129,1
45100,Pumpkin Pie Spice,104,13
45104,ALMONDBREEZE UNSWEETENED,91,16
45106,Low Fat Strawberry Yogurt Tubes,120,16
45123,Organic 21 Grain Thin Sliced Bread,112,3
45125,Boil-In-Bag Whole Grain Brown Rice,63,9
45128,Milk Chocolate M&Ms,45,19
45149,Chunk Light Tuna In Water,95,15
45154,Pure & Smooth Green Tea,94,7
45158,Hand Towels,54,17
45161,Pistachio Pistachio Ice Cream,37,1
45188,Dairy Milk Fine Chocolate Candy Bar,45,19
45190,Vodka,124,5
45200,Organic Cauliflower,83,4
45205,Classic Crunchy Fish Sticks,34,1
45208,Organic Cinnamon Graham Crackers,78,19
45210,Organic Greek Lowfat Yogurt With Blueberries,120,16
45220,"Soap, Triple Milled, Dead Sea Salt",25,11
45223,Just Green Unsweetened Tea,94,7
45229,Organic Chia Seeds,117,19
45246,High Protein Pretzels,107,19
45249,Gluten Free Chocolate Chunk Cookies,105,13
45258,Parsley Flakes,104,13
45279,Organic Fat Free Dha Omega 3 Milk,84,16
45288,Honey Smoked Turkey,96,20
45290,Thin Spaghetti Pasta,131,9
45296,Tostitos  Scoops,107,19
45303,Naturally Alkaline Spring Water,115,7
45310,Organic Peachy Green Tea,94,7
45313,Buttermilk Mini Pancakes,52,1
45314,Asian Yogurt Green Tea Honey,120,16
45364,California Veggie Burgers - 4 CT,42,1
45374,Newman O's Creme Filled Chocolate Cookies,61,19
45375,Swiss Thick Slices Cheese,21,16
45393,Cinnamon Raisin Sandwich Bread,112,3
45427,Deluxe Whole Lightly Salted Cashews,117,19
45437,Sea Salt Made With Organic Grain Rice Chips,107,19
45440,On the Go Lemon Iced Tea Drink Mix,90,7
45445,Organic Bagged Mini Dark Peanut Butter,45,19
45447,Gluten Free Covered Pretzels Yogurt,107,19
45448,Peanut Butter Protein Replenishment Macrobar,3,19
45504,Whole Organic Omega 3 Milk,84,16
45511,Extra Beer Bottles,27,5
45531,Original Coffee Creamer,53,16
45535,Organic Low Sodium Chicken Broth,69,15
45537,Classic Round Crackers,78,19
45552,Mighty Bagels,93,3
45575,Dark Chocolate Calcium Supplement,47,11
45578,Dark Sweet Cherries,116,1
45582,Cavatappi No. 87 Macaroni,131,9
45588,Pizzeria Style Classic Crust Pepperoni Pizza,79,1
45596,Smart Start Original Antioxidants Cereal,121,14
45603,Trilogy Kombucha Drink,31,7
45607,Butter Cooking Spray,19,13
45613,Pad Thai,38,1
45622,"Paper Towels Choose-A-Sheet, Mega Rolls, One-Ply",54,17
45633,Organic Beef Hot Dogs,106,12
45645,Dark Chocolate Nuts & Sea Salt Bars,3,19
45646,Grated Parmesan Cheese,21,16
45656,Whole Grain Brown Rice,63,9
45664,Onion Powder,104,13
45669,Steak & Roasted Potato Dinner,38,1
45671,Lite Italian Dressing,89,13
45673,Chicken Sausage Pizza,79,1
45679,Gluten Free Cheddar Macaroni & Cheese Rice Pasta,4,9
45681,Americone Dream® Ice Cream,37,1
45694,Caesar Dressing,89,13
45698,One Ply Choose A Size Big Roll Paper Towel Rolls,54,17
45723,Harvest Snaps Wasabi Ranch,107,19
45741,Chicharrones Fried Pork Rinds,107,19
45747,Curate Melon Pomelo Sparking Water,115,7
45763,Mini Seedless Cucumbers,83,4
45767,Sunny Days Strawberry Snack Bars,92,18
45788,Garlic Lovers Hommus,67,20
45819,Nacho Sliced Jalapenos,30,6
45835,Ultra Strong Mega Bathroom Tissue Rolls,54,17
45842,Natural Sour Cream,108,16
45866,Fig Newmans Fruit Filled Cookies,61,19
45870,"Quinoa, Organic, Whole Grain",63,9
45886,Tahini,72,13
45906,Organic Strawberry Ice Cream,37,1
45924,Triple Distilled Vodka,124,5
45930,Small Curd Low Fat Cottage Cheese,108,16
45938,Best Cannellini White Kidney Beans,59,15
45946,Organic Greek Plain Lowfat Yogurt,120,16
45948,Gluten Free 7 Grain Bread,112,3
45955,Truffle Tremor Cheese,2,16
45961,Reduced Fat Medium Cheddar Cheese,21,16
45965,Steel Cut Oats,130,14
45989,8 Whole Grains Lite Frozen Waffles 6 ct,52,1
46025,Pineapple Slices in 100% Pineapple Juice,99,15
46031,Taco Spices and Seasonings,5,13
46041,Beef Franks,106,12
46045,Reduced Fat Irish Butter,36,16
46047,Organic Original Acai Berry + Guarana Smoothie Packs,116,1
46049,Salt & Pepper Krinkle Chips,107,19
46061,Popcorn,23,19
46069,Supergreens!,123,4
46088,Beer,27,5
46107,Whole Wheat Crackers,78,19
46113,1 Razor Handle and 2 Freesia Scented Razor Refills  Premium BladeRazor System,55,11
46131,Deluxe Whole Cashews,117,19
46138,Cookies & Cream Ice Cream,37,1
46149,Zero Calorie Cola,77,7
46167,Mild Diced Tomatoes & Green Chilies,81,15
46175,Half Baked® Ice Cream,37,1
46189,Cantina Thin & Crispy Tortilla Chips,107,19
46194,Burrata,21,16
46203,Original Strawberry Gelatin Snacks,71,16
46206,Red Grapefruit,24,4
46226,Thick & Crispy Tortilla Chips,107,19
46246,Organic Oolong Tea,94,7
46275,Macaroni & Cheese Dinner Teenage Mutant Ninja Turtle Shapes,4,9
46285,Premium Classic Chicken Recipe Cat Food,41,8
46290,Original Crispy Apple Chips,107,19
46294,Organic Parsley,16,4
46304,Protein Smoothie Choc-a-lot Flavor,65,11
46346,Sweet Potato Fries with Sea Salt,129,1
46391,Chicken Nuggets & Fries,38,1
46402,With Raspberry Lemonade,31,7
46448,Pepperidge Farm Goldfish Neon Colors Baked Snack Crackers,78,19
46476,Solid White AlbacoreTuna  in Water,95,15
46486,Vanilla Gluten Free Wafers,61,19
46496,Z Bar Protein Peanut Butter Chocolate Protein Snack Bar,3,19
46505,Organic Long Grain Brown Rice,63,9
46513,All Natural Classic Guacamole,67,20
46516,Sesame Bagels,93,3
46522,Spaghetti Pasta,131,9
46524,Natural Peanut Butter Crunchy and Flaxseed,88,13
46526,French Green Beans,123,4
46531,Power O's Chocolate cereal,121,14
46558,100% Whole Wheat Burger Buns,43,3
46562,Sweet & Salty Nut Granola Bars Peanut,3,19
46572,Sweet Rolls,43,3
46575,Organic Finely Shredded Cheddar Cheese,21,16
46584,YoKids Blueberry & Strawberry/Vanilla Yogurt,120,16
46586,Diet Peach,94,7
46593,Natural Strawberry Ice Cream,37,1
46595,Original Chocolate Pudding Snacks,71,16
46616,Organic Dark Chocolate Peanut Butter Cups,45,19
46631,Marrakesh Mint Green Tea,94,7
46650,Special Reserve Extra Sharp Cheddar Cheese,21,16
46654,Organic Grade A Large Brown Eggs,86,16
46667,Organic Ginger Root,83,4
46676,Total 0% Nonfat Greek Yogurt,120,16
46692,Multigrain Tortilla Chips,107,19
46709,Gluten Free Old Fashioned Rolled Oats,130,14
46713,Lady Fingers Biscotti,61,19
46720,Organic Free Range Chicken Broth,69,15
46747,Dill & Sour Cream Plentils,107,19
46755,Dark Chocolate with 88% Cocoa,45,19
46764,Salt & Pepper Shakers,104,13
46779,Raisin Cinnamon Swirl Bread,112,3
46785,Shredded Red Cabbage,123,4
46799,Pepper Sauce,72,13
46802,Pineapple Chunks,116,1
46804,Baking Soda,17,13
46812,Natural Buttermilk Pancake & Waffle Mix,130,14
46820,Vanilla Pure Almond Milk,91,16
46842,Plain Pre-Sliced Bagels,93,3
46847,Quick Cooking Rolled Oats Irish Oatmeal,130,14
46870,Cheddar Cheese Rice Crisps,78,19
46876,Gluten-Free Sour Cream & Onion Quinoa Chips,107,19
46881,Aged White Cheddar Baked Rice And Corn Puffs,107,19
46886,Raspberry Yoghurt,120,16
46900,Organic Chicken Noodle Soup,69,15
46902,Organic Kale Krunch Superfood,50,19
46906,Grape White/Green Seedless,24,4
46941,Provolone Slices,21,16
46962,Organic Ground Cumin,104,13
46969,Organic Bosc Pear,24,4
46979,Asparagus,83,4
46990,Ground Buffalo,7,12
46992,Real Cheddar Baked Cheese Puffs,23,19
46999,Tortillas De Maiz (Corn Tortillas),30,6
47000,Ultra Soft Toilet Paper,54,17
47006,Steak Sauce,5,13
47008,Sliced Water Chestnuts,66,6
47017,Original Kettle Cooked Sweet Potato Chips,107,19
47029,Organic Greek Nonfat Yogurt With Mixed Berries,120,16
47077,All-In-One Nutritional Shake French Vanilla,65,11
47086,Herbed Chicken Couscous,4,9
47087,Total 0% Blueberry Acai Greek Yogurt,120,16
47098,Original Canned Diced Tomatoes & Green Chilies,81,15
47137,Organic Eucalyptus Oil,6,2
47141,Cola,77,7
47144,Unsweetened Original Almond Breeze Almond Milk,91,16
47163,Caramel Macchiato Gourmet Coffee Creamer,53,16
47167,Organic Sunny Days Apple Snack Bars,92,18
47177,"Smmmile, It's Three Cheesy Macaroni & Cheese Dinner",4,9
47196,Snack Pack Classic Original Hommus With Chips,67,20
47209,Organic Hass Avocado,24,4
47229,Bag of Organic Fuji Apples,123,4
47234,Cucumber Dish Soap,74,17
47244,Wild Collection Wolfthorn Deodorant,80,11
47252,Purple Sweet Potato (Yam),100,21
47280,California Orange Juice,31,7
47284,Toll House Semi Sweet Chocolate Mini Morsels Chips,17,13
47287,Counter Attack Tablets,47,11
47299,Yellowfin Tuna Steak,39,12
47318,Bernie's Farm Animal Cookies Snack Packs,61,19
47325,100% Pomegranate Juice,98,7
47357,Original Restaurant Style Tortilla Chips,107,19
47402,Fuji Apples,24,4
47403,Homestyle Belgian Waffles,52,1
47415,Raw Pecan Nut Butter With Cashews,88,13
47428,Protein & Fiber Hot Oatmeal Farmer's Market Berry Crumble,130,14
47492,Organic Berry Blend,116,1
47512,Lite Energy Drink,64,7
47516,Special K Fruit & Yogurt Cereal,121,14
47521,Crispy Cheddar Crackers,78,19
47526,Goat Cheese Log,21,16
47528,Blood Orange Sorbetto Gelato Bar,37,1
47537,Organic Yellow Corn Tortilla Chips,107,19
47596,Fiesta Sides Mexican Rice,4,9
47599,ForceFlex Extra Strong Large Trash Bags,60,17
47610,"Pretzel Sticks, Gluten Free",107,19
47611,M&M's Vanilla Lowfat Yogurt,120,16
47616,Sesame Street Organic Mini Blueberry Pancakes,52,1
47621,Chocolate Strong Dark,45,19
47626,Large Lemon,24,4
47630,Medium Navel Orange,24,4
47645,"Seitan, Traditional, Strips",65,11
47651,Black Pepper,104,13
47652,Coconut Almond Minis Frozen Dessert Bars,37,1
47672,Uncured Hickory Smoked Sunday Bacon,106,12
47717,Peanut Butter Cookie,3,19
47719,Banana Raspberry & Brown Rice Stage 2,92,18
47734,Organic Green Cabbage,83,4
47738,Dark Chocolate Mocha Granola Bars,3,19
47740,Dijon Honey Mustard Dressing,89,13
47752,Roasted White Sesame Seeds,66,6
47755,Baked Vegetable Brown Rice Snaps,78,19
47759,Mandarin Oranges,24,4
47766,Organic Avocado,24,4
47788,Honeydew Melon,24,4
47792,Organic Beans & Rice Cheddar Cheese Burrito,38,1
47802,Organic Chicken Breast,35,12
47815,Hazelnut Coffee Creamer,53,16
47830,Watercress Greens Juice,31,7
47847,Extra Fresh Antiperspirant Deodorant,80,11
47865,Quart Storage Bags,85,17
47866,Jalapeno Potato Chips,107,19
47877,Coke Zero,77,7
47884,World's Best Mac & Cheese,38,1
47890,Whole White Mushrooms,123,4
47900,"Uncured, No Sugar, Hickory Smoked Bacon",106,12
47912,Vanilla Skyr Style Yogurt,120,16
47931,Diet Cola,77,7
47941,Special K Red Berries Cereal,121,14
47962,Fresh Ground Turkey,49,12
47965,TLC Cherry Dark Chocolate Chewy Granola,3,19
47977,Grapefruit Sparkling Water,115,7
47990,White Chocolate Macadamia Nut Energy Bar,3,19
47993,Cherry Garcia Ice Cream,37,1
48004,Danimals Strawberry Explosion Flavored Smoothie,120,16
48007,Flax Plus Raisin Bran Cereal,121,14
48017,Organic Hoisin Sauce,5,13
48022,Chocolate Mousse Ganache Cone,37,1
48032,Spark Fruit  Juice Drink,31,7
48034,Peppered Turkey Jerky,23,19
48057,"Hummus, Hope, Original Recipe",67,20
48058,Organic Honey'd Corn Flakes Cereal Gluten Free,121,14
48071,Fresh Romaine Lettuce head,123,4
48073,Ice Cream  The Original Salted Caramel,37,1
48094,Crushed Tomatoes With Basil,81,15
48097,Rum Raisin Ice Cream,37,1
48099,Truffle Parmesan Macaroni & Cheese Bowl,38,1
48104,Organic Lite Coconut Milk,91,16
48118,Max Gel Clog Remover,114,17
48142,Diet,77,7
48154,Unsweetened Almond Coconut Milk Blend,91,16
48171,Shredded Hash Browns,129,1
48183,Flour Tortillas,128,3
48204,Tamari Gluten Free Soy Sauce,66,6
48205,Spinach,123,4
48206,Deli Select Brown Sugar Ham Ultra Thin,96,20
48210,Whole Wheat Blueberry Fig Bars,48,14
48220,Almond Milk Peach Yogurt,120,16
48226,Select-A-Size White Giant Roll Paper Towels,54,17
48230,Soft Taco Size White Flour Tortillas,128,3
48239,Cocoa Spread with Hazelnuts,88,13
48241,Sculpin IPA,27,5
48246,Green Machine Juice Smoothie,31,7
48263,Honest Diapers Size 5,56,18
48287,Natural Chicken & Maple Breakfast Sausage Patty,34,1
48299,Baby Cut Carrots,123,4
48341,Tomato Basil Pasta Sauce,9,9
48364,Sweet Onion,83,4
48370,Sensitive Toilet Paper,54,17
48375,Cake Flour,17,13
48386,Sugar Free Chocolate Chip with Pecans Cookies,61,19
48395,Original Rice Pilaf Mix,63,9
48416,Traditional German Egg Broad Pasta,131,9
48433,Everything Fresh Stacks Crackers,78,19
48455,Lemon,123,4
48476,Tender Chicken & Stars Stage 3,92,18
48485,Soups Mushroom Bisque with Porcini,69,15
48487,Blue Corn Taco Dinner Kit,30,6
48491,"Tofu, Extra Firm",14,20
48523,Birthday Cake Light Ice Cream,37,1
48527,Avocado,24,4
48559,Synergy Organic Kombucha Gingerberry,31,7
48562,Roasted & Peeled Whole Chestnuts,117,19
48563,Organic Dark Chocolate With Toasted Almond Pieces Bar,45,19
48577,Cream Top Smooth Coffee Yogurt,120,16
48595,Organic Wheat Square Crackers,78,19
48600,Organic Cinnamon Apple Chips,117,19
48622,"Condensed Milk, Sweetened, Full Cream",17,13
48626,Coconut Blended Greek Yogurt,120,16
48628,Organic Whole Wheat Bread,112,3
48642,2-Ply Right Size 100% Recycled Paper Towels,54,17
48645,Unsweetened Coconutmilk,91,16
48647,Mini Chocolate Croissant,93,3
48679,Organic Garnet Sweet Potato (Yam),83,4
48695,SARA LEE     15OZ PLAIN MINI BAGELS,93,3
48705,Parmesan Cheese,21,16
48708,80% Vegetable Oil Margarine,36,16
48717,Real Medleys Apple Walnut Oatmeal,130,14
48720,Shoestring Fries,129,1
48726,Organic Nonfat Greek Yogurt With Peaches,120,16
48736,Ricotta And Spinach Tondi,12,9
48742,Quick 1 Minute Whole Grain Oats,130,14
48745,Globe Eggplant,83,4
48746,Original Baked  Potato Chips,107,19
48755,Pesto Alla Genovese Pasta Sauce,9,9
48762,Split Top Wheat Bread,112,3
48765,Big Apple Uncured Hot Dogs,106,12
48775,Organic Red Cabbage,83,4
48779,Ground Beef,122,12
48795,Organic Turkey Hot Dogs,106,12
48801,Organic Chicken Sausage Spicy Cajun,106,12
48804,Powdered Sugar Junior Doughnuts,8,3
48812,Variety Pack,85,17
48819,Loaded Baked Mashed Potatoes,4,9
48835,Organic Unsweetened Vanilla Coconut Non-Dairy Beverage,84,16
48845,Roasted Brussels Sprouts,13,20
48857,Authentic French Brioche,93,3
48870,Unsweet Cherry Sparkling Water,115,7
48871,Natural Tomato Paste,81,15
48900,Coffee Chocolate Bar,3,19
48946,Earl Grey Tea,94,7
48974,Organic Asian Sesame Dressing,89,13
48988,Unsweetened Premium Iced Tea,94,7
49005,Dark Brown Butter Organic Chocolate,45,19
49023,Breakfast Burrito,52,1
49026,Plain Almond Milk Yogurt,84,16
49044,"Organic Pears, Peas and Broccoli Puree Stage 1",92,18
49054,Original Chocolate Chip Cookies,61,19
49060,Soup & Oyster Crackers,78,19
49067,Breaded filet of Alaskan Pollock with macaroni and cheese Fish Filet,38,1
49072,Lemon Verbena Laundry Detergent,75,17
49075,Organic Brown Rice,38,1
49082,Pitted Greek Kalamata Olives,110,13
49086,"Coconut Bliss Frozen Dessert, Dark Chocolate",37,1
49095,100% Recycled 2 Ply Paper Towels,54,17
49106,Premium Jumbo Beef Franks,96,20
49111,Original Instant Oatmeal,130,14
49113,Tall Kitchen Drawstring Bags,60,17
49131,Smoked Turkey Breast Slices,96,20
49139,Salsa Con Queso Medium,51,13
49175,Organic Pinto Beans,59,15
49185,Enriched Vanilla Rice Drink,91,16
49191,Cran Raspberry Sparkling Water,115,7
49215,Kids Sensible Foods Broccoli Littles,92,18
49224,Hazelnut Original Non-Dairy Beverage,91,16
49235,Organic Half & Half,53,16
49236,80% Lean Ground Beef,122,12
49247,Coconut Yoghurt,120,16
49258,Soleil 3 Blade Women's Disposable Razors,55,11
49273,Light and Lean Quinoa Black Beans with Butternut Squash and Chard,38,1
49279,Turkey Store Lean Ground Turkey,49,12
49284,Fennel Seed,104,13
49319,Mozzarella String Cheese Made with 2% Reduced Fat Milk,21,16
49325,Gluten Free Pizza Three Cheese,79,1
49326,Cereal Variety Fun Pack,121,14
49348,Barley Toddler Biscuits,92,18
49351,Organic Unrefined Sesame Oil,19,13
49352,Natural Extra Sharp Cheddar Cheese,21,16
49354,Big Slice Colby Jack Cheese Slices,21,16
49355,Instant Action Cat Litter,41,8
49363,Freshly made pasta in a 100% Real Cheddar cheese sauce Macaroni & Cheese,38,1
49374,Organic Cultured Cream Cheese Spread,108,16
49381,Zucchini Squash,83,4
49383,Organic Bunch Beets,83,4
49385,Classic Beef Stock,38,1
49396,Honey Snack Packs Bunny Grahams,61,19
49401,"Chicken Base, Organic",69,15
49405,"Liquid Muscle Gel Multipurpose Cleaner, Crisp Lemon",114,17
49416,Organic Gluten Free Non-Dairy Beans & Rice Burrito,38,1
49424,Cereal Honey Bears,29,13
49478,Frozen Organic Strawberries,24,4
49480,Coarse Ground Black Pepper,104,13
49481,Original Barbecue Sauce,5,13
49484,Grain Free Cassava & Chia Tortillas,100,21
49488,Jasmine Green Iced Tea,66,6
49499,Asparagus & Gruyere Ravioli,12,9
49505,Hot Italian Sausage,106,12
49510,"Lentil Chips, Aged White Cheddar",107,19
49517,0% Fat Free Organic Milk,84,16
49520,Orange Sparkling Water,115,7
49522,Cashews Halves & Pieces,117,19
49533,Cane Sugar,17,13
49544,Cabernet Sauvignon Wine,28,5
49555,Apple Apricot Sauce,99,15
49588,Honey,29,13
49605,Classic Hummus Family Size,67,20
49608,"Certified Organic Spanish Style Rice With Quinoa, Red Bell Peppers & Corn",4,9
49628,Yoghurt Blueberry,120,16
49630,Cut Leaf Spinach,116,1
49678,Large Chicken & Cheese Taquitos,129,1
49683,Cucumber Kirby,83,4
