user_id,product_id,reorder_count,product_name
52,8048,1,Packaged Grape Tomatoes
52,40063,1,Gluten Free Chocolate Chip Cookies
52,42489,1,Organic Raw Walnut Banana Meals To-Go
52,43352,0,Raspberries
52,46516,1,Sesame Bagels
551,4799,0,Shredded Parmesan
551,6297,0,Cheese Puffs Original
551,9424,0,Organic Saltine Baked Cracker Classic Crackers
551,9766,0,Avocado Oil Himalayan Salt Chips
551,13740,0,Organic Summer Strawberry Bunny Fruit Snacks
551,26282,0,"Organic Snack Mix Bunnies Snack Mix, Organic"
551,37646,1,Organic Gala Apples
551,37733,0,Uncured Pepperoni Mini Pizza Bagels Frozen Snacks
551,43713,0,Organic Creamy Peanut Butter
551,47209,1,Organic Hass Avocado
729,4942,1,Vanilla Almond Breeze
729,27086,1,Half & Half
729,29447,1,"Milk, Organic, Vitamin D"
729,33232,1,Unsweetened Cashew Milk
729,47626,1,Large Lemon
729,48988,1,Unsweetened Premium Iced Tea
997,3397,0,Organic Lightly Salted Sea Salt Thin & Crispy Restaurant Style Tortilla Chips
997,3793,0,Honey Grahams Graham Style Crackers
997,6377,0,Raspberry Chocolate Chip Gelato
997,6669,1,Breakfast Scramble Wrap
997,9881,0,Vegan Aged White Cheddar Flavor Puffs
997,13198,1,85% Lean Ground Beef
997,14720,0,Gluten Free Mushroom Risotto Veggie Burgers
997,18441,0,Organic Ketchup
997,21850,0,Waffle Cut Sweet Potato Seasoned Fries
997,24852,1,Banana
997,28571,0,Pretzel Rods
997,33709,0,All Natural Medium Fire-Roasted Tomato & Jalapeno Salsa
997,45066,1,Honeycrisp Apple
1951,486,0,Lowfat Raspberry Kefir Probiotic Cultured Milk Smoothie
1951,2748,1,Organic Reduced Fat Omega-3 Milk
1951,5390,1,Boneless Beef Chuck Roast
1951,8575,1,Unprocessed American Singles Colby-Style Cheese
1951,12703,0,Organic Mung-Bean Sprouts
1951,13176,0,Bag of Organic Bananas
1951,19019,0,Uncured Slow Cooked Ham
1951,21903,0,Organic Baby Spinach
1951,23405,0,Pure Baking Soda
1951,25837,0,Mini Babybel Light Semisoft Edam Cheeses
1951,28476,0,Organic Small Curd Cottage Cheese
1951,30795,1,Sesame Seaweed Salad
1951,33825,0,Four Fruits Preserves
1951,41960,1,"Organic Daikon Root, Bunch"
1951,44560,0,Kids Organic Chocolate Chip ZBars
1951,44825,0,Brown Rice Crisps
1951,49075,0,Organic Brown Rice
2325,2745,1,Strawberry Explosion/Banana Split Smoothie
2325,31981,0,1% Low Fat Milk
2459,148,1,Nectarines
2459,5212,1,Watermelon Chunks
2459,13176,1,Bag of Organic Bananas
2459,16490,1,Old Fashioned Whole Wheat Bread
2459,16797,1,Strawberries
2459,25640,1,White Peach
2459,27966,1,Organic Raspberries
2459,31343,1,Shredded Mild Cheddar Cheese
2459,31915,0,Organic Red Delicious Apple
2459,35233,1,Peach
2459,45066,1,Honeycrisp Apple
2459,46969,1,Organic Bosc Pear
2921,8638,0,Vanilla Milk Chocolate Almond Ice Cream Bars
2921,18218,1,Garden Salad
2921,24852,1,Banana
2921,38340,0,Everyday Plates 8.5 in
3210,10498,0,Pancake & Baking Mix
3210,19887,1,Unsweetened Vanilla Almond Breeze
3210,33081,1,Chicken Apple Sausage
3252,43154,1,Sparkling Mineral Water
3273,2915,1,Cleansing Towelettes Night Calming Makeup Remover
3273,4605,1,Yellow Onions
3273,5097,1,Mexican Style Taco Shredded Cheese
3273,10749,1,Organic Red Bell Pepper
3273,15290,1,Orange Bell Pepper
3273,15664,1,Tomatoes Sauce
3273,16494,1,Double Zipper Gallon Freezer Bags
3273,19348,1,Fat Free Milk
3273,20919,1,Baby Spinach Salad
3273,22043,0,3D White Luxe Glamorous White Vibrant Mint Toothpaste
3273,26386,1,Protein Energy Bar Original Peanut Butter Fudge
3273,26412,1,Fresh Lean Ground Turkey
3273,28083,1,Healthy Multi Grain Bread
3273,30489,0,Original Hummus
3273,32511,1,Ground Coffee French Roast
3273,33493,0,Cotton Swabs
3273,34111,1,Mini Naan
3273,35609,0,Coconut Milk with Jasmine PetalsPurely Pampering Nourishing Body Wash
3273,36591,1,100% Whole Wheat Medium Soft Taco Flour Tortillas
3273,39408,1,Gala Apples
3273,40299,1,Soft Taco Flour Tortillas
3273,40834,1,Refried Beans with Zesty Salsa
3273,41709,1,All-Natural Chunky Salsa Medium
3273,45835,1,Ultra Strong Mega Bathroom Tissue Rolls
3273,46522,1,Spaghetti Pasta
3273,48226,1,Select-A-Size White Giant Roll Paper Towels
3273,49258,0,Soleil 3 Blade Women's Disposable Razors
3273,49319,1,Mozzarella String Cheese Made with 2% Reduced Fat Milk
3285,5856,0,Dish Soap Lime Zest
3285,18288,1,Sea Salt Potato Chips
3285,27344,1,Uncured Genoa Salami
3285,29589,1,Vanilla Chocolate Chip Ice Cream
3285,30382,0,Organic Flour Tortillas
3285,36165,0,Homemade Corn Chips
3285,38772,0,Provolone
3285,39094,0,Barbeque Potato Chips
3285,49235,0,Organic Half & Half
3500,16830,1,Le Gruyere Cheese
3500,24964,1,Organic Garlic
3500,26723,0,Comice Pear
3500,28309,1,Gourmet Pizza Three Cheese Gluten Free
3500,29328,0,Organic Sweet Mini Peppers
3500,32864,0,Organic Baby Rainbow Carrots
3500,39877,1,Organic Granny Smith Apple
3500,43987,1,Baguettes Gluten Free Fresh Rosemary
3505,5479,0,Italian Sparkling Mineral Water
3505,25138,1,Organic Plain Greek Whole Milk Yogurt
3505,27845,1,Organic Whole Milk
3505,43086,1,Super Greens Salad
3735,2014,0,Low Fat Kefir Cultured Milk Smoothie Lowfat Probiotic Blueberry
3735,4879,0,"Milk, Fat Free"
3735,24852,1,Banana
3735,27845,1,Organic Whole Milk
3735,32429,0,Red Mango
3735,41588,1,Firm Tofu
3735,48679,1,Organic Garnet Sweet Potato (Yam)
3923,115,1,Scooby-Doo! Fruit Flavored Snacks
3923,743,1,Pepperoni Party Pizza
3923,2456,1,Clump & Seal Multi-Cat Cat Litter
3923,3318,1,Cinnamon Swirl Raisin Bread
3923,5385,1,Country White Bread
3923,11158,1,Grands! with Cream Cheese Icing Cinnamon Rolls
3923,15322,1,Sriracha Chicken Big Burrito
3923,15344,1,Supreme Party Pizza
3923,19933,1,Crescent Butter Flake Dinner Rolls
3923,25830,1,Eggo Blueberry Waffles
3923,29471,1,Combination Pizza Rolls
3923,30639,1,Organic Orange Juice
3923,31587,1,Tomato Balsamic Vinegar Ketchup
3923,32099,1,Cilantro Lime Chicken Burrito
3923,34598,1,Brown'N Serve Sausage Links Maple 10 Ct
3923,34635,1,Shredded Beef Burrito
3923,37229,1,"Bathroom Tissue Softness & Strength, Double Rolls"
3923,37358,1,Frozen Limeade Concentrate
3923,43202,1,Honey BBQ Sauce Boneless Chicken Bites
3923,43886,1,Hot Dog Buns Enriched 8 Count
3923,47006,1,Steak Sauce
4044,10371,1,Wild Pink Salmon
4044,21903,1,Organic Baby Spinach
4103,18205,0,Peanut Butter Gluten Free Breakfast Bars
4103,18503,0,Light Cream
4103,18567,0,Low Fat No Chicken Noodle Soup
4103,23094,0,Organic Lentil Soup
4103,34524,0,Zinc Elderberry and Raspberry Lozenges
4103,34819,0,Liquid Vitamin C Orange Flavor
4103,39560,0,Go Lean Crunch! Honey Almond Flax Cereal
4103,39628,0,Mascarpone
4103,40614,0,Gypsy Cold Care Herbal Tea
4103,46713,0,Lady Fingers Biscotti
4170,1408,1,Mini Cucumbers
4170,4799,0,Shredded Parmesan
4170,9472,0,Organic Red Cherry Tomato
4170,18385,0,Gourmet Mochi Ice Cream Bonbons
4170,19970,0,Gourmet Mochi Ice Cream Vanilla Bonbons
4170,20542,0,Lime Ginger Lemon Agave
4170,21137,0,Organic Strawberries
4170,21405,0,"Organic Red Radish, Bunch"
4170,22548,0,Coldbrew Coffee Pops
4170,30720,0,Sugar Snap Peas
4170,35682,0,Biscoff Cookie
4170,40078,0,Strawberry Lemonade Frozen Pops
4170,41329,1,Carrot And Celery Sticks
4170,45066,1,Honeycrisp Apple
4557,10006,1,Low Sodium Refried Black Beans
4557,12480,0,Sliced Pancetta Americana
4557,16367,0,99% Aloe Vera Gelly
4557,18409,1,Outrageous B & B Pickles
4557,28545,1,Smoked Rainbow Trout
4557,31539,0,Organic Worcestershire
4557,46747,1,Dill & Sour Cream Plentils
4756,2838,0,Poppy Seed Dressing
4756,12315,1,Dairy Free Hazelnut Coconut Milk Creamer
4756,15655,0,Dark Chocolate Mint Snacking Chocolate
4756,21053,1,Almond Snack Crackers
4756,21137,1,Organic Strawberries
4756,30169,1,Total 2% All Natural Plain Greek Yogurt
4756,45123,0,Organic 21 Grain Thin Sliced Bread
4756,46979,1,Asparagus
4756,49374,0,Organic Cultured Cream Cheese Spread
4867,4478,0,Chocolate Fudge Brownie Frozen Yogurt
4867,14697,1,All Natural 100% Juice Apple
4867,19076,1,Rich & Hearty Chicken & Homestyle Noodles Soup
4867,24852,1,Banana
4867,25985,0,Chicken & Apple Smoked Chicken Sausage
4867,26709,0,Four Cheese Rising Crust Pizza
4867,30506,0,Hummus Roasted Pepper
4867,34640,1,Steamfresh Premium Selects Frozen Whole Green Beans
4867,43409,0,Frosted Mini-Wheats Original Cereal
4867,43715,0,40% Less Sodium Taco Seasoning Mix
4867,45681,0,Americone Dream® Ice Cream
4867,47234,0,Cucumber Dish Soap
4867,47284,0,Toll House Semi Sweet Chocolate Mini Morsels Chips
4867,49060,0,Soup & Oyster Crackers
5535,2078,1,Unsalted Pure Irish Butter
5535,8859,1,Natural Spring Water
5535,9839,1,Organic Broccoli
5535,10621,1,Organic Purple Kale
5535,18963,1,Apple Cider Vinegar
5535,19660,1,Spring Water
5535,22935,1,Organic Yellow Onion
5535,23147,1,Gut Shot Classic
5535,24964,1,Organic Garlic
5535,27521,1,Organic Lacinato (Dinosaur) Kale
5535,28601,1,Collard Greens
5535,34040,1,Organic Gut Shot Ginger Beet Probiotic Drink
5535,35535,1,Organic Red Chard Greens
5535,36389,1,Organic Rainbow Chard Vegetable
5535,38456,1,Large Grapefruit
5535,43484,1,Farmhouse Culture Classic Caraway Kraut
5535,47209,1,Organic Hass Avocado
5535,47734,1,Organic Green Cabbage
6293,432,1,Vanilla Almond Breeze Almond Milk
6293,27959,1,Premium Indian Tonic Water
6293,28985,0,Michigan Organic Kale
6293,30450,1,Creamy Almond Butter
6293,32566,0,Dha Omega 3 Vitamin D Milk
6293,35989,0,Coconut Flavored Sparkling Water
6293,47626,1,Large Lemon
6293,49235,1,Organic Half & Half
6342,17902,1,Liquid Egg Whites
6342,32689,0,Romaine Hearts
7156,9020,0,Boneless Skinless Chicken Thighs
7156,21137,0,Organic Strawberries
7156,31701,0,Potato Puffs with Roasted Garlic and Cracked Black Pepper
7156,36216,0,Lime Italian Sparkling Mineral Water
7156,40174,0,2% Reduced Fat Organic Milk
7156,43967,0,Raspberry Lemonade
7156,46584,0,YoKids Blueberry & Strawberry/Vanilla Yogurt
7224,1848,1,Rockin' Raspberry 3.1 Fl Oz
7224,4396,1,Oven Roasted Sea Salt Almonds
7224,5386,1,Strawberry
7224,7306,1,Oats & Peanut Butter Chewy Bars
7224,7702,1,Macaroni & Mild Cheddar Cheese
7224,7762,1,Vodka Pasta Sauce
7224,8590,1,Ground Turkey
7224,9028,1,Virginia Ham
7224,9076,1,Blueberries
7224,9623,1,Sparkling Natural Spring Water
7224,12782,1,Bun Length Beef Franks
7224,14161,1,Kiwi
7224,14168,1,Penne Pasta
7224,19348,1,Fat Free Milk
7224,19488,1,Select-A-Size White Paper Towels
7224,21980,1,Mini Ice Cream Sandwiches
7224,27240,1,Classic Lavender & Chamomile Liquid Hand Soap
7224,28449,1,"French Roast, Dark Roast K-Cups"
7224,30778,0,Ultra Original Scent Dishwashing Liquid 38 Fl Oz Dish Care
7224,34160,1,of Hanover 100 Calorie Pretzels Mini
7224,35633,1,Chocolate Peanut Butter
7224,37766,1,XL Emerald White Seedless Grapes
7224,38996,1,Grape Tomatoes
7224,40332,1,"Cage Free Brown Eggs-Large, Grade A"
7224,45656,1,Whole Grain Brown Rice
7713,2120,1,Sauvignon Blanc
7713,12013,1,Pinot Noir
7713,49544,1,Cabernet Sauvignon Wine
7848,11636,0,Premium Green Tea Bags
7848,27117,0,Refresh Herbal Tea
7848,27294,0,Wrigley's Orbit Wintermint Sugar Free Gum- 3 PK
7848,34355,0,Spearmint Sugar-Free Gum
7848,42611,1,Green Tea Green Ginger Tea Bags
7848,48946,0,Earl Grey Tea
8417,5467,1,Spinach & Cheese Enchilada Verde Meal
8417,5785,1,Organic Reduced Fat 2% Milk
8417,7054,1,Low Fat Plain Yogurt
8417,12341,1,Hass Avocados
8417,12381,1,Bowls Tortilla Casserole & Black Beans
8417,13166,1,"Organic Milk Reduced Fat, 2% Milkfat"
8417,13176,1,Bag of Organic Bananas
8417,17794,1,Carrots
8417,23417,0,Brown Rice & Vegetables Bowl
8417,26369,1,Organic Roma Tomato
8417,31461,0,Cheese Tamale Verde
8417,47734,1,Organic Green Cabbage
8498,9755,0,Original Popcorn
8498,13194,0,Chewy Granola Bars Variety Pack
8498,15902,0,100 Calorie  Per Bag Popcorn
8498,19734,0,Classic Mix Variety
8498,20118,0,Krinkle Cut Sea Salt Potato Chips
8498,24179,0,"Real Vegetable Chips, Sweets & Beets"
8498,34160,0,of Hanover 100 Calorie Pretzels Mini
8498,36316,0,Lemon Sparkling Water
8498,39408,0,Gala Apples
8498,39618,0,Simply 100 Peach Blended  Non-Fat Greek Yogurt
8498,44085,0,Vanilla Light & Fit Greek Yogurt
8498,44156,0,Strawberry on the Bottom Nonfat Greek Yogurt
8498,47866,0,Jalapeno Potato Chips
8498,47977,0,Grapefruit Sparkling Water
8500,1463,1,Organic Milk
8500,4957,1,Total 2% Lowfat Greek Strained Yogurt With Blueberry
8500,5077,1,100% Whole Wheat Bread
8500,10106,1,Honey & Maple Turkey Breast
8500,11941,1,"Tortillas, Corn, Organic"
8500,24852,1,Banana
8500,33370,1,Total with Strawberry Yogurt
8500,33787,1,Total 2% Lowfat Greek Strained Yogurt with Peach
8500,36305,1,The Great Organic Uncured Chicken Hot Dogs
8500,37646,1,Organic Gala Apples
8500,46346,0,Sweet Potato Fries with Sea Salt
8537,9387,0,Granny Smith Apples
8537,21616,1,Organic Baby Arugula
8537,28985,0,Michigan Organic Kale
8537,34466,1,Sweet Potatoes
8537,35973,0,Paprika
8537,39558,1,Gold Potato
8537,47626,1,Large Lemon
8710,32521,0,Honey Mustard and Onion Seasoned Sourdough Nibblers
8710,39719,0,"Freshly Made. Filled with Creamy Ricotta, Aged Parmesan and Romano Cheeses Three Cheese Tortellini"
8742,21077,0,Cara Cara Navel Orange
8742,27845,1,Organic Whole Milk
8745,5744,1,Unsalted Chicken Stock
8745,7631,0,Broccoli Bunch
8745,18599,1,Garlic Couscous
8745,23102,1,Organic 1% Milk
8745,29586,1,Fresh Garlic
8776,1416,0,Organic Caesar Dressing
8776,4799,0,Shredded Parmesan
8776,12395,0,Plain Goat Milk Yogurt
8776,26604,0,Organic Blackberries
8776,28535,0,Cucumber & Garlic  Tzatziki
8776,39275,0,Organic Blueberries
8776,40706,0,Organic Grape Tomatoes
8776,47209,0,Organic Hass Avocado
8811,23191,0,Blood Orange Juice
8811,27715,1,Farmstand Flaxbread Egg and Vegetarian Bacon Breakfast Sandwich
8811,33752,1,Meatless Sausage Egg Gouda Sandwich
8811,46246,1,Organic Oolong Tea
9310,6489,0,Backyard Barbeque Potato Chips
9310,23645,0,Sour Cream & Onion Potato Chips
9310,24852,0,Banana
9310,25640,0,White Peach
9310,36802,0,Peach Nectar
9310,37687,0,Organic Spring Mix
9310,40852,0,Lactose Free Fat Free Milk
9310,45679,0,Gluten Free Cheddar Macaroni & Cheese Rice Pasta
9578,1402,1,Plain Soymilk Creamer
9578,24810,1,Organic Lightly Salted Brown Rice Cakes
9578,30154,0,Lemon Cupcakes
9578,34310,0,Organic Goddess Dressing
9578,34473,0,Gluten Free Vegan Penguinos Cupcakes
9578,41198,0,Classic Peanut Butter
9578,43490,0,Deluxe Orange Marmalade Fruit Spread
10185,1935,0,Whole Wheat Cookies Dark Chocolate
10185,16521,1,Walnut Halves & Pieces
10185,18224,1,Organic Low Fat Plain Yogurt
10185,18286,1,"Ramen, Vegan, Miso"
10185,21903,0,Organic Baby Spinach
10185,39275,0,Organic Blueberries
10185,43352,1,Raspberries
10185,46346,1,Sweet Potato Fries with Sea Salt
10185,47209,0,Organic Hass Avocado
10293,13176,1,Bag of Organic Bananas
10293,21267,1,Sourdough Bread
10293,24830,0,Organic Romaine
10293,30204,1,Coconut Spray Oil
10293,38689,1,Organic Reduced Fat Milk
10293,43122,1,Organic Bartlett Pear
10438,3464,0,"Organic Butterhead (Boston, Butter, Bibb) Lettuce"
10438,6765,0,Flat Fillets Anchovies
10438,8309,1,Nonfat Icelandic Style Strawberry Yogurt
10438,9076,1,Blueberries
10438,13176,1,Bag of Organic Bananas
10438,13263,1,Non Fat Acai & Mixed Berries Yogurt
10438,14992,0,Green Beans
10438,17794,1,Carrots
10438,24799,1,Vanilla Skyr Nonfat Yogurt
10438,28465,1,Icelandic Style Skyr Blueberry Non-fat Yogurt
10438,28985,1,Michigan Organic Kale
10438,30563,0,Strained Non-Fat Strawberry Icelandic Style Skyr Yogurt
10438,38693,1,Meyer Lemon
10438,38890,0,No Pulp Calcium & Vitamin D Pure Premium 100% Pure Orange Juice
10438,40706,1,Organic Grape Tomatoes
10438,42736,0,Unsalted Butter
10438,47029,0,Organic Greek Nonfat Yogurt With Mixed Berries
10438,48726,0,Organic Nonfat Greek Yogurt With Peaches
10447,10970,1,Chocolate Chip Cookie Mix
10447,20915,1,Mozzarella Light Low Moisture Part Skim String Cheese
10447,24514,1,Fig Newtons Fat Free Cookies
10447,26348,1,Mixed Fruit Fruit Snacks
10447,27344,1,Uncured Genoa Salami
10447,29315,1,Signature Pepperoni Crispy Thin Crust Pizza
10447,31573,1,Whole Grain Brown Ready Rice
10447,33129,1,Classic Hummus
10447,33326,1,Cheese Finely Shredded Mexican Four Cheese Blend Reduced Fat 2%
10447,40376,1,Steamfresh Sweet Peas
10447,41674,1,Reduced-fat Soft Cream Cheese
10447,43704,1,Low Carb Whole Wheat Tortillas
10447,45427,1,Deluxe Whole Lightly Salted Cashews
10447,47141,1,Cola
10447,47759,1,Mandarin Oranges
10548,141,1,Restaurant Style Organic Chia & Quinoa Tortilla Chips
10548,3464,0,"Organic Butterhead (Boston, Butter, Bibb) Lettuce"
10548,8053,1,Organic Pineapple Chunks
10548,8358,1,Uncooked Corn Tortillas
10548,8424,0,Broccoli Crown
10548,11576,1,Corn Chips
10548,11819,0,Laundry Detergent Free & Clear
10548,13984,1,Organic Mint
10548,17985,1,Uncooked Medium Flour Tortillas
10548,20084,1,Pineapple Apple Mint Organic Cold Pressed Juicd
10548,21616,1,Organic Baby Arugula
10548,21903,1,Organic Baby Spinach
10548,21910,1,Coconut Almond Creamer Blend
10548,21936,1,Vegetarian Refried Beans
10548,24964,1,Organic Garlic
10548,26209,1,Limes
10548,26717,1,Ginger Yuzu Scented Dish Soap
10548,27966,1,Organic Raspberries
10548,31242,1,Pico De Gallo Chunky Salsa
10548,35628,1,Organic Strawberry Smoothie
10548,39968,0,Miso Soup
10548,41665,1,Organic Mexican Blend Finely Shredded Cheese
10548,42265,1,Organic Baby Carrots
10548,43789,1,Organic Basil
10548,46667,0,Organic Ginger Root
10548,47209,1,Organic Hass Avocado
10548,47626,1,Large Lemon
10548,48099,1,Truffle Parmesan Macaroni & Cheese Bowl
10548,48287,1,Natural Chicken & Maple Breakfast Sausage Patty
10548,48491,1,"Tofu, Extra Firm"
10600,24489,1,Organic Whole Strawberries
10600,26369,1,Organic Roma Tomato
10600,35547,1,Organic Baby Kale
10600,42193,1,Chocolate Chip Cookie
10600,47626,1,Large Lemon
10600,47766,1,Organic Avocado
11128,4920,1,Seedless Red Grapes
11128,17794,1,Carrots
11128,34969,1,Red Vine Tomato
11128,37825,1,Organic Whole Wheat Fusilli
11128,39409,1,"Ginger Root Beer, Naturally Flavored Zero Calorie Soda, Caffeine Free"
11128,42347,1,Caffeine Free Diet Cola All Natural Soda
11128,47029,0,Organic Greek Nonfat Yogurt With Mixed Berries
11128,48726,0,Organic Nonfat Greek Yogurt With Peaches
11238,14084,1,Organic Unsweetened Vanilla Almond Milk
11238,21903,0,Organic Baby Spinach
11767,6849,1,Bone In Beef Rib Steak
11767,9051,1,Organic Lowfat Creamy Australian Style Orange Passion Fruit Yogurt
11767,10089,1,Dolmas
11767,14335,1,Phish Food® Ice Cream
11767,16874,1,Chocolate Fudge Brownie Ice Cream
11767,21137,1,Organic Strawberries
11767,27845,1,Organic Whole Milk
11767,27966,1,Organic Raspberries
11767,29589,1,Vanilla Chocolate Chip Ice Cream
11767,40310,1,Oven Roasted Turkey Breast
11767,40334,1,Organic White Pita Bread
11767,42445,1,Organic Plain Whole Milk Yogurt
11907,2132,1,Rosemary Olive Oil Bread
11907,2855,1,Organic Good Seed Bread
11907,5250,1,Blueberry Muffin Bar
11907,9517,1,Havarti Cheese
11907,10551,1,Banana Bread Fruit & Nut Bar
11907,13083,1,Lowfat Small Curd Cottage Cheese
11907,21903,1,Organic Baby Spinach
11907,21914,1,Peanut Butter & Jelly Fruit & Nut Food Bar
11907,22227,1,Coconut Cream Pie
11907,26629,1,Cherry Pie Fruit & Nut Bar
11907,28572,1,Premium Ice Cubes
11907,29574,1,Tempt Unsweetened Vanilla Hemp Milk
11907,30169,0,Total 2% All Natural Plain Greek Yogurt
11907,30742,1,Veggie Pepperoni Pizza
11907,33716,1,Apple Pie Fruit & Nut Food Bar
11907,33845,1,Organic YoBaby Vanilla Yogurt
11907,44329,1,Skillet Refried Red Beans Sautéed With Onion & Tomatillo
12049,16759,0,Organic Carrot Bunch
12611,2748,1,Organic Reduced Fat Omega-3 Milk
12611,6341,0,Brown Eggs
12611,19261,0,Rocky Mountain Sourdough Bread
12611,22113,1,Organi Cheddar Cheese Mild sliced
12611,31717,0,Organic Cilantro
12611,45504,0,Whole Organic Omega 3 Milk
12611,46900,0,Organic Chicken Noodle Soup
12611,47209,0,Organic Hass Avocado
12906,2450,1,Taco Seasoning
12906,4163,1,Spanish Rice Pilaf Mix
12906,4605,1,Yellow Onions
12906,9071,1,Navel Oranges Bag
12906,10504,0,Yukon Gold Potatoes 5lb Bag
12906,13198,1,85% Lean Ground Beef
12906,17181,1,Natural Goddess Dressing
12906,27316,1,"Trop50 No Pulp Orange Juice w/ Calcium + Vitamin D, 50% Less Sugar & Calories"
12906,28571,1,Pretzel Rods
12906,31487,1,Boomchickapop Sweet & Salty Kettle Corn
12906,43961,1,Organic Peeled Whole Baby Carrots
12906,47766,1,Organic Avocado
13112,5646,1,Organic Turkey Bacon
13112,9203,0,Dairy Free Coconut Milk Raspberry Yogurt Alternative
13112,11262,1,Extra Thick Whole Grain Rolled Oats
13112,12392,0,Organic Love Crunch Granola Dark Chocolate & Red Berries
13112,13740,1,Organic Summer Strawberry Bunny Fruit Snacks
13112,18027,1,Ezekiel 4:9 Bread Organic Sprouted Whole Grain
13112,18288,1,Sea Salt Potato Chips
13112,22935,1,Organic Yellow Onion
13112,23765,1,Organic Smoked Turkey Breast
13112,27344,1,Uncured Genoa Salami
13112,28277,1,Organic Black Truffles Dark Chocolate
13112,31506,1,Extra Virgin Olive Oil
13112,35522,1,Strawberry Protein Shake
13112,39561,1,Crackers Cheddar Bunnies Snack Packs
13112,45013,1,Apple Sauce
13112,45448,1,Peanut Butter Protein Replenishment Macrobar
13112,46709,0,Gluten Free Old Fashioned Rolled Oats
13834,38817,0,Sugarfree
14470,10621,0,Organic Purple Kale
14470,10749,1,Organic Red Bell Pepper
14470,17948,1,Frozen Organic Wild Blueberries
14470,21938,1,Green Bell Pepper
14470,26604,1,Organic Blackberries
14470,27966,1,Organic Raspberries
14470,28985,1,Michigan Organic Kale
14470,29117,0,Organic Gluten Free Sea Salt by the Seashore Multigrain Tortilla Chips
14470,35951,1,Organic Unsweetened Almond Milk
14470,37417,0,Gluten Free Pretzel Twists
14470,40173,1,Organic Gluten Free Rigatoni
14470,40545,1,Berry Medley
14470,47738,0,Dark Chocolate Mocha Granola Bars
14501,184,0,Kisses Milk Chocolate Candy
14501,3594,0,Milk Whole
14501,6195,0,Eggo Mini Homestyle Waffles
14501,8718,0,Crispy Seasoned Potato Puffs
14501,12481,0,Oreo Chocolate Sandwich Cookies
14501,17738,0,Organic Peach Oatmeal Banana Stage 2 Baby Food
14501,18487,0,Apples & Blueberries Stage 2 Baby Food
14501,19488,0,Select-A-Size White Paper Towels
14501,20378,0,Chicken Broth
14501,23734,0,Sour Cream
14501,24004,0,Goldfish Parmesan Baked Snack Crackers
14501,24852,0,Banana
14501,25241,0,Chocolate Peppermint Crunch Ice Cream
14501,28137,0,Chicken & Vegetable Dumplings Potstickers
14501,32519,0,Honey Maid Fresh Stack Honey Grahams
14501,33000,0,Pure Irish Butter
14501,33651,0,Harvest Cheddar Multigrain Chips
14501,40348,0,Large Burrito Flour Tortillas
14501,40421,0,Apple Butternut Squash Baby Food
14501,41290,0,Lemonade
14501,44787,0,Stage 1 - Just Prunes
14501,46175,0,Half Baked® Ice Cream
14501,46650,0,Special Reserve Extra Sharp Cheddar Cheese
14501,49060,0,Soup & Oyster Crackers
14501,49363,0,Freshly made pasta in a 100% Real Cheddar cheese sauce Macaroni & Cheese
14501,49678,0,Large Chicken & Cheese Taquitos
14771,4920,1,Seedless Red Grapes
14771,5351,1,Smoked Whitefish Salad
14771,25588,1,Seedless Small Watermelon
14771,29223,1,Golden Pineapple
14771,47788,1,Honeydew Melon
14800,23106,0,Pomegranate on the Bottom Non-Fat Greek Yogurt
14800,29628,0,Ultra Strong Toilet Paper Double Rolls Bathroom Tissue
14800,33791,0,Raspberry on the Bottom Nonfat Greek Yogurt
14800,36307,1,Milano Double Chocolate Cookies
14800,44156,0,Strawberry on the Bottom Nonfat Greek Yogurt
14820,19736,0,Rosemary Crackers
14820,26559,0,"Dishwasher Detergent, Fresh Scent"
14850,1172,0,Organic Berry Fuel Energy Drink
14850,11560,1,"Wild Kippers, Wild, Smoked"
14850,13712,0,Cold Brew Coffee Double Espresso with Almond Milk
14850,15153,1,Blue Machine Boosted 100% Juice Smoothie
14850,18510,0,Peppermint Mocha Cold Brew Coffee With Almond Milk
14850,24838,0,Unsweetened Almondmilk
14850,26165,1,Electrolyte Enhanced Water
14850,26683,1,Cafe Latte Pure Lightly Sweetened Iced Coffee With Almond Milk
14850,38925,1,Lightly Smoked Portuguese Sardines in Cayenne Pepper with Extra Virgin Olive Oil
14850,40824,1,Vegan Sour Cream & Onion Kettle Chips
14850,43633,1,Lightly Smoked Sardines in Olive Oil
15000,5994,1,Traditional Refried Beans
15000,47209,1,Organic Hass Avocado
15000,48487,1,Blue Corn Taco Dinner Kit
15380,7736,0,Premium Original Saltine Crackers
15380,8016,0,Healthy Request Chunky Chicken Noodle Soup
15380,12916,0,Ginger Ale
15380,16797,0,Strawberries
15380,21884,0,Home Style Chicken Noodle Soup
15380,22474,0,Cheddar Bunnies Snack Crackers
15380,29941,0,Red Plums
15380,30095,0,Thirst Quencher Lemon-Lime
15380,30352,0,Goldfish Original Baked Snack Crackers
15380,31577,0,Whole Wheat Bunnies Baked Snack Crackers
15380,33655,0,Strawberry Jelly
15578,2429,1,"Seriously Sharp Cheddar Cheese Cracker Cut Slices,"
15578,4945,1,Large Pineapple Chunks
15578,7503,1,Whole Almonds
15578,14195,1,63% Dark Chocolate Sea Salt & Nibs Bar
15578,16083,1,Organic Large Brown Eggs
15578,19322,1,Original Flax Milk Dairy Free Protein+
15578,21903,1,Organic Baby Spinach
15578,24120,0,Dried Cranberries
15578,24759,1,Club Soda
15578,26209,1,Limes
15578,31404,1,Vanilla Yoghurt
15578,33232,1,Unsweetened Cashew Milk
15578,39190,1,Vanilla Unsweetened Almond Milk
15578,39877,1,Organic Granny Smith Apple
15578,41212,1,Flax Milk Dairy Free Protein+ Unsweetened Vanilla
15578,43352,1,Raspberries
15578,45066,1,Honeycrisp Apple
15578,46667,1,Organic Ginger Root
15578,47209,0,Organic Hass Avocado
15578,47626,1,Large Lemon
15578,49683,1,Cucumber Kirby
15820,4799,0,Shredded Parmesan
15820,6860,0,Organic Balsamic Vinaigrette
15820,7058,0,Vidalia Onions
15820,7228,0,Organic Italian Dressing
15820,7412,0,Gluten-Free Red Hot Blues Made with Organic Blue  Corn Tortilla Chips
15820,8177,0,Organic Summer Corn & Vegetable Soup
15820,9076,0,Blueberries
15820,11520,0,Large Alfresco Eggs
15820,14429,0,Organic Ground Black Pepper
15820,15290,0,Orange Bell Pepper
15820,18625,0,Black Beans Refried Beans
15820,20345,0,Thin Crust Pepperoni Pizza
15820,27086,0,Half & Half
15820,37458,0,Crushed Red Peppers
15820,40396,0,Guacamole
15820,40604,0,Feta Cheese Crumbles
15820,44142,0,Red Onion
15820,44643,0,Gallon Freezer Bags
15820,44661,0,Bicolor Sweet Corn
15820,46505,0,Organic Long Grain Brown Rice
15820,46900,0,Organic Chicken Noodle Soup
15820,47144,0,Unsweetened Original Almond Breeze Almond Milk
15820,49683,0,Cucumber Kirby
15983,4932,0,Vanilla Bean Ice Cream
15983,19678,0,Organic Russet Potato
15983,27744,0,Organic Whipping Cream
15983,42736,0,Unsalted Butter
16793,11712,1,Cage Free Large White Eggs
16793,12467,1,Italian Dill Spears Hot
16793,14947,1,Pure Sparkling Water
16793,23630,1,Multi-Seed Original Crackers
16793,24852,1,Banana
16793,27086,1,Half & Half
16793,27297,1,Low Fat Plain Goat Milk Yogurt
16793,37418,1,Mojo Chocolate Almond Coconut Bar
16793,39408,1,Gala Apples
16793,47792,1,Organic Beans & Rice Cheddar Cheese Burrito
16999,204,0,Free & Clear Natural Laundry Detergent For Sensitive Skin
16999,8006,0,Chopped Organic Garlic
16999,9421,0,Organic Raw Multigreen Kobmbucha
16999,11777,1,Red Raspberries
16999,16797,0,Strawberries
16999,16965,1,Chocolate Ice Cream
16999,19575,0,Cultured Soy Vanilla Yogurt
16999,19660,1,Spring Water
16999,23541,0,Veri Veri Teriyaki Marinade & Sauce
16999,24852,1,Banana
16999,27690,0,Apple Cinnamon GoGo Squeez
16999,27741,0,Organic Extra Firm Cubed Tofu
16999,28985,1,Michigan Organic Kale
16999,33120,0,Organic Egg Whites
16999,38311,0,Lemon Love Juice Drink
16999,40174,1,2% Reduced Fat Organic Milk
16999,40723,0,Organic Cripps Pink Apples
16999,43713,0,Organic Creamy Peanut Butter
16999,45603,0,Trilogy Kombucha Drink
16999,46654,0,Organic Grade A Large Brown Eggs
17155,1994,1,Organic Gluten Free Quinoa Spaghetti
17155,4149,1,Frozen Organic Blueberries
17155,9748,1,Organic Roasted Lemon Thyme Hummus
17155,12703,0,Organic Mung-Bean Sprouts
17155,14084,1,Organic Unsweetened Vanilla Almond Milk
17155,14309,0,Sprouted Pumpkin Seeds with Celtic Sea Salt
17155,17231,0,Sprouted Sunflower Seeds
17155,17944,0,Organic Micro Greens Sprouts
17155,20367,1,Natural Mint Gum
17155,21183,0,Organic Gold Beet Bunch
17155,36724,1,Organic Sea Salt Roasted Seaweed Snacks
17155,39928,0,Organic Kiwi
17155,42699,1,Gluten Free Quinoa Pasta Shells
17155,43944,1,Smoked Sea Salt & Almond Chocolate Bar
17155,49026,1,Plain Almond Milk Yogurt
17532,29553,1,Super Soft Taco Flour Tortillas
17532,41178,1,Natural Finely Shredded Triple Cheddar Cheese
17532,48206,0,Deli Select Brown Sugar Ham Ultra Thin
17532,49054,0,Original Chocolate Chip Cookies
17988,3661,1,S'mores Luna Bar
17988,5646,1,Organic Turkey Bacon
17988,7781,1,Organic Sticks Low Moisture Part Skim Mozzarella String Cheese
17988,10132,1,Organic American Cheese Singles
17988,11440,1,Chicken Breast Tenders Breaded
17988,15290,1,Orange Bell Pepper
17988,16254,1,ZBar Organic Chocolate Brownie Energy Snack
17988,21513,1,Heart to Heart Honey Toasted Oat Cereal
17988,25753,1,Organic Homestyle Waffles
17988,25824,1,Pita Chips Simply Naked
17988,26362,1,Lavender Lullaby Soap
17988,28342,1,Pineapple Strawberry Naturally Essenced Sparkling Water
17988,28593,1,Reduced Fat 2% Chocolate Milk
17988,30326,1,Whole Nutrition Bar Chocolate Cupcake
17988,30489,1,Original Hummus
17988,30639,1,Organic Orange Juice
17988,40002,1,Strawberry Ice Cream
17988,41793,1,Mini Chocolate Chunk Cookies
17988,43295,1,Unsweetened Vanilla Almond Milk
17988,44625,1,Natural Black Cherry Gels Gelatin Free Snacks
17988,45007,1,Organic Zucchini
17988,45537,1,Classic Round Crackers
17988,46138,1,Cookies & Cream Ice Cream
18645,37687,0,Organic Spring Mix
18651,24852,1,Banana
18651,27247,1,Original Soy Creamer
18807,12341,1,Hass Avocados
18807,13829,1,Mild Salsa
18807,34214,1,Pesto Pizza
18807,37646,1,Organic Gala Apples
18807,42536,1,Gluten Free Original Granola
19093,6046,0,Boneless Skinless Chicken Breast
19093,11454,0,Almond Butter Crunchy
19093,13733,1,Red Potatoes
19093,24852,1,Banana
19093,42495,1,Pink Lady (Cripps) Apple
19093,46820,1,Vanilla Pure Almond Milk
19093,46979,0,Asparagus
19392,283,0,Organic Whole Wheat Elbows
19392,2651,0,Mayonnaise
19392,3561,0,Flat Fillets of Anchovies
19392,8518,1,Organic Red Onion
19392,9597,0,Sweet Kale Chopped Salad
19392,11135,0,Organic Sliced Mushrooms
19392,12872,0,Penne Rigate
19392,13198,1,85% Lean Ground Beef
19392,21938,1,Green Bell Pepper
19392,24830,0,Organic Romaine
19392,24852,1,Banana
19392,27086,1,Half & Half
19392,27845,0,Organic Whole Milk
19392,31343,0,Shredded Mild Cheddar Cheese
19392,31371,1,Whole Wheat English Muffins
19392,34969,0,Red Vine Tomato
19392,35108,1,Salted Butter
19392,38012,0,Organic Cream of Mushroom Condensed Soup
19392,38772,0,Provolone
19392,42736,0,Unsalted Butter
19392,42996,0,Pumpkin Chevre Log
19392,44910,1,Organic Spring Mix Salad
19392,47526,0,Goat Cheese Log
19392,48094,0,Crushed Tomatoes With Basil
19595,12579,1,Cashews
19595,22872,1,Natural Unsalted Macadamia
19595,27275,1,Pineapple Strawberry Sparkling Water
19595,27292,1,Sea Salt Macadamias
19595,30169,1,Total 2% All Natural Plain Greek Yogurt
19595,30441,1,V-Fusion Energy Pomegranate Blueberry
19595,31964,1,Passionfruit Sparkling Water
19595,34982,1,Blueberry & Acai Asian Yogurt
19595,43277,1,Pitted Organic Kalamata Olives To Go!
19595,43279,1,Non-Fat Greek Yogurt With Strawberries on the Bottom
19595,45314,1,Asian Yogurt Green Tea Honey
19663,3843,0,Organic Brussels Sprouts
19663,5450,1,Small Hass Avocado
19663,8173,0,Boneless Ham Steak
19663,9779,1,Shepherd's Pie
19663,11777,0,Red Raspberries
19663,15604,0,Fat Free Plain Yogurt
19663,16797,0,Strawberries
19663,17878,0,Grilled Chicken Breast Strips
19663,18594,0,Emmentaler Swiss Slices
19663,21872,0,Organic Italian Salad
19663,21903,1,Organic Baby Spinach
19663,27336,1,Organic Rainbow Carrots
19663,32747,1,Low Fat 1% Milk
19663,34969,0,Red Vine Tomato
19663,39040,0,Organic Sliced Crimini Mushrooms
19663,42450,0,Macaroni & Cheese
19663,42865,1,Braised Beef & Polenta Red Wine
19663,43122,0,Organic Bartlett Pear
19663,46496,0,Z Bar Protein Peanut Butter Chocolate Protein Snack Bar
19663,48628,1,Organic Whole Wheat Bread
19663,49273,0,Light and Lean Quinoa Black Beans with Butternut Squash and Chard
19824,24838,1,Unsweetened Almondmilk
19824,34276,1,Pecan Caramel Almond Creamer
19824,39408,0,Gala Apples
19824,43295,1,Unsweetened Vanilla Almond Milk
19964,2390,1,Pita Crisps Simply Naked
19964,2668,0,Whips! Strawberry Mist Yogurt Mousse
19964,5385,1,Country White Bread
19964,13176,1,Bag of Organic Bananas
19964,15872,1,Celery Hearts
19964,17985,0,Uncooked Medium Flour Tortillas
19964,25493,1,Cookies 'n Cream with Oreo Cookie Pieces Lowfat Yogurt
19964,33129,0,Classic Hummus
19964,33990,1,Organic Chocolate Chip Granola Bars
19964,39299,0,Organic Chocolate Chip ZBar Kids Energy Snack
19964,40878,1,Macaroni And Cheese
19976,3957,1,100% Raw Coconut Water
19976,12872,0,Penne Rigate
19976,20995,0,Organic Broccoli Florets
19976,23375,0,Marinara Sauce
19976,31717,0,Organic Cilantro
19976,34496,0,Alfredo Pasta Sauce
20072,9480,0,Spinach Tortillas 8 Count
20072,12144,0,Gluten-Free Chicken Nuggets
20072,13176,1,Bag of Organic Bananas
20072,18370,0,Organic Shredded Mozzarella
20072,47209,1,Organic Hass Avocado
20210,4920,0,Seedless Red Grapes
20210,6849,0,Bone In Beef Rib Steak
20210,11782,0,Bing Cherries
20210,12254,1,Organic Cherries
20210,19057,1,Organic Large Extra Fancy Fuji Apple
20210,22025,0,YoBaby Blueberry Apple Yogurt
20210,22298,0,Yo Baby Organic Whole Milk Banana Mango Yogurt
20210,22935,0,Organic Yellow Onion
20210,27104,1,Fresh Cauliflower
20210,28985,1,Michigan Organic Kale
20210,34668,0,Organic Large Grade AA Omega-3 Eggs
20210,37646,1,Organic Gala Apples
20210,39475,0,Total Greek Strained Yogurt
20210,45955,0,Truffle Tremor Cheese
20349,18804,1,Belgian Style White Beer
20349,23013,1,Belgian White
20349,30036,1,Belgian White Wheat Ale
20349,31081,1,"Ale, India Pale, Brew Free! Or Die IPA"
20349,39184,1,Down To Earth IPA
20349,40364,1,Draught
20349,40748,1,Grapefruit Radler
20349,41152,1,Suds Cans
20349,46088,1,Beer
20349,48241,0,Sculpin IPA
20730,248,1,Dried Sweetened Cranberries
20730,1744,1,Mint Chocolate Chip Protein Bar
20730,7781,1,Organic Sticks Low Moisture Part Skim Mozzarella String Cheese
20730,18140,0,Organic Fresh Pressed Pure Cranberry Juice
20730,18564,1,Diet Ginger Ale All Natural Soda
20730,19845,0,Dandelion Leaf & Root Tea
20730,31635,1,Vanilla Almond Milk Yogurt
20730,34590,1,Pitted Dates
20730,34969,1,Red Vine Tomato
20730,42585,1,Organic Extra Firm Tofu
20809,15097,1,Light Mayonnaise
20809,18998,1,Complete ActionPacs Fresh Scent Dishwasher Detergent
20809,25844,1,Double Rolls Bath Tissue
20809,38444,1,Chardonnay
20809,44843,1,Traditional Chicken Noodle Soup
20874,1578,0,Apple Jacks Cereal
20874,1940,1,Organic 2% Reduced Fat Milk
20874,10706,1,Pizza
20874,14168,0,Penne Pasta
20874,17029,0,Fruit Roll-Ups Strawberry Sensation Fruit Flavored Snacks
20874,19660,0,Spring Water
20874,28993,0,Iceberg Lettuce
20874,38714,0,Chocolate Vanilla Swirls Pudding Snacks
20874,42736,0,Unsalted Butter
20874,43279,0,Non-Fat Greek Yogurt With Strawberries on the Bottom
20874,47626,0,Large Lemon
21068,5250,1,Blueberry Muffin Bar
21068,7781,1,Organic Sticks Low Moisture Part Skim Mozzarella String Cheese
21068,10551,1,Banana Bread Fruit & Nut Bar
21068,11688,1,Lemon Fruit & Nut Food Bar
21068,12858,1,Pecan Pie Fruit & Nut Food Bar
21068,13176,1,Bag of Organic Bananas
21068,16525,1,Organic Chopped Garlic
21068,21019,0,Roasted Red Pepper Hummus
21068,24131,1,Sriracha Mayonnaise
21068,24884,0,"Kettle Chips, Avocado Oil, Sea Salt"
21068,33716,1,Apple Pie Fruit & Nut Food Bar
21068,45788,0,Garlic Lovers Hommus
21085,5646,1,Organic Turkey Bacon
21085,32857,1,Organic Chunky Tomato Bisque Soup
21460,4799,1,Shredded Parmesan
21460,8518,1,Organic Red Onion
21460,10655,1,Sparkling Seltzer Water
21460,15040,0,Organic Acorn Squash
21460,16521,1,Walnut Halves & Pieces
21460,18963,0,Apple Cider Vinegar
21460,20608,0,Grapeseed Oil
21460,25705,1,Butterhead Lettuce
21460,27683,0,Black Beans No Salt Added
21460,27925,0,Organic Red Bartlett Pear
21460,39475,1,Total Greek Strained Yogurt
21460,40268,1,Organic Wheat-Free & Gluten-Free Original Crackers
21460,42701,0,Organic Sour Cream
21460,47325,1,100% Pomegranate Juice
21460,48745,1,Globe Eggplant
21513,9808,1,Organic Cottage Cheese
21513,10278,0,Men's One Tablets - 30 CT
21513,13176,1,Bag of Organic Bananas
21513,26604,1,Organic Blackberries
21513,27967,1,Egg Pasta Fettuccine
21513,37825,1,Organic Whole Wheat Fusilli
21513,46045,1,Reduced Fat Irish Butter
21553,7751,1,Tomato Ketchup
21553,7781,1,Organic Sticks Low Moisture Part Skim Mozzarella String Cheese
21553,13974,1,Reduced Fat Creamy Peanut Butter Spread
21553,17825,1,Lowfat 1% Milk
21553,18721,1,"Baked Rice and Corn Puffs, Aged White Cheddar"
21553,20502,1,Singles 2% Milk American Cheese Slices
21553,23047,0,Sesame Roasted Seaweed Snacks
21553,23339,1,Sweet Corn On The Cob
21553,27344,1,Uncured Genoa Salami
21553,33560,1,Italian Bread Crumbs
21553,41354,1,All Occasion Classic White Paper Plates
21553,45698,1,One Ply Choose A Size Big Roll Paper Towel Rolls
21553,48370,1,Sensitive Toilet Paper
21646,4313,1,Star Wars Italian Sweet Creme Creamer
21646,8668,0,Homemade Vanilla Ice Cream
21646,9533,0,Natural Butter Flavor Lite Maple Syrup
21646,13176,1,Bag of Organic Bananas
21646,17040,1,Classic Roast Instant Coffee Crystals
21646,23909,1,2% Reduced Fat Milk
21646,27681,0,Lower Sugar Instant Oatmeal  Variety
21646,28599,0,Flavor Variety Instant Oatmeal
21646,30696,1,Eggo Homestyle Waffles
21646,41453,1,Eggo Buttermilk Pancakes
21646,42406,0,Multi-Surface Cleaner
21646,46041,0,Beef Franks
21646,47163,0,Caramel Macchiato Gourmet Coffee Creamer
21894,2086,1,Sustainably Soft Bath Tissue
21894,8087,0,Florida Orange Juice With Calcium & Vitamin D
21894,10246,0,Organic Celery Hearts
21894,13176,1,Bag of Organic Bananas
21894,14371,1,Organic Nonfat Milk
21894,14633,1,Veggie Chips
21894,27104,0,Fresh Cauliflower
21894,28199,1,"Clementines, Bag"
22037,16083,1,Organic Large Brown Eggs
22037,17949,1,Mild Cheddar Cheese Sticks
22037,18441,1,Organic Ketchup
22037,24768,1,All Natural Honey Almond Butter
22037,24852,1,Banana
22037,26790,0,Organic AppleApple
22037,29987,1,Shredded Mozzarella
22037,30252,1,Organic Soft Wheat Bread
22037,31343,1,Shredded Mild Cheddar Cheese
22037,33787,1,Total 2% Lowfat Greek Strained Yogurt with Peach
22037,36426,1,"Fire-Roasted Tomato Taco Sauce, Medium"
22037,39275,1,Organic Blueberries
22037,40571,1,Total 2% Greek Strained Yogurt with Cherry 5.3 oz
22037,41844,1,Honey Nut Cheerios
22037,44765,1,Colby Cheese Sticks
22037,46979,1,Asparagus
22037,47766,1,Organic Avocado
22167,162,1,Organic Mini Homestyle Waffles
22167,7010,0,Organic White Basmati Rice
22167,7673,0,Organic SprouTofu Super Firm Tofu
22167,8467,1,Cinnamon Raisin Bread
22167,10527,1,Whipped Butter
22167,13431,1,Flaky Biscuits
22167,20536,1,Organic 100% Whole Wheat No. 4 Spaghetti
22167,23029,1,Organic Uncured Sliced Black Forest Ham
22167,30850,1,French Roast Ground Coffee
22167,31720,1,Organic  Whole Milk
22167,32655,1,Organic Large Grade AA Brown Eggs
22167,38984,1,Kale & Spinach Superfood Puffs
22167,39054,1,Unsweetened Cocoa Powder
22167,45633,1,Organic Beef Hot Dogs
22167,46631,1,Marrakesh Mint Green Tea
22167,47209,1,Organic Hass Avocado
22167,48263,0,Honest Diapers Size 5
22207,32478,1,Reduced Fat 2% Milk
22299,3721,1,Unsweetened Green Tea
22299,4462,1,Pink Lady Apple Kombucha
22299,5496,1,Cold Brew Coffee Can
22299,7521,1,New Orleans Iced Coffee
22299,20119,1,Sparkling Water Berry
22299,35221,1,Lime Sparkling Water
22299,48210,1,Whole Wheat Blueberry Fig Bars
22379,4913,1,Table Water Crackers
22379,12899,1,Fresh Mozzarella All-Natural Sliced Cheese
22379,16797,1,Strawberries
22379,21292,1,Rainbow Bell Peppers
22379,43352,1,Raspberries
22418,13496,0,Tofu Shirataki
22418,19625,0,Organic Chicken & Vegetable Potstickers
22418,27086,0,Half & Half
22418,28613,1,Organic Grapefruit Ginger Sparkling Yerba Mate
22418,35217,0,Toasted Sesame Seed Oil
22418,37276,1,"Bar, Toffee & Almonds in Milk Chocolate"
22418,41588,0,Firm Tofu
22428,2510,1,Small Household Gloves
22428,5876,1,Organic Lemon
22428,8412,1,Green Peas No Salt Added
22428,11520,0,Large Alfresco Eggs
22428,12341,1,Hass Avocados
22428,13176,1,Bag of Organic Bananas
22428,17871,1,Grade A Goat Milk
22428,18362,1,Organic Bread with 21 Whole Grains
22428,19370,1,Roasted Tomato Salsa
22428,21174,1,I Heart Baby Kale
22428,21903,1,Organic Baby Spinach
22428,27966,1,Organic Raspberries
22428,28656,1,Raw Sauerkraut
22428,31338,0,Classic Almond Butter
22428,36389,1,Organic Rainbow Chard Vegetable
22428,37642,1,Ccnut Raw Cocoaminos
22428,38312,1,Almond Milk Strawberry Yogurt
22428,41149,1,Organic Riced Cauliflower
22428,42736,1,Unsalted Butter
22428,49075,1,Organic Brown Rice
22504,277,1,Diet Root Beer
22504,2258,1,Walnut Chocolate Chip Cookie Dough
22504,2872,1,The Original Cream Bars Orange Raspberry Frozen Bars
22504,4889,0,Mini Peeled Carrots
22504,7901,1,"Ice Pops Sugar Free, Orange, Cherry, Grape"
22504,10673,1,Original Nooks & Crannies English Muffins
22504,11631,1,Mixed Berry Lowfat Yogurt
22504,14875,1,Soft & Smooth Whole Grain White Bread
22504,16696,1,Coke Classic
22504,22767,1,Original Ice Cream Bar
22504,24053,1,Whipped Cream Cheese Spread
22504,33086,0,Chicken Flavor Bouillon
22504,40287,1,Original Potato Crisps
22789,651,0,Organic Salted Butter
22789,2509,0,Tulsi Holy Basil Sweet Rose Infusion Bags 18 Count
22789,3464,0,"Organic Butterhead (Boston, Butter, Bibb) Lettuce"
22789,5077,0,100% Whole Wheat Bread
22789,5646,0,Organic Turkey Bacon
22789,9666,0,Country Morning White Bread
22789,10132,0,Organic American Cheese Singles
22789,13499,0,Unsweetened Rose Green Tea
22789,14437,0,Total Greek Yogurt With Honey
22789,16097,0,Total with Cherry Greek Strained Yogurt
22789,16797,0,Strawberries
22789,22899,0,Organic Grape Juice
22789,26369,0,Organic Roma Tomato
22789,27744,0,Organic Whipping Cream
22789,27845,0,Organic Whole Milk
22789,40226,0,Spinach And Mushroom Pizza
22789,42342,0,Roasted Turkey Breast
22789,46906,0,Grape White/Green Seedless
23383,226,1,Shaved Parmesan Cheese
23383,5646,1,Organic Turkey Bacon
23383,11129,1,Banana Bread Mix
23383,13702,1,Good Seed Organic Thin Sliced Bread
23383,24852,1,Banana
23383,44377,0,Pumpkin Spice Bread Mix
23798,11737,1,Organic Lemon Lowfat Yogurt
23798,13984,0,Organic Mint
23798,21903,1,Organic Baby Spinach
23798,22115,0,Sonoma Handmade Style Corn Tortillas
23798,24964,1,Organic Garlic
23798,26604,1,Organic Blackberries
23798,32655,1,Organic Large Grade AA Brown Eggs
23798,40706,0,Organic Grape Tomatoes
23798,41177,1,Sea Salt Roasted Seaweed
23798,42445,1,Organic Plain Whole Milk Yogurt
23798,43961,0,Organic Peeled Whole Baby Carrots
23798,49235,0,Organic Half & Half
24036,12935,1,Organic Pasture Raised Brown Eggs
24036,16759,0,Organic Carrot Bunch
24036,19894,1,Enlightened Organic Raw Kombucha
24036,31328,1,Whole Grain Crispbread
24036,34126,1,Organic Italian Parsley Bunch
24036,44359,0,Organic Small Bunch Celery
24074,4943,0,Birthday Cake Ice Cream
24074,21573,0,Roasted Pine Nut Hummus
24578,2611,0,Gluten Free SpongeBob Spinach Littles
24578,4486,0,Organic Dark Salted Burnt Caramel Chocolate Bar
24578,8277,0,Apple Honeycrisp Organic
24578,9339,0,Organic Chicken & Apple Sausage
24578,10749,0,Organic Red Bell Pepper
24578,13629,0,Organic Snipped Green Beans
24578,21137,0,Organic Strawberries
24578,21872,0,Organic Italian Salad
24578,38456,0,Large Grapefruit
24714,1374,1,Organic Hass Avocado Bag
24714,1700,0,White Cheddar Popcorn
24714,9337,1,Purity Farms Ghee Clarified Butter
24714,21841,1,"Tortillas, Brown Rice"
24714,29752,0,Gluten Free Foods Granola
24714,34244,0,"Bread, Sprouted Sourdough"
24714,35951,1,Organic Unsweetened Almond Milk
24714,41950,0,Organic Tomato Cluster
24714,42592,1,Organic Chia And Hemp Super Seed Crackers
24714,45083,1,Grassmilk Raw Sharp Cheddar Cheese
24827,30169,1,Total 2% All Natural Plain Greek Yogurt
24995,1511,1,2% Reduced Fat DHA Omega-3 Reduced Fat Milk
24995,3318,1,Cinnamon Swirl Raisin Bread
24995,6340,0,Frosted Flakes Cereal
24995,8843,1,Milk Chocolate Covered Raisins
24995,12980,0,Large Greenhouse Tomato
24995,21351,0,Nutri-Grain Soft Baked Strawberry Cereal Breakfast Bars
24995,24852,1,Banana
24995,28993,0,Iceberg Lettuce
24995,37766,1,XL Emerald White Seedless Grapes
25245,24604,1,Triscuit Roasted Garlic Baked Whole Grain Crackers
25245,24952,0,"Tortilla Chips, Corn, Red Hot Blues"
25245,26094,1,Krave Cereal Chocolate
25245,28692,0,Singles Deep Dish Pepperoni Pizzas
25245,32402,0,"Crackers, Crispy, Cheddar"
25245,38622,1,Cheddar Snack Crackers Cheddar Bunnies
25245,40709,1,Sea Salt & Vinegar Potato Chips
25245,41351,1,Family Size Naturally Flavored Whole Grain Oats Cereal
25245,45313,0,Buttermilk Mini Pancakes
25245,45537,0,Classic Round Crackers
25347,16185,1,Sharp Cheddar Cheese
25347,21137,1,Organic Strawberries
25347,27966,1,Organic Raspberries
25347,32578,1,Organic Fresh Squeezed Orange Juice
25347,37646,1,Organic Gala Apples
25347,37718,1,Blueberry Whole Milk Yogurt Pouch
25347,43122,1,Organic Bartlett Pear
25472,5077,1,100% Whole Wheat Bread
25472,5373,1,Organic No Salt Added Diced Tomatoes
25472,13646,1,Lemon Hummus
25472,13838,1,Natural Free & Clear Dish Liquid
25472,14947,1,Pure Sparkling Water
25472,22210,1,Organic Stage 2 Broccoli Pears & Peas Baby Food
25472,24852,1,Banana
25472,27845,1,Organic Whole Milk
25472,30406,1,Butternut Squash
25472,30668,1,Half Baked Frozen Yogurt
25472,33682,1,Total 2% Greek Mixed Berries Yogurt
25472,33754,1,Total 2% with Strawberry Lowfat Greek Strained Yogurt
25472,35140,1,Organic Whole Cashews
25472,36011,1,Organic Fat Free Milk
25472,38293,1,Ground Turkey Breast
25472,38662,1,Roasted Almond Butter
25472,38739,1,Hass Avocado
25472,45002,0,Organic Balsamic Vinegar Of Modena
25521,4472,0,Toasted Coconut Almondmilk Blend
25521,7693,1,Cran-Raspberry Flavored Sparkling Water
25521,16295,0,Traditional Medicinals Cold Care Seasonal Sampler
25521,36316,0,Lemon Sparkling Water
25521,38997,1,Original Soymilk
25521,39602,1,Medium Breakfast Blend Ground Coffee
25521,39947,1,Blackberry Cucumber Sparkling Water
25521,42456,0,Honest Hand Sanitizer Spray Free & Clear
25684,6948,0,Organic Original Almond Milk
25684,9000,0,Organic Yellow Zucchini
25684,10120,0,Mini Artisian Crackers Croccantini Roasted Garlic
25684,11520,0,Large Alfresco Eggs
25684,26914,0,Bean & Cheese Burrito
25684,28204,0,Organic Fuji Apple
25684,28985,0,Michigan Organic Kale
25684,36305,0,The Great Organic Uncured Chicken Hot Dogs
25684,37538,0,Organic Sweet Pea
25684,38273,0,Marinara Pasta Sauce
25684,45007,0,Organic Zucchini
25684,48745,0,Globe Eggplant
25813,260,0,Cantaloupe
25813,3957,1,100% Raw Coconut Water
25813,5449,0,Margherita Pizza
25813,5973,0,Spicy Avocado Hummus
25813,13851,1,Organic Classic Sea Salt  Oven Crinkles Fries
25813,16616,0,Organic Sliced White Mushrooms
25813,16868,0,Sonoma Yellow Corn Organic Tortillas
25813,20757,0,Say Cheese! Crispy Whole Grain Baked Crackers
25813,21791,0,Mini Whole Wheat Pita Bread
25813,26010,0,Dairy Free Vegetable Pot Pie
25813,33929,0,Acai Berry Chia Bar
25813,34668,0,Organic Large Grade AA Omega-3 Eggs
25813,35951,0,Organic Unsweetened Almond Milk
25813,47403,0,Homestyle Belgian Waffles
26075,1398,1,Ice Bag
26075,21938,1,Green Bell Pepper
26075,25146,1,Original Orange Juice
26075,27458,0,Panko Japanese Style Bread Crumbs
26075,29487,1,Roma Tomato
26075,37215,1,100% Cranberry Juice
26075,44799,1,Fresh CA Grown Eggs
26075,48819,1,Loaded Baked Mashed Potatoes
26101,16797,1,Strawberries
26520,6184,1,Clementines
26660,8174,0,Organic Navel Orange
26660,13984,0,Organic Mint
26660,21137,0,Organic Strawberries
26660,25146,0,Original Orange Juice
26660,27204,0,Organic Vanilla Frosting
26660,34423,0,Pure Organic Pineapple Juice
26660,41290,0,Lemonade
27353,8174,1,Organic Navel Orange
27353,16797,1,Strawberries
27353,19057,1,Organic Large Extra Fancy Fuji Apple
27353,24985,1,Organic Low Fat Black Bean Vegetable Soup
27353,30169,1,Total 2% All Natural Plain Greek Yogurt
27353,31883,0,Vegetable Lasagna
27353,34969,1,Red Vine Tomato
27353,38255,1,"Gelato Squares, Key Lime Graham"
27353,46969,1,Organic Bosc Pear
27353,48679,1,Organic Garnet Sweet Potato (Yam)
27655,18918,1,Organic Chopped Spinach
27655,23879,1,Applewood Smoked Turkey Breast
27655,28851,0,Cage Free  100% Liquid Egg Whites
27655,40310,1,Oven Roasted Turkey Breast
27655,40604,0,Feta Cheese Crumbles
27655,47526,0,Goat Cheese Log
27750,1408,0,Mini Cucumbers
27750,7419,0,Sweet Red Grape Tomatoes
27750,8424,0,Broccoli Crown
27750,12980,0,Large Greenhouse Tomato
27750,14992,0,Green Beans
27750,15602,0,Egg Matzos
27750,18596,0,Stackers Bread & Butter Pickle Slices
27750,21616,0,Organic Baby Arugula
27750,23341,0,Large Grade AA Eggs
27750,37869,0,Breakfast Essentials® Classic French Vanilla Powder Drink Mix
27750,38635,0,Steamed Baby Beets
27750,40516,0,Organic Romaine Hearts
27773,5373,0,Organic No Salt Added Diced Tomatoes
27773,7021,0,Organic Tomato Paste
27773,9472,0,Organic Red Cherry Tomato
27773,13176,0,Bag of Organic Bananas
27773,19348,0,Fat Free Milk
27773,19455,0,Ndali Vanilla Bean Ice Cream
27773,20324,0,Lavender Harvest Aromatherapy Mist
27773,22260,0,Organic Rolled Oats
27773,23537,0,Light Brown Sugar
27773,27845,0,Organic Whole Milk
27773,37739,0,Sea Salt & Vinegar Potato
27773,40396,0,Guacamole
27773,40992,0,Chopped Tomatoes
27773,42736,0,Unsalted Butter
27773,43073,0,Whole Wheat Pita Bread
27773,44142,0,Red Onion
27773,45007,0,Organic Zucchini
27773,48720,0,Shoestring Fries
27788,4249,0,Organic Sliced Jalapeños
27788,4920,1,Seedless Red Grapes
27788,9020,0,Boneless Skinless Chicken Thighs
27788,10385,1,Organic English Cucumber
27788,22935,0,Organic Yellow Onion
27788,24009,0,Organic Long Grain White Rice
27788,33098,0,Organic Stewed Tomatoes
27788,41787,0,Bartlett Pears
27788,46720,0,Organic Free Range Chicken Broth
27809,8908,1,Simply 100 Crunch Blueberry Cookie Crumble Non-Fat Greek Yogurt
27809,11983,1,Simply 100 Strawberry Blended Non-Fat Greek Yogurt
27809,16797,1,Strawberries
27809,33745,1,Oats and Honey Protein Crunchy Granola
27809,34519,1,Simply 100® Blueberry Blended Non-Fat Greek Yogurt
27809,39618,1,Simply 100 Peach Blended  Non-Fat Greek Yogurt
27907,11422,1,Plain Greek Yogurt
27907,19449,1,Fat Free Vitamin A & D Milk
27907,21903,1,Organic Baby Spinach
27907,26369,1,Organic Roma Tomato
27907,28289,1,Organic Shredded Carrots
27907,45906,0,Organic Strawberry Ice Cream
27907,47528,1,Blood Orange Sorbetto Gelato Bar
28112,1830,1,Organic Almond Extract
28112,3481,0,Pineapple
28112,3835,1,"Coconut Water, Pure Organic"
28112,4793,1,Wild Berry Smoothie
28112,5479,1,Italian Sparkling Mineral Water
28112,6177,0,Dijon Mustard Squeeze Bottle
28112,8230,0,100% Recycled Bathroom Tissue
28112,9037,0,San Mateo Loose Leaf Yerba Mate Tea
28112,9339,1,Organic Chicken & Apple Sausage
28112,10992,0,Ultimate Flora Critical Care 50 Billion
28112,13646,1,Lemon Hummus
28112,21227,1,Smart Dogs Veggie Hot Dogs
28112,21479,1,Organic Turkish Figs
28112,21616,0,Organic Baby Arugula
28112,26790,1,Organic AppleApple
28112,27690,0,Apple Cinnamon GoGo Squeez
28112,27966,1,Organic Raspberries
28112,33741,0,Gluten Free Classic Hamburger Buns
28112,36695,1,Organic Hothouse Cucumbers
28112,36792,1,Gluten Free Omega Flax & Fiber Bread
28112,37234,1,Strawberry Apple Juice
28112,39013,1,Smoked Fresh Turkey Kielbasa
28112,40545,1,Berry Medley
28112,40706,0,Organic Grape Tomatoes
28112,43662,1,"Yogurt, Strained Low-Fat, Coconut"
28112,47766,0,Organic Avocado
28159,47287,0,Counter Attack Tablets
28159,48988,1,Unsweetened Premium Iced Tea
28527,8277,1,Apple Honeycrisp Organic
28527,40691,1,Whole Jersey Milk Low Pasteurized
28527,46990,0,Ground Buffalo
28927,27662,1,Large Grade AA Cage Free Eggs
28927,33909,1,Cracked Wheat Sourdough Loaf
28927,42731,1,Original Citrus Sparkling Flavored Soda
28927,45924,1,Triple Distilled Vodka
29176,5077,0,100% Whole Wheat Bread
29176,6278,0,Coconut Cream
29176,16385,0,Sweet Ground Baking Cocoa
29176,18441,0,Organic Ketchup
29176,39054,0,Unsweetened Cocoa Powder
29176,49236,0,80% Lean Ground Beef
29267,14764,1,Organic Sprouted Wheat Bagels
29267,26327,0,Organic Cotton Swabs
29267,27223,0,"Liquid Vitamin D-3, 400 IU"
29467,18434,1,Organic Whole Crimini Mushrooms
29467,31127,1,Sweet Batard
29616,6656,1,Organic California Style Sprouted Bread
29616,11576,1,Corn Chips
29616,12791,0,Organic Protein Chewy Peanut Butter Chocolate Chip Granola Bars
29616,14780,1,Jalapeno Cilantro Salsa
29616,16185,1,Sharp Cheddar Cheese
29616,16525,0,Organic Chopped Garlic
29616,19678,1,Organic Russet Potato
29616,24852,1,Banana
29616,31645,0,Confetti Bean Pasta
29616,32201,1,Nonfat Strawberry With Fruit On The Bottom Greek Yogurt
29616,33216,1,Organic Vegetarian Baked Beans
29616,35951,1,Organic Unsweetened Almond Milk
29616,38273,1,Marinara Pasta Sauce
29616,42028,0,"Pupusas, Black Bean & Sweet Corn"
29616,44781,0,"0% Greek, Blueberry on the Bottom Yogurt"
29616,45646,0,Grated Parmesan Cheese
29623,24382,1,Ranch Dressing
29623,30391,1,Organic Cucumber
29623,44987,1,Heavy Whipping Cream
30167,5959,0,Four Cheese Thin Crust Pizza
30167,7371,1,Chocolate Chip Cookie Dough Bar
30167,14218,0,Grade A Large Eggs Cage Free Omega 3
30167,15630,1,Organic Fat Free Refried Pinto Beans
30167,19348,1,Fat Free Milk
30167,21914,0,Peanut Butter & Jelly Fruit & Nut Food Bar
30167,22227,0,Coconut Cream Pie
30167,26209,1,Limes
30167,28289,1,Organic Shredded Carrots
30167,45066,1,Honeycrisp Apple
30167,47717,0,Peanut Butter Cookie
30167,47766,1,Organic Avocado
30200,11456,0,Sour Cream & Onion Flavored Potato Chips
30200,13637,0,Salt & Vinegar Potato Chips
30200,36616,1,Gin
30237,10017,0,Tilapia Filet
30662,723,0,Movie Theater Butter Pop Corn
30662,10070,1,Organic 1% Low Fat Milk
30662,14104,1,Pike Place Roast Medium Keurig Brewed K-Cups
31310,2588,1,Wild Wonders Medley Tomato
31310,5618,0,Cauliflower
31310,9387,1,Granny Smith Apples
31310,9537,1,Arugula
31310,10108,1,Artisan Sausage Pineapple Uncured Bacon Hardwood Smoked with Vermont Maple Syrup
31310,10290,0,Pancetta
31310,14705,1,Pie Crusts
31310,15937,1,Shallot
31310,19402,0,Sweet Orange Marmalade
31310,21419,0,Butterfly Shrimp
31310,22475,1,Jicama
31310,25916,1,"Mustard, Whole Grain, Stone Ground"
31310,26209,1,Limes
31310,27120,0,Japanese Style Extra Crispy Tempura Batter Mix
31310,27428,1,Dairy Pure Fresh Heavy Whipping Cream
31310,28842,1,Bunched Cilantro
31310,32108,0,Cultured 'Lowfat Buttermilk
31310,32441,1,Fresh Goat Cheese Log
31310,34049,0,Broccolini
31310,34122,0,Non Pareil Capers
31310,34164,1,Artisan Lettuce
31310,34497,0,"Prosciutto, Americano"
31310,34953,0,Premium Grade Sushi Rice
31310,35734,0,Whole Chia Seeds
31310,39812,1,Organic Thyme
31310,42720,0,Rolls
31310,44368,0,Fresh Mozzarella Cheese
31310,44570,1,Kale Greens
31310,45002,1,Organic Balsamic Vinegar Of Modena
31310,46799,0,Pepper Sauce
31310,47626,1,Large Lemon
31310,47752,0,Roasted White Sesame Seeds
31310,48705,1,Parmesan Cheese
31451,1217,1,"Select-A-Size Paper Towels, White, 2 Huge Rolls = 5 Regular Rolls  Towels/Napkins"
31451,5077,1,100% Whole Wheat Bread
31451,10329,1,Broccoli & Carrots
31451,13016,1,French Style Green Beans
31451,13641,1,Earl Grey  Black Tea Blend
31451,15100,1,Fresh Spinach
31451,20842,1,Total 0% Greek Yogurt
31451,21137,1,Organic Strawberries
31451,24852,1,Banana
31451,28199,1,"Clementines, Bag"
31451,31789,0,Garden Spinach Herb 6 Ct Wraps
31451,31981,1,1% Low Fat Milk
31451,40310,1,Oven Roasted Turkey Breast
31451,41950,1,Organic Tomato Cluster
31451,44290,0,Unscented Bathroom Tissue
31472,1398,1,Ice Bag
31472,18234,0,Organic Spinach Bunch
31472,40332,0,"Cage Free Brown Eggs-Large, Grade A"
31785,14117,0,Premium Traditional Homestyle Cream Style Corn
31785,19677,0,Original Pure Creamy Almond Milk
31785,23953,0,Cream on Top Strawberry Organic Yogurt
31785,27553,0,Organic Blueberry Cream On Top Whole Milk Yogurt
31785,45842,0,Natural Sour Cream
31999,1689,1,15 Grain Whole Grain Bread
31999,21573,0,Roasted Pine Nut Hummus
31999,32403,1,Fat Free Skim Milk
31999,42265,0,Organic Baby Carrots
31999,48142,1,Diet
32118,11020,0,Oatcakes
32118,23719,0,Chicken Tortilla Soup
32118,34141,1,Tabouli Salad
32285,43154,1,Sparkling Mineral Water
32569,459,1,Honey Vanilla Greek Yogurt
32569,5077,1,100% Whole Wheat Bread
32569,6585,1,100% Pure Organic Apple Juice
32569,6948,1,Organic Original Almond Milk
32569,8727,0,"Peperoncini, Greek, Sliced Golden"
32569,13176,1,Bag of Organic Bananas
32569,16540,1,Chicken Ceasar Wrap
32569,19706,1,Organic Nectarine
32569,20246,1,Lite Cheese Presliced Bonus Pack
32569,21616,1,Organic Baby Arugula
32569,26163,0,Organic Mayonaise
32569,29987,1,Shredded Mozzarella
32569,34850,0,Pepperoncini
32569,40501,0,"Salsa, Verde, Roasted"
32667,605,0,Natural Liquid Laundry Detergent - Blue Eucalyptus and Lavender
32667,913,1,Dry Pasta Lasagne
32667,2809,1,Vegan Oatmeal Chocolate Chip Cookies
32667,8518,0,Organic Red Onion
32667,11782,1,Bing Cherries
32667,13176,1,Bag of Organic Bananas
32667,17794,0,Carrots
32667,19154,1,Coconut Fruit Bars
32667,24964,0,Organic Garlic
32667,26350,0,Oatmeal Snackimals Cookies
32667,29447,1,"Milk, Organic, Vitamin D"
32667,30391,0,Organic Cucumber
32667,41950,0,Organic Tomato Cluster
32667,47209,1,Organic Hass Avocado
32953,1463,1,Organic Milk
32953,5785,1,Organic Reduced Fat 2% Milk
32953,9387,1,Granny Smith Apples
32953,9839,0,Organic Broccoli
32953,16797,1,Strawberries
32953,17794,1,Carrots
32953,22825,1,Organic D'Anjou Pears
32953,22935,1,Organic Yellow Onion
32953,24964,1,Organic Garlic
32953,25138,1,Organic Plain Greek Whole Milk Yogurt
32953,34050,0,Orange Juice
32953,36772,0,Bunny Pasta with Yummy Cheese Macaroni & Cheese
32953,39301,1,Extra Firm Tofu
32953,41065,0,Organic Yellow Squash
32953,43772,0,Cherubs Heavenly Salad Tomatoes
32953,45007,1,Organic Zucchini
32953,46654,1,Organic Grade A Large Brown Eggs
32953,47209,1,Organic Hass Avocado
32953,47977,1,Grapefruit Sparkling Water
32953,48679,1,Organic Garnet Sweet Potato (Yam)
32953,48795,1,Organic Turkey Hot Dogs
33084,9766,1,Avocado Oil Himalayan Salt Chips
33084,35182,0,Gluten Free Cornbread Mix
33084,40329,0,Turkey Gravy
33084,46720,0,Organic Free Range Chicken Broth
33271,34,1,Peanut Butter Cereal
33271,1511,0,2% Reduced Fat DHA Omega-3 Reduced Fat Milk
33271,3957,1,100% Raw Coconut Water
33271,4451,1,Organic Skim Milk with DHA Omega-3
33271,18027,1,Ezekiel 4:9 Bread Organic Sprouted Whole Grain
33271,21709,0,Sparkling Lemon Water
33271,22418,0,Imitation Crab Sticks
33271,24964,1,Organic Garlic
33271,26842,0,Boneless Beef Sirloin Steak
33271,31506,0,Extra Virgin Olive Oil
33271,32320,1,Chicken Thigh
33271,35168,0,Ezekiel 4:9 Sprouted Grain Tortillas
33271,44632,1,Sparkling Water Grapefruit
33271,49520,0,Orange Sparkling Water
33297,14689,1,Uncured Turkey Bacon
33297,42265,1,Organic Baby Carrots
33297,43739,1,Variety Diet Tea
33297,48762,0,Split Top Wheat Bread
33498,1463,1,Organic Milk
33498,13176,1,Bag of Organic Bananas
33498,25886,1,Wild Blend Rice
33498,32655,1,Organic Large Grade AA Brown Eggs
33498,39928,1,Organic Kiwi
33498,42445,1,Organic Plain Whole Milk Yogurt
33911,7631,1,Broccoli Bunch
33911,24114,1,Ground Chicken
33911,32338,1,Natural Jif Creamy Peanut Butter Spread
33911,42357,1,Lite Caesar Dressing & Marinade
33911,43014,0,Sliced Baby Bella Mushrooms
33911,48071,1,Fresh Romaine Lettuce head
34067,3957,0,100% Raw Coconut Water
34067,21508,0,Dairy Free Coconut Milk Vanilla Bean Frozen Dessert
34067,29270,1,Beet Apple Carrot Lemon Ginger Organic Cold Pressed Juice Beverage
34382,14947,1,Pure Sparkling Water
34382,26620,0,Peach Pear Flavored Sparkling Water
34382,35221,1,Lime Sparkling Water
34382,44632,1,Sparkling Water Grapefruit
34382,49191,0,Cran Raspberry Sparkling Water
36007,18362,1,Organic Bread with 21 Whole Grains
36007,19057,1,Organic Large Extra Fancy Fuji Apple
36007,21137,1,Organic Strawberries
36136,5819,0,Baby Carrots
36136,12576,1,Kiwi Sandia Sparkling Water
36136,23763,0,French Vanilla Sugar Free Liquid Coffee Creamer
36136,30353,1,Curate Cherry Lime Sparkling Water
36136,39947,1,Blackberry Cucumber Sparkling Water
36136,45747,1,Curate Melon Pomelo Sparking Water
36136,46764,0,Salt & Pepper Shakers
36136,47815,1,Hazelnut Coffee Creamer
36136,49235,0,Organic Half & Half
36254,1319,1,100% Recycled White Unscented Bathroom Tissue
36254,5586,0,Original Glass Cleaner
36254,8006,1,Chopped Organic Garlic
36254,9077,0,Herbal Tea Lemon & Ginger Caffeine Free Tea Bags
36254,13129,1,"Delifresh Mesquite Turkey Breast, 98% Fat Free, Gluten Free"
36254,15872,1,Celery Hearts
36254,15902,1,100 Calorie  Per Bag Popcorn
36254,20779,0,Pearl Super Absorbency Unscented Tampons
36254,24830,1,Organic Romaine
36254,27172,0,"Coconut Water, Real, with Pulp"
36254,31553,0,Fresh Ginger Root
36254,34739,0,Pink Grapefruit All-Purpose Natural Surface Cleaner
36278,432,1,Vanilla Almond Breeze Almond Milk
36278,4605,0,Yellow Onions
36278,13819,1,Roasted Salted Cashews
36278,19311,1,Almond Flour Tortillas
36278,28842,1,Bunched Cilantro
36278,36646,0,Lactose Free Sour Cream
36278,37011,0,Artichokes
36278,41259,0,Poblano Pepper
36278,46526,0,French Green Beans
36445,1757,1,Organic Cashew Carrot Ginger Soup
36445,11619,1,Dairy Free Coconut Milk Chocolate Yogurt Alternative
36445,15842,1,Dairy Free Coconut Milk Yogurt Alternative
36445,26638,1,Organic Thai Sweet Potato Soup
36445,47137,0,Organic Eucalyptus Oil
36448,19803,0,Sparking Brut Classic Wine
36448,28966,0,Blanc De Noir Champagne
36448,37923,0,Prosecco Sparkling Wine
36785,4367,1,Garlic & Fine Herbs Gournay Cheese
36785,10305,1,Black Plum
36785,13409,1,Dubliner Wedge Pre Cut Cheese
36785,30233,0,Organic Large Brown Grade AA Cage Free Eggs
36785,37646,1,Organic Gala Apples
36785,38456,1,Large Grapefruit
36785,48647,1,Mini Chocolate Croissant
37308,260,0,Cantaloupe
37308,5876,1,Organic Lemon
37308,8518,1,Organic Red Onion
37308,10246,0,Organic Celery Hearts
37308,19519,1,Organic Bay Leaves
37308,21903,1,Organic Baby Spinach
37308,24184,1,Red Peppers
37308,27104,1,Fresh Cauliflower
37308,29126,1,Organic Strawberry Chia Lowfat 2% Cottage Cheese
37308,31506,0,Extra Virgin Olive Oil
37308,35750,0,Organic Garbanzo Beans No Salt Added
37308,36126,0,Sharp Cheddar Deli Sliced Cheese
37308,36361,1,Organic Cottage Cheese Blueberry Acai Chia
37308,42617,0,Organic Great Northern Beans
37308,45504,1,Whole Organic Omega 3 Milk
37308,47209,1,Organic Hass Avocado
37625,7521,1,New Orleans Iced Coffee
37625,9839,1,Organic Broccoli
37625,16759,1,Organic Carrot Bunch
37625,17708,0,Organic Corn Tortillas
37625,37646,0,Organic Gala Apples
37625,46979,0,Asparagus
37625,47209,1,Organic Hass Avocado
38314,4540,1,Almond Squirt + Mop Wood Floor Cleaner
38314,19070,0,Fantastik Bleach 5-in-1 All Purpose Cleaner
38314,20682,0,Cinnamon Raisin Swirl Pre-Sliced Bagels
38314,21333,0,Original Whipped Cream Cheese
38314,26586,0,Quart Sized  Easy Open Freezer Bags
38314,32211,1,Whole Grains Oatnut Bread
38314,40355,1,Baby Dry Size 4 Disposable Diapers
38314,49405,1,"Liquid Muscle Gel Multipurpose Cleaner, Crisp Lemon"
38691,4920,1,Seedless Red Grapes
38691,6358,1,Natural Artichoke Hearts Quartered
38691,9531,1,Organic Hearts Of Palm
38691,16521,0,Walnut Halves & Pieces
38691,17668,0,Unsweetened Chocolate Almond Breeze Almond Milk
38691,17789,0,Soy Free Buttery Spread
38691,17902,1,Liquid Egg Whites
38691,34428,0,Orange Slices
38691,45303,1,Naturally Alkaline Spring Water
38764,2633,0,Advance Powder Infant Formula
38764,16096,1,Filet Mignon Canine Cuisine Wet Dog Food
38764,39820,1,Advance Infant Formula with Iron On-the-Go
39014,436,0,Petite Brussels Sprouts
39014,920,0,Coconut Yogurt
39014,1529,0,"Parsley, Italian (Flat), New England Grown"
39014,7021,0,Organic Tomato Paste
39014,11926,0,Organic Cheddar Squares
39014,12419,0,Organic Sage
39014,13431,0,Flaky Biscuits
39014,17794,0,Carrots
39014,22935,0,Organic Yellow Onion
39014,23329,0,Organix Chicken & Brown Rice Recipe
39014,32293,0,Organic Bunny Fruit Tropical Treat Fruit Snacks
39014,32961,0,Blazin' Beef Recipe Dog Food
39014,36848,0,Gluten Free Quick Cooking Oats
39014,37594,0,French Vanilla Yogurt
39014,39303,0,Organic Sea Salt Potato Chips
39014,40078,0,Strawberry Lemonade Frozen Pops
39014,40377,0,Unrefined Virgin Coconut Oil
39014,41844,0,Honey Nut Cheerios
39014,43295,0,Unsweetened Vanilla Almond Milk
39014,45208,0,Organic Cinnamon Graham Crackers
39014,47318,0,Bernie's Farm Animal Cookies Snack Packs
39486,6104,1,Whole Milk Plain Yogurt
39486,18918,1,Organic Chopped Spinach
39486,19048,1,Organic Butternut Squash
39486,31506,1,Extra Virgin Olive Oil
39486,37646,1,Organic Gala Apples
39486,39928,1,Organic Kiwi
39486,45007,1,Organic Zucchini
39508,31759,1,Cherrios Honey Nut
39648,16797,1,Strawberries
39648,20280,1,Jumbo Lump Crab Cake
39648,22281,1,Chicken Noodle Soup
39648,24852,1,Banana
39648,37766,1,XL Emerald White Seedless Grapes
39648,43616,1,Chocolate Chip Granola
39648,44479,1,Organic Stringles Mozzarella String Cheese
39648,47759,1,Mandarin Oranges
39981,17316,1,Vitamin D Organic Whole Milk
39981,21903,1,Organic Baby Spinach
40301,44,0,Sparkling Raspberry Seltzer
40301,2019,0,Sparkling Grapefruit Seltzer
40301,7346,1,Sparkling Lemon Seltzer
40301,8174,1,Organic Navel Orange
40301,11790,1,Natural Vanilla Marshmallows
40301,12369,1,"Popcorn, Naturally Sweet"
40301,12791,1,Organic Protein Chewy Peanut Butter Chocolate Chip Granola Bars
40301,14867,0,Honey Bunny Grahams
40301,14947,1,Pure Sparkling Water
40301,17461,1,Air Chilled Organic Boneless Skinless Chicken Breasts
40301,21543,0,Organic Quick Oats
40301,22950,1,Natural Free & Clear Dishwasher Detergent Packs
40301,27104,1,Fresh Cauliflower
40301,38159,1,Organic Yellow Peaches
40301,48679,1,Organic Garnet Sweet Potato (Yam)
40482,1689,0,15 Grain Whole Grain Bread
40482,5157,1,Orange 100% Juice
40482,9076,0,Blueberries
40482,21288,0,Blackberries
40482,32689,0,Romaine Hearts
40634,13660,0,Original Kombucha
40634,19677,1,Original Pure Creamy Almond Milk
40634,22164,1,"Cherries & Almonds in Dark Chocolate, 55% Cocoa"
40634,23044,0,Cream Top Smooth & Creamy Vanilla Yogurt
40634,25020,0,Organic Banana Chips
40634,33198,1,Sparkling Natural Mineral Water
40634,43352,0,Raspberries
40634,47209,1,Organic Hass Avocado
40634,48577,1,Cream Top Smooth Coffee Yogurt
40644,13176,1,Bag of Organic Bananas
40644,25837,1,Mini Babybel Light Semisoft Edam Cheeses
40644,31847,1,Pure Butter Shortbread
40644,35417,1,Reduced Fat Milk 2%
40644,39408,0,Gala Apples
40644,39928,1,Organic Kiwi
40644,40268,1,Organic Wheat-Free & Gluten-Free Original Crackers
40644,41213,1,French Loaf
40715,13198,1,85% Lean Ground Beef
40715,16797,1,Strawberries
40715,24852,1,Banana
40715,27845,1,Organic Whole Milk
40715,37464,0,Apple Cinnamon Instant Oatmeal
40715,40529,1,Red Wax Gouda Cheese
41217,7600,0,Mild Chunky Salsa
41217,23909,1,2% Reduced Fat Milk
41217,24852,1,Banana
41217,25357,0,Homestyle Harvest Tomato with Basil Soup
41217,39108,1,Pulp Free Orange Juice
41217,42252,1,French Sandwich Rolls
41217,47357,0,Original Restaurant Style Tortilla Chips
41266,6985,0,Alfredo Sauce
41266,13249,1,Skim Milk
41266,24263,0,Organic Fettuccine
41266,25890,1,Boneless Skinless Chicken Breasts
41266,33120,0,Organic Egg Whites
41266,34622,1,Vanilla Cupcakes
41266,38374,1,Milk and Cookies Ice Cream
41266,46175,1,Half Baked® Ice Cream
41285,2846,1,Organic Green Onions
41285,12980,1,Large Greenhouse Tomato
41285,13176,0,Bag of Organic Bananas
41285,16349,1,Organic Yams
41285,22935,0,Organic Yellow Onion
41285,25890,1,Boneless Skinless Chicken Breasts
41285,36011,0,Organic Fat Free Milk
41285,42625,1,"Flat Parsley, Bunch"
41285,42736,0,Unsalted Butter
41285,45535,1,Organic Low Sodium Chicken Broth
41423,1086,0,Jack's Special Salsa Medium Hot
41423,21949,0,White Cheddar Semisoft Cheese
41423,23323,0,Sharp Original Semisoft Cheese
41423,25837,0,Mini Babybel Light Semisoft Edam Cheeses
41423,31683,0,Original No Pulp 100% Florida Orange Juice
41423,32230,0,Organic Greek Fat Free Plain Yogurt
41423,46513,0,All Natural Classic Guacamole
41634,22825,1,Organic D'Anjou Pears
41634,27845,1,Organic Whole Milk
41634,45447,1,Gluten Free Covered Pretzels Yogurt
41642,5450,1,Small Hass Avocado
41642,9339,1,Organic Chicken & Apple Sausage
41642,16185,1,Sharp Cheddar Cheese
41642,19816,1,Sonoma Traditional Flour Tortillas 10 Count
41642,24390,1,Pomegranate
41642,24852,1,Banana
41642,35902,1,Vegan Garlic & Roasted Veggie Ravioli
41642,37766,1,XL Emerald White Seedless Grapes
41642,48628,1,Organic Whole Wheat Bread
42149,7862,1,Raw Shrimp
42308,760,0,Cracker Trio Selected Favorites
42308,6873,0,Organic Iceberg Lettuce
42308,14161,0,Kiwi
42308,15663,0,Mac and Cheese Shells & White Cheddar Cheese
42308,16419,0,Sweet Sliced Bread
42308,18211,0,Special Reserve Extra Sharp Cheddar
42308,18659,0,Flour Tortilla
42308,19382,0,Crunch Granola Bar Chocolate Chip
42308,21573,0,Roasted Pine Nut Hummus
42308,23341,1,Large Grade AA Eggs
42308,23909,0,2% Reduced Fat Milk
42308,24184,0,Red Peppers
42308,25854,0,Polska Kielbasa Sausage
42308,27147,0,White Corn Tortilla Chips
42308,28369,0,Lite Italian Dry Salame
42308,34047,1,Classic Soda Mini Bottles
42308,41290,0,Lemonade
42308,44987,0,Heavy Whipping Cream
42308,47626,0,Large Lemon
42308,47766,0,Organic Avocado
42308,49683,0,Cucumber Kirby
42434,2086,1,Sustainably Soft Bath Tissue
42434,8518,1,Organic Red Onion
42434,9507,1,Honey Turkey Breast
42434,10212,1,Everything Inside Bagels
42434,10749,1,Organic Red Bell Pepper
42434,13819,1,Roasted Salted Cashews
42434,15290,1,Orange Bell Pepper
42434,16185,1,Sharp Cheddar Cheese
42434,21841,1,"Tortillas, Brown Rice"
42434,23594,1,Medium Salsa
42434,25890,1,Boneless Skinless Chicken Breasts
42434,26324,1,Grass Fed Ground Beef
42434,26351,1,Gluten Free Mini Pretzels
42434,28242,1,Drinkable Blueberry Non-Fat Yogurt
42434,30599,1,Homemade Vodka Sauce
42434,44471,1,Free & Clear Unscented Baby Wipes
42434,44643,1,Gallon Freezer Bags
42434,49113,1,Tall Kitchen Drawstring Bags
42464,7736,0,Premium Original Saltine Crackers
42464,13153,0,Aged Balsamic Vinegar of Modena
42464,18534,0,Grade A Extra Large Eggs
42464,19727,0,Frozen Strawberry Dippers
42464,31564,0,Crackers
42464,41594,0,Fresh Orange Juice
42687,17600,1,"YoKids Squeezers Organic Low-Fat Yogurt, Strawberry"
42687,26047,1,Tuna Salad
42687,26165,1,Electrolyte Enhanced Water
42687,27511,1,"Milk, Organic, Fat Free"
42687,27966,1,Organic Raspberries
42687,46979,1,Asparagus
42760,14240,1,Organic Sunflower Butter Chocolate Macrobar
42760,18993,1,Organic Cashew Caramel Macrobar
42760,31373,1,Macrobar Prolonged Powder Banana + Almond Butter
42760,33071,1,Sashimi Combo
42760,43772,1,Cherubs Heavenly Salad Tomatoes
42760,44632,1,Sparkling Water Grapefruit
42821,196,1,Soda
42821,364,0,Greener Selection Salad
42821,429,0,Dark Red Kidney Beans
42821,4210,1,Whole Milk
42821,5976,0,Veggie Lover's Salad Blend
42821,11265,1,100% Natural Diced Tomatoes
42821,14634,1,Original Spread
42821,17008,0,Shredded Sharp Cheddar Cheese
42821,19585,1,Twinkies
42821,22788,0,Singles American Cheese Slices
42821,24382,0,Ranch Dressing
42821,24759,0,Club Soda
42821,24852,1,Banana
42821,25146,1,Original Orange Juice
42821,25237,1,Nutty Bars
42821,26553,1,Butter Bread
42821,27770,0,Reese's Miniatures Peanut Butter Cups
42821,28081,0,Whole Wheat with White Cheddar Filling Cracker Sandwiches
42821,30106,0,Miniatures Candy Bars
42821,31562,1,Sweet Onions
42821,34887,1,Chunky Tomato Garlic & Onion Pasta Sauce
42821,35430,1,Nilla Wafers
42821,36386,1,Bleach Splash-Less
42821,37731,0,Chocolate Bars Minis Mix Variety Pack
42821,37736,0,Original Glazed Doughnuts
42821,40925,0,Ultra Concentrated Original Scent Dishwashing Liquid
42821,43409,0,Frosted Mini-Wheats Original Cereal
42821,44232,0,Ant & Roach Killer Fragrance Free Insecticide
42821,46522,1,Spaghetti Pasta
42821,48804,0,Powdered Sugar Junior Doughnuts
42821,49326,0,Cereal Variety Fun Pack
42853,6611,0,Reese's Pieces Carrot
42853,9577,0,Cheese Dip
42853,11985,0,Buttermilk Pancakes
42853,30425,0,Chewy Chocolate Chip Granola Bars
42853,35619,0,Corn Chex Cereal
42853,37148,0,"Milk Chocolate Candies, Bonus Bag"
42853,38455,0,Jalapeno Kettle Cooked Potato Chips
43040,2361,1,Mint Chip
43040,2380,0,Cayenne Pepper
43040,6141,0,Low Sodium Beef Broth
43040,14267,0,Organic Refried Black Beans
43040,18599,0,Garlic Couscous
43040,23484,1,Organic Pine Nuts
43040,24852,1,Banana
43040,27316,1,"Trop50 No Pulp Orange Juice w/ Calcium + Vitamin D, 50% Less Sugar & Calories"
43040,28999,0,Flank Steak
43040,35168,1,Ezekiel 4:9 Sprouted Grain Tortillas
43040,35221,1,Lime Sparkling Water
43040,35577,1,Multi Seed English Muffin
43040,41674,1,Reduced-fat Soft Cream Cheese
43040,41787,0,Bartlett Pears
43040,45060,0,Coarse Yellow Corn Meal
43040,47029,1,Organic Greek Nonfat Yogurt With Mixed Berries
43184,3808,0,Olive Oil Cooking Spray
43184,4878,1,Spicy Ranch Salad Dressing & Seasoning Mix
43184,6166,0,Baked Whole Grain Wheat Cracked Pepper & Olive Oil Crackers
43184,9076,0,Blueberries
43184,11461,0,White Corn Tortillas
43184,13536,1,Shredded Parmesan Cheese
43184,17338,1,Vanilla Swiss Almond Ice Cream
43184,22015,1,Thin Mint Crisp Oreos
43184,23400,0,Organic Premium Tomato Paste
43184,23734,0,Sour Cream
43184,24149,0,"Restoring Anticavity Fluoride Mouthwash, Cool Mint"
43184,25903,0,Italian Salad Dressing & Recipe Mix
43184,29553,0,Super Soft Taco Flour Tortillas
43184,31487,0,Boomchickapop Sweet & Salty Kettle Corn
43184,37728,0,Dips Original Ranch Mix
43184,40586,0,Natural Goodness 100% Fat Free Chicken Broth
43184,42013,1,Original Thins
43184,43829,1,Unscented Thong Pantiliners
43184,44449,0,Organic Tomato Sauce
43184,44595,1,Golden Oreo Thins
43184,45296,0,Tostitos  Scoops
43184,47098,0,Original Canned Diced Tomatoes & Green Chilies
43184,47177,0,"Smmmile, It's Three Cheesy Macaroni & Cheese Dinner"
43184,47977,0,Grapefruit Sparkling Water
43683,45,1,European Cucumber
43683,287,1,Turkey
43683,2005,1,Fresh Ground Turkey Breast
43683,3431,1,Squeezed Lemonade
43683,4605,1,Yellow Onions
43683,14394,1,"Hello Morning Blueberry, Banana & Quinoa Oatmeal"
43683,15096,1,Cheddar Tortilla Chips
43683,15872,1,Celery Hearts
43683,24004,1,Goldfish Parmesan Baked Snack Crackers
43683,24664,0,Italian Pearled Farro
43683,24834,1,Organic Sweet Potato Puffs
43683,25495,1,Flip™ Low-Fat Key Lime Crumble Greek Yogurt
43683,27845,0,Organic Whole Milk
43683,28199,1,"Clementines, Bag"
43683,31343,1,Shredded Mild Cheddar Cheese
43683,32303,1,Red Seedless Grapes
43683,32842,0,Colby-Jack Cheese Sticks
43683,36070,1,"Super Spinach! Baby Spinach, Baby Bok Choy, Sweet Baby Kale"
43683,37646,1,Organic Gala Apples
43683,37766,1,XL Emerald White Seedless Grapes
43683,39428,1,Peaches Large
43683,41057,0,Soft-Baked Ripe Strawberry Cereal Bars
43683,45007,0,Organic Zucchini
43786,11520,1,Large Alfresco Eggs
43786,47900,1,"Uncured, No Sugar, Hickory Smoked Bacon"
43810,5876,1,Organic Lemon
43810,11941,0,"Tortillas, Corn, Organic"
43810,14764,0,Organic Sprouted Wheat Bagels
43810,15984,1,Almond Milk Blueberry Yogurt
43810,19370,0,Roasted Tomato Salsa
43810,22935,1,Organic Yellow Onion
43810,32935,1,Raw Mild Cheddar Cheese
43810,42701,0,Organic Sour Cream
43810,44014,0,Authentic Red Curry Paste
43810,48220,1,Almond Milk Peach Yogurt
43870,1360,0,Crunchy Peanut Butter
43870,5077,0,100% Whole Wheat Bread
43870,5708,0,Original Turkey Jerky
43870,7539,0,Organic Chewy Chocolate Banana Bites
43870,8670,0,Diced Tomatoes
43870,14183,0,Fruit & Nutty Almonds Raisins Cranberries Pecans Granola
43870,18465,1,Organic Grade A Free Range Large Brown Eggs
43870,19019,0,Uncured Slow Cooked Ham
43870,19886,0,Kidney Beans
43870,21938,0,Green Bell Pepper
43870,22935,0,Organic Yellow Onion
43870,24852,1,Banana
43870,25753,1,Organic Homestyle Waffles
43870,27695,0,Natural Chicken & Sage Breakfast Sausage
43870,38293,0,Ground Turkey Breast
43870,39428,0,Peaches Large
43870,42342,0,Roasted Turkey Breast
43870,44292,0,Premium Unsweetened Iced Tea
43870,44449,0,Organic Tomato Sauce
43870,46206,0,Red Grapefruit
43870,46969,1,Organic Bosc Pear
43928,1398,0,Ice Bag
43928,2693,1,The Big 16 Grain Sprouted Whole Grain Bread
43928,9076,0,Blueberries
43928,19154,0,Coconut Fruit Bars
43928,21137,1,Organic Strawberries
43928,24852,1,Banana
43928,28553,0,Whole Strawberries
43928,30024,1,Cage Free Grade AA Large White Eggs
43928,43749,0,Organic Ice Cream Vanilla Bean
44250,13575,0,Apples
44365,1940,1,Organic 2% Reduced Fat Milk
44365,10673,1,Original Nooks & Crannies English Muffins
44365,11182,1,Baby Spinach
44365,16797,1,Strawberries
44365,32133,1,4 Cheese Mexican Shredded Cheese
44365,33095,1,"Salame, Italian Dry"
44365,33772,1,Eggo Thick & Fluffy Original Waffles
44365,36431,1,Hardwood Smoked Bacon
44365,36923,1,Trop50 No Pulp Orange Juice
44365,37158,1,Chicken & Maple Breakfast Sausage
44394,13176,0,Bag of Organic Bananas
44394,20448,0,Organic Raisins
44394,32689,1,Romaine Hearts
44394,39275,1,Organic Blueberries
44975,2846,1,Organic Green Onions
44975,10504,1,Yukon Gold Potatoes 5lb Bag
44975,10644,0,Italian Extra Virgin Olive Oil
44975,19678,0,Organic Russet Potato
44975,21872,0,Organic Italian Salad
44975,22475,0,Jicama
44975,23516,0,Organic Unbleached All-Purpose Flour
44975,28171,1,Organic Cilantro Bunch
44975,28986,0,Mild Italian Chicken Sausage
44975,31553,1,Fresh Ginger Root
44975,34358,1,Garlic
44975,44661,1,Bicolor Sweet Corn
44975,44910,0,Organic Spring Mix Salad
44975,48622,0,"Condensed Milk, Sweetened, Full Cream"
44984,8617,1,Assorted Nuggets
44984,16732,1,Peanut Milk Chocolate XXL Bag
44984,31759,1,Cherrios Honey Nut
45304,1111,1,Plain Pre Sliced Bagels
45304,9459,1,Sea Salt & Cracked Pepper Deli Style pretzel Crisps
45304,18090,1,Organic Large White Flesh Peach
45304,18451,1,Sea Salt Popped Corn Chips
45304,20802,1,for Tots Apple Juice
45304,21137,1,Organic Strawberries
45304,23102,1,Organic 1% Milk
45304,24852,1,Banana
45304,36772,0,Bunny Pasta with Yummy Cheese Macaroni & Cheese
45304,43961,0,Organic Peeled Whole Baby Carrots
45368,3849,1,Organic Sprouted English Muffin
45368,17454,0,Organic 90% Ground Beef
45368,21903,1,Organic Baby Spinach
45368,25718,1,Cold Brew Coffee
45368,25886,0,Wild Blend Rice
45368,30639,1,Organic Orange Juice
45693,16083,1,Organic Large Brown Eggs
45693,19019,1,Uncured Slow Cooked Ham
45693,21137,1,Organic Strawberries
45693,31288,1,Lowfat Key Lime Yogurt
45693,44359,0,Organic Small Bunch Celery
45837,17862,0,Minced Garlic
45837,42506,1,Low Fat Fudge Bars
45837,43352,1,Raspberries
45986,6489,1,Backyard Barbeque Potato Chips
45986,11742,0,Light Ranch Veggie Dip
45986,16014,0,Barbeque Potato
45986,32842,0,Colby-Jack Cheese Sticks
45986,32851,0,Organic Carrots Baby Peeled Prepacked
45986,33651,0,Harvest Cheddar Multigrain Chips
45986,35909,0,Garden Salsa Multigrain Chips
45986,41290,0,Lemonade
46848,932,0,Vegetable Pie In A Pocket Sandwich
46848,4274,0,Vegan Cheddar Style Cheese Slices
46848,12204,0,Vegetable Medley
46848,16521,0,Walnut Halves & Pieces
46848,18691,0,Tofu Scramble Pocket Sandwich
46848,19480,0,Vegetable Stock
46848,20995,0,Organic Broccoli Florets
46848,21137,0,Organic Strawberries
46848,23140,0,Chipotle Strips Seitan
46848,26010,1,Dairy Free Vegetable Pot Pie
46848,32864,1,Organic Baby Rainbow Carrots
46848,43522,0,Veggie Loaf Mashed Potatoes and Vegetables
46848,44734,0,Bacon Seitan
46848,45575,0,Dark Chocolate Calcium Supplement
46980,1463,0,Organic Milk
46980,10826,0,Gluten Free Crackers Multigrain
46980,24852,1,Banana
46980,25093,0,Colby Jack Cheese
46980,28199,1,"Clementines, Bag"
46980,35898,0,Original Hot Sauce
46980,44765,0,Colby Cheese Sticks
46980,49235,1,Organic Half & Half
46994,27845,1,Organic Whole Milk
46994,39678,0,Free & Clear Natural Dishwasher Detergent
47103,6615,1,Mozzarella Cheese
47103,11520,1,Large Alfresco Eggs
47103,26128,1,Organic Mango Chunks
47103,34448,0,Original Veggie Straws
47103,44560,1,Kids Organic Chocolate Chip ZBars
47295,5322,0,Gluten Free Dark Chocolate Chunk Chewy with a Crunch Granola Bars
47295,31127,0,Sweet Batard
47295,36036,1,Organic Orange Fruit Juice
47295,36550,1,Organic Extra Large Grade AA Brown Eggs
47295,36929,1,"Milk, Vitamin D"
47295,37825,0,Organic Whole Wheat Fusilli
47295,40749,0,Organic Green Tea Bags
47295,48647,1,Mini Chocolate Croissant
47304,2452,0,Naturals Chicken Nuggets
47304,18465,0,Organic Grade A Free Range Large Brown Eggs
47304,27695,0,Natural Chicken & Sage Breakfast Sausage
47304,28842,1,Bunched Cilantro
47304,33731,0,Grated Parmesan
47304,34969,1,Red Vine Tomato
47304,39475,0,Total Greek Strained Yogurt
47304,43076,0,Wide Egg Noodles
47304,43129,0,Panko Bread Crumbs
47304,43712,0,Creme Fraiche
47611,16607,1,Whole Grains Health Nut Bread
47611,20577,1,Bread Rolls
47611,23102,1,Organic 1% Milk
47611,24852,1,Banana
47611,45064,0,Honey Wheat Bread
47877,10509,1,Organic Animal Crackers
47884,9422,1,Hummus
47884,10957,1,Fridge Pack Cola
47884,13951,1,Mixed Fruit Snacks
47884,21137,1,Organic Strawberries
47884,24852,1,Banana
47884,41351,1,Family Size Naturally Flavored Whole Grain Oats Cereal
47884,48695,1,SARA LEE     15OZ PLAIN MINI BAGELS
47949,4957,1,Total 2% Lowfat Greek Strained Yogurt With Blueberry
47949,5322,1,Gluten Free Dark Chocolate Chunk Chewy with a Crunch Granola Bars
47949,8061,1,Pineapple Yogurt 2%
47949,11123,1,Vitamin Water Zero Squeezed Lemonade
47949,13263,1,Non Fat Acai & Mixed Berries Yogurt
47949,17730,1,Peanut Toffee Buzz Energy Bar
47949,18531,1,Organic Heavy Whipping Cream
47949,19006,1,Dark Chocolate Pretzels with Sea Salt
47949,22035,1,Organic Whole String Cheese
47949,24241,1,"Corn Thins, Organic, Sesame"
47949,27086,1,Half & Half
47949,27966,1,Organic Raspberries
47949,28465,1,Icelandic Style Skyr Blueberry Non-fat Yogurt
47949,28476,1,Organic Small Curd Cottage Cheese
47949,29103,1,Zero Go-Go Mixed Berry Vitamin Water
47949,31231,1,Vitamin Water Zero Rise Orange
47949,40723,0,Organic Cripps Pink Apples
47949,41716,1,Jalapeno
47949,45013,1,Apple Sauce
47949,45154,0,Pure & Smooth Green Tea
47949,45645,1,Dark Chocolate Nuts & Sea Salt Bars
47949,47521,1,Crispy Cheddar Crackers
47949,47912,1,Vanilla Skyr Style Yogurt
48093,8953,0,Key Limes
48093,24325,0,Noir Orange Liqueur & Cognac
48093,40638,0,Extra Beer
48093,40905,0,Tequila Silver
48160,17306,1,Pineapple Contour Soda
48160,34050,1,Orange Juice
48160,37040,1,Fanta Orange Soda
48160,43067,1,Strawberry Contour Soda
48450,12033,1,Raspberries Dark Chocolate Bar
48450,12254,0,Organic Cherries
48450,25340,1,Large Yellow Flesh Nectarine
48450,25640,0,White Peach
48450,27086,1,Half & Half
48450,28353,1,Salted Peanut In Milk Chocolate Bar
48450,34281,0,70% Dark Chocolate Bar
48620,2108,1,Pastured Eggs
48620,13176,1,Bag of Organic Bananas
48620,21903,1,Organic Baby Spinach
48620,22035,1,Organic Whole String Cheese
48620,30489,1,Original Hummus
48620,31342,1,Organic SprouTofu Extra Firm Tofu
48620,31720,1,Organic  Whole Milk
48620,38159,1,Organic Yellow Peaches
48620,38650,1,Organic Red Lentils
48620,43504,1,Organic Chicken Strips
48620,44359,1,Organic Small Bunch Celery
48791,226,1,Shaved Parmesan Cheese
48791,1158,1,Mango Chunks
48791,2966,1,Pure Coconut Water
48791,5194,1,Organic Bunny Fruit Snacks Berry Patch
48791,5547,1,Roasted Sesame Seaweed Snacks
48791,9507,1,Honey Turkey Breast
48791,13740,1,Organic Summer Strawberry Bunny Fruit Snacks
48791,14881,1,Organic Yukon Select Fries
48791,20580,0,Original Real Vegetable Chips
48791,21903,0,Organic Baby Spinach
48791,25340,1,Large Yellow Flesh Nectarine
48791,30391,1,Organic Cucumber
48791,30489,1,Original Hummus
48791,33055,1,Organic Golden Delicious Apple
48791,38159,1,Organic Yellow Peaches
48791,38311,1,Lemon Love Juice Drink
48791,38689,1,Organic Reduced Fat Milk
48791,39190,1,Vanilla Unsweetened Almond Milk
48791,40545,0,Berry Medley
48791,47672,1,Uncured Hickory Smoked Sunday Bacon
48936,2763,1,Uncured Hickory Smoked Bacon
48936,4983,0,Sweets Medley Sea Salt Sweet Potato Chips
48936,5212,1,Watermelon Chunks
48936,7559,1,Cinnamon Rolls with Icing
48936,13431,1,Flaky Biscuits
48936,17122,1,Honeycrisp Apples
48936,17600,1,"YoKids Squeezers Organic Low-Fat Yogurt, Strawberry"
48936,20842,0,Total 0% Greek Yogurt
48936,24850,0,Organic Super Fruit Punch Juice Drink
48936,24852,1,Banana
48936,26604,1,Organic Blackberries
48936,31433,1,Organic Cinnamon Crunch Cereal
48936,38689,1,Organic Reduced Fat Milk
48936,43961,1,Organic Peeled Whole Baby Carrots
48936,44098,1,Appley Ever After Organic Juice Drink
48936,46290,1,Original Crispy Apple Chips
48936,47209,1,Organic Hass Avocado
49094,4210,0,Whole Milk
49094,13535,0,Organic Medium Salsa
49094,22935,0,Organic Yellow Onion
49094,24964,1,Organic Garlic
49094,39558,0,Gold Potato
49094,41544,0,Organic Crushed Fire Roasted Tomatoes
49094,44910,1,Organic Spring Mix Salad
49094,47626,1,Large Lemon
49309,1463,1,Organic Milk
49309,3957,1,100% Raw Coconut Water
49309,6348,1,Mini Original Babybel Cheese
49309,13176,1,Bag of Organic Bananas
49309,15285,1,Lowfat Cottage Cheese
49309,26209,0,Limes
49309,27663,0,GOLEAN Crunch! Cereal
49309,30382,0,Organic Flour Tortillas
49309,40706,0,Organic Grape Tomatoes
49309,44632,1,Sparkling Water Grapefruit
49309,47766,0,Organic Avocado
49336,397,0,Pure Granulated Cane Sugar
49336,890,0,Organic Diced Tomatoes
49336,4605,0,Yellow Onions
49336,6046,0,Boneless Skinless Chicken Breast
49336,17044,0,French Baguette
49336,20178,0,Organic Quinoa Dark Chocolate Bar
49336,21137,1,Organic Strawberries
49336,22365,1,Owl's Howl Coffee
49336,23405,0,Pure Baking Soda
49336,27156,0,Organic Black Beans
49336,44449,0,Organic Tomato Sauce
49457,10125,1,Yokids Organic Strawberry Banana Lowfat Yogurt Squeeze
49457,13870,1,Lightly Salted Baked Snap Pea Crisps
49457,38311,1,Lemon Love Juice Drink
50358,3957,1,100% Raw Coconut Water
50358,13176,1,Bag of Organic Bananas
50358,14715,1,Coconut Water
50358,16837,1,Organic Mushroom Chef S Sampler
50358,21616,1,Organic Baby Arugula
50358,35628,1,Organic Strawberry Smoothie
50358,49284,0,Fennel Seed
51136,4304,0,Chopped Curly Kale
51136,6111,1,Mediterranee Strawberry Yogurt
51136,7325,1,Dark Blackout Organic Chocolate
51136,9076,1,Blueberries
51136,20608,0,Grapeseed Oil
51136,28199,1,"Clementines, Bag"
51136,41644,1,Multigrain Oatbran Cereal
51136,45066,0,Honeycrisp Apple
51237,4557,1,Mango Peach Salsa
51237,21292,0,Rainbow Bell Peppers
51237,25379,1,Salted Sweet Cream Butter Quarters
51237,31759,0,Cherrios Honey Nut
51237,34005,1,Black Seedless Grapes
51609,5612,0,Reduced Fat Milk
51609,5782,0,Grade A Large White Eggs
51609,7806,0,Soft Pretzel Burger Buns
51609,12845,0,Chopped Walnuts
51609,13780,1,Thyme
51609,14168,0,Penne Pasta
51609,14563,0,Puff Pastry Sheets
51609,14705,0,Pie Crusts
51609,15261,0,Organic Rosemary
51609,19893,0,Almond Breeze Almond Coconut Milk
51609,20378,0,Chicken Broth
51609,22142,1,100% Pure Pumpkin
51609,23339,0,Sweet Corn On The Cob
51609,23537,0,Light Brown Sugar
51609,23734,1,Sour Cream
51609,24156,0,Carnation Sweetened Condensed Milk
51609,25604,0,Rice Blend Royal Blend
51609,31871,0,Beef Polska Kielbasa
51609,32044,0,Seltzer Calorie-free Cranberry Lime
51609,32624,0,Acorn Squash
51609,35752,0,Hardwood SmokedCenter Cut Original Bacon
51609,36070,1,"Super Spinach! Baby Spinach, Baby Bok Choy, Sweet Baby Kale"
51609,38108,0,Sausage Buns
51609,38233,0,Ginger Snaps
51609,39137,0,Swiss Cheese
51609,39408,0,Gala Apples
51609,39425,0,Crystallized Ginger
51609,40945,0,Baking Chopped Pecans
51609,42504,0,Original Seltzer Water
51609,44683,0,Brussels Sprouts
51609,44713,0,Cherry Craisins
51609,48562,0,Roasted & Peeled Whole Chestnuts
51609,49505,0,Hot Italian Sausage
51618,9387,1,Granny Smith Apples
51618,10867,0,Delight Sea Salt Popcorn
51618,12606,1,100% Natural Spring Water
51618,27629,1,Trusted Care 2-Ply Tissues
51618,31487,0,Boomchickapop Sweet & Salty Kettle Corn
51618,44142,1,Red Onion
51618,44229,0,Original Black Bean with Sea Salt Bean Chips
51625,8539,0,Organic Chicken with Lemongrass Bone Broth
51625,9666,1,Country Morning White Bread
51625,9687,1,Grain Free Maple Granola
51625,14129,0,Organic Chicken Bone Broth
51625,28967,0,Cinnamon PaleoKrunch Granola
51625,36929,1,"Milk, Vitamin D"
51625,41427,0,Cookies 'N Cream Protein Bar
51625,45081,1,Gluten-Free Pancake Mix
51625,49131,1,Smoked Turkey Breast Slices
51782,2480,1,Organic 85% Cacao Dark Chocolate Bar
51782,2954,1,Organic Diced Fire Roasted No Salt Added Tomatoes
51782,10749,1,Organic Red Bell Pepper
51782,14947,1,Pure Sparkling Water
51782,22935,1,Organic Yellow Onion
51782,24964,1,Organic Garlic
51782,25466,1,Water
51782,27104,1,Fresh Cauliflower
51782,27451,1,Almond Meal/Flour
51782,31275,1,Organic High Fiber Coconut Flour
51782,33257,1,Original Recipe Chocolate Pudding
51782,36528,0,Organic Brown Rice Lasagne Pasta
51782,38273,1,Marinara Pasta Sauce
51782,38295,1,Habanero Roasted Tomato Salsa
51782,38596,1,Part Skim Ricotta Cheese
51782,44359,1,Organic Small Bunch Celery
51782,45535,1,Organic Low Sodium Chicken Broth
51782,47209,1,Organic Hass Avocado
52240,17015,1,"Hypoallergenic Laundry Detergent, 32 Loads"
52366,9623,1,Sparkling Natural Spring Water
52366,11826,0,Dark Chocolate Almond Milk
52366,11885,1,"Sparkling Water, Bottles"
52366,19165,0,100% Egg Whites
52366,36186,1,Large Grade AA Organic Eggs
53085,19457,1,Organic One Ingredient Peanut Butter
53085,21137,0,Organic Strawberries
53085,24852,0,Banana
53085,30169,1,Total 2% All Natural Plain Greek Yogurt
53085,32177,1,Blood Oranges
53085,47209,1,Organic Hass Avocado
53171,248,1,Dried Sweetened Cranberries
53171,581,1,Garnet Sweet Potato (Yam)
53171,5785,1,Organic Reduced Fat 2% Milk
53171,7503,1,Whole Almonds
53171,7673,1,Organic SprouTofu Super Firm Tofu
53171,12845,1,Chopped Walnuts
53171,24852,1,Banana
53171,25630,0,Healthy Grains Fiber Cinnamon Oat Clusters
53171,32655,1,Organic Large Grade AA Brown Eggs
53171,49683,1,Cucumber Kirby
53243,1154,1,Pomegranate Blueberry Sparkling Water
53243,1241,1,Strawberry Cheesecake Ice Cream
53243,1774,1,Butter Pecan Ice Cream
53243,3953,1,Kids Soft & Chewy Candy
53243,4674,1,Cherry Limeade
53243,5271,0,Diced Peaches Fruit Bowl
53243,5436,0,Diced Green Chiles
53243,5770,0,97% Fat Free Beef Franks
53243,7693,1,Cran-Raspberry Flavored Sparkling Water
53243,7838,0,Seasoned Curly Fries
53243,8670,0,Diced Tomatoes
53243,10710,1,"Tiny Twists Pretzels, Cheddar"
53243,10823,0,Original Velveeta Cheese
53243,13977,0,Caramel & Chocolate Milk Duds
53243,14875,0,Soft & Smooth Whole Grain White Bread
53243,16797,1,Strawberries
53243,17807,1,Gluten Free Blueberry Waffles
53243,18373,1,Island Teriyaki
53243,19604,1,Medium Scarlet Raspberries
53243,20802,1,for Tots Apple Juice
53243,24852,1,Banana
53243,25654,0,Mint Dark Chocolate Candy
53243,25786,0,Restaurante Style Original Premium Tortilla Chips
53243,26318,1,Pineapple Juice
53243,28016,1,White Meat Fun Nuggets
53243,28073,1,Cherry Vanilla Ice Cream
53243,28185,1,"Vanilla, Tangerine & Shortbread Ice Cream"
53243,29064,1,Black Cherry Water
53243,32133,0,4 Cheese Mexican Shredded Cheese
53243,33852,1,Black Raspberry Sparkling Water Drink
53243,35205,0,Jasmine Brown Rice
53243,35578,1,Genoa Salame with White Cheddar Cheese & Toasted Rounds Small Plates
53243,35702,0,Pineapple Tidbits in 100% Pineapple Juice
53243,41805,1,Strawberry Lemonade
53243,42614,1,Cookies & Cream Cheesecake Core Ice Cream
53243,43924,0,Mandarin Oranges in Water Sweetened with Monk Fruit Concentrate
53243,44903,1,Celluvisc Lubricant Eye Gel
53243,45288,1,Honey Smoked Turkey
53243,46189,1,Cantina Thin & Crispy Tortilla Chips
53243,47144,1,Unsweetened Original Almond Breeze Almond Milk
53243,48097,1,Rum Raisin Ice Cream
53310,9327,1,Garlic Powder
53310,18339,0,100% Lemon Juice
53310,20126,0,Salt
53310,21795,0,Extra Virgin Olive Oil Rich Taste
53310,22497,0,Oregano Leaves
53310,24780,1,Stick East Coast Vegetable Oil Spread
53310,39581,0,French Vanilla Creamer
53310,41719,0,Indigo Blue Corn Tortilla Chips
53310,43785,0,"Magic Tape 3/4\"""
53310,45258,0,Parsley Flakes
53310,47163,0,Caramel Macchiato Gourmet Coffee Creamer
53310,49480,0,Coarse Ground Black Pepper
53541,1203,0,Crunchy Organic Dark Roasted Peanut Butter
53541,5063,0,Maple & Pecan Granola Gluten Free
53541,10409,1,Essentials Organic Green Delight Juice
53541,11707,0,Peanut Butter Chocolate Chip Macrobar
53541,12395,1,Plain Goat Milk Yogurt
53541,16262,1,Everything Bagels
53541,19006,0,Dark Chocolate Pretzels with Sea Salt
53541,21230,0,Organic Himalayan Pink Popcorn
53541,23047,0,Sesame Roasted Seaweed Snacks
53541,24838,1,Unsweetened Almondmilk
53541,28204,1,Organic Fuji Apple
53541,29124,0,Bite Size Cheddar Cheese Crackers
53541,29500,1,Hard-Boiled Eggs
53541,31853,0,Premium Ginger Beer
53541,32579,0,Organic Promise Autumn Wheat Cereal
53541,36724,0,Organic Sea Salt Roasted Seaweed Snacks
53541,37496,0,Organic Deep Dark Sea Salt Chocolate
53541,43310,0,Organic Almond Butter With Carob Macrobar
53541,45445,0,Organic Bagged Mini Dark Peanut Butter
53541,46902,1,Organic Kale Krunch Superfood
53541,47209,1,Organic Hass Avocado
53633,13351,1,Total 0% Peach Yogurt
53633,15057,1,Fresh Care Flushable Cleansing Cloths Refills
53633,18926,1,Fat Free Strawberry Yogurt
53633,22124,1,Total 0% Raspberry Yogurt
53633,24024,1,1% Lowfat Milk
53633,25949,1,Cream Top Smooth & Creamy Maple Yogurt
53633,27626,1,Ripened Raspberry Fruit Leather
53633,27845,0,Organic Whole Milk
53633,46575,0,Organic Finely Shredded Cheddar Cheese
53694,1408,1,Mini Cucumbers
53694,1696,1,Honey Oat
53694,8536,1,Green Leaf Shreds
53694,11182,1,Baby Spinach
53694,14992,1,Green Beans
53694,16797,1,Strawberries
53694,17008,1,Shredded Sharp Cheddar Cheese
53694,23734,1,Sour Cream
53694,24053,1,Whipped Cream Cheese Spread
53694,34640,1,Steamfresh Premium Selects Frozen Whole Green Beans
53694,37145,1,Select Natural Applewood Smoked Turkey Breast
53694,38279,1,Multi-Grain Soft Taco
53694,38905,1,Fully Cooked Naturally Wood Smoked Thick Sliced Bacon
53694,39719,1,"Freshly Made. Filled with Creamy Ricotta, Aged Parmesan and Romano Cheeses Three Cheese Tortellini"
53694,40208,1,Sliced California Olives
53694,40231,0,Coffee Creamer White Chocolate Raspberry
53694,47537,1,Organic Yellow Corn Tortilla Chips
53694,49608,1,"Certified Organic Spanish Style Rice With Quinoa, Red Bell Peppers & Corn"
54041,177,1,Citrus Terere Yerba Mate
54041,9604,1,Hibiscus Organic Raw Kombucha
54041,13263,1,Non Fat Acai & Mixed Berries Yogurt
54041,17038,1,Wasabi Roasted Seaweed Snacks
54041,17333,1,"Kombucha, Organic Raw, Lavender No. 3"
54041,18465,1,Organic Grade A Free Range Large Brown Eggs
54041,18567,0,Low Fat No Chicken Noodle Soup
54041,18811,1,Organic Apple Juice
54041,19239,1,Organic Passion Terere Yerba Mate
54041,20580,0,Original Real Vegetable Chips
54041,20794,1,"Kombucha, Organic Raw, Citrus"
54041,22504,1,Organic Mountain Forest Amber Honey
54041,22963,1,Organic Roasted Turkey Breast
54041,26131,0,Mixed Berries Whole Milk Icelandic Style Skyr Yogurt
54041,27093,1,Thai Coconut Soup
54041,30776,1,Organic Raw Kombucha Gingerade
54041,32857,1,Organic Chunky Tomato Bisque Soup
54041,35429,1,Organic Yerba Mate Unsweetened Hibiscus Lime
54041,35951,1,Organic Unsweetened Almond Milk
54041,36865,1,Non Fat Raspberry Yogurt
54041,37687,1,Organic Spring Mix
54041,39782,1,Organic Raspberry Mate Energy Drink
54041,43662,1,"Yogurt, Strained Low-Fat, Coconut"
54310,2014,0,Low Fat Kefir Cultured Milk Smoothie Lowfat Probiotic Blueberry
54310,4600,0,All Natural French Toast Sticks
54310,15053,1,Lowfat Pomegranate Kefir Probiotic Cultured Milk Smoothie
54310,18479,1,Organic Low Sodium Vegetable Broth
54310,20327,0,Organic All Natural Blueberry Mini Waffles
54310,24852,1,Banana
54310,25919,0,Parmesan Shredded Cheese
54310,27683,1,Black Beans No Salt Added
54310,29987,0,Shredded Mozzarella
54310,31513,1,Kefir Cultured Milk Smoothie Plain
54310,43122,1,Organic Bartlett Pear
54402,6656,1,Organic California Style Sprouted Bread
54402,9339,1,Organic Chicken & Apple Sausage
54402,11599,0,Clean Day Liquid Hand Soap Refill Basil Scent
54402,16083,1,Organic Large Brown Eggs
54402,16254,1,ZBar Organic Chocolate Brownie Energy Snack
54402,24852,1,Banana
54402,28204,1,Organic Fuji Apple
54402,31506,0,Extra Virgin Olive Oil
54402,31869,1,Organic Edamame
54402,39475,1,Total Greek Strained Yogurt
54402,39699,1,Whole Wheat Shells & White Cheddar Macaroni and Cheese
54402,40632,1,Brown Rice Snaps Black Sesame
54402,41198,0,Classic Peanut Butter
54402,42359,0,Tuscan Veggie Sausage Patties
54402,44377,1,Pumpkin Spice Bread Mix
54402,46069,1,Supergreens!
54402,47209,1,Organic Hass Avocado
54921,49,0,Vegetarian Grain Meat Sausages Italian - 4 CT
54921,4920,0,Seedless Red Grapes
54921,11069,1,Organic Kale Pesto Hummus
54921,11576,1,Corn Chips
54921,12357,0,Purple Cauliflower
54921,12686,0,Organic Jalapeno Cilantro Hummus
54921,19472,0,Mild Curry Paste
54921,21137,1,Organic Strawberries
54921,31342,0,Organic SprouTofu Extra Firm Tofu
54921,31717,1,Organic Cilantro
54921,34243,1,Organic Baby Broccoli
54921,42768,0,Organic Garbanzo Beans
54921,46294,1,Organic Parsley
54921,48104,0,Organic Lite Coconut Milk
55194,6104,0,Whole Milk Plain Yogurt
55194,37687,1,Organic Spring Mix
55194,42867,0,Organic Whole Star Anise
55321,5876,1,Organic Lemon
55321,11452,1,Honey Dijon Potato Chips
55321,13740,0,Organic Summer Strawberry Bunny Fruit Snacks
55321,13776,0,Summer Strawberry Fruit Strip
55321,19006,0,Dark Chocolate Pretzels with Sea Salt
55321,24852,1,Banana
55321,25133,1,Organic String Cheese
55321,27115,0,All-Natural Autumn Apple  Fruit Strip
55321,27626,0,Ripened Raspberry Fruit Leather
55321,27845,1,Organic Whole Milk
55321,28204,1,Organic Fuji Apple
55321,28342,1,Pineapple Strawberry Naturally Essenced Sparkling Water
55321,30117,1,Salted Peanut Butter Filled Pretzels
55321,30353,1,Curate Cherry Lime Sparkling Water
55321,33037,1,Wheat English Muffins
55321,34448,1,Original Veggie Straws
55321,35221,1,Lime Sparkling Water
55321,39877,1,Organic Granny Smith Apple
55321,39886,0,Gin Gins Original Chewy Ginger Candy
55321,39947,1,Blackberry Cucumber Sparkling Water
55321,40709,1,Sea Salt & Vinegar Potato Chips
55321,41716,1,Jalapeno
55321,49235,1,Organic Half & Half
55991,13176,1,Bag of Organic Bananas
55991,14444,1,Smokehouse Almonds
55991,14771,1,Non-Dairy French Vanilla Singles Creamer
55991,46562,0,Sweet & Salty Nut Granola Bars Peanut
56571,3480,0,Organic Sweet Corn
56571,9076,1,Blueberries
56571,13032,1,Cinnamon Toast Crunch
56571,16797,1,Strawberries
56571,17207,1,Non Fat Greek Yogurt
56571,18296,1,Natural Applesauce
56571,20955,1,Cereal
56571,26088,0,Aged White Cheddar Popcorn
56571,30827,0,Seedless Cucumbers
56571,32478,1,Reduced Fat 2% Milk
56571,38768,1,Sweet Kale Salad Mix
56571,47402,0,Fuji Apples
56571,48762,1,Split Top Wheat Bread
56627,8339,1,Crackers Almond Flour Rosemary Sea Salt
56627,13852,0,Organic Broccoli Crown
56627,22935,1,Organic Yellow Onion
56627,31075,0,Dark Chocolate Morsels
56627,32884,1,Organic & Raw Trilogy
56627,38739,1,Hass Avocado
56627,42265,1,Organic Baby Carrots
57149,6740,0,Organic Braeburn Apple
57149,12419,0,Organic Sage
57149,23516,1,Organic Unbleached All-Purpose Flour
57149,33055,1,Organic Golden Delicious Apple
57149,44683,0,Brussels Sprouts
57149,44912,0,Baking Powder
57170,21288,1,Blackberries
57170,31805,1,Gourmet Tomato Medley
57357,17691,0,Vanilla Yogurt
57357,21288,0,Blackberries
57704,6740,0,Organic Braeburn Apple
57704,8021,1,100% Recycled Paper Towels
57704,14959,1,Decaffeinated Earl Grey Tea
57704,16622,1,Blonde Macaroons
57704,34044,1,Organic Orange Juice with Pulp
57704,44047,1,Lightly Toasted Almond Butter Crunchy
57704,45100,1,Pumpkin Pie Spice
57767,4541,1,Rainier Cherries
57767,13176,1,Bag of Organic Bananas
57767,26915,1,Organic Lowfat Yogurt Banana Vanilla
57941,6873,1,Organic Iceberg Lettuce
57941,15438,1,"Mayonnaise, Classic"
57941,19660,1,Spring Water
57941,44728,1,Creamy Natural Peanut Butter And Flaxseed
58370,4855,0,Diced Butternut Squash
58370,9327,0,Garlic Powder
58370,9337,0,Purity Farms Ghee Clarified Butter
58370,11777,0,Red Raspberries
58370,16589,0,Plantain Chips
58370,16823,0,Organic Beef Broth
58370,21938,0,Green Bell Pepper
58370,25659,0,Organic Coconut Milk
58370,26209,0,Limes
58370,28289,0,Organic Shredded Carrots
58370,31717,0,Organic Cilantro
58370,35140,0,Organic Whole Cashews
58370,38456,0,Large Grapefruit
58370,39812,0,Organic Thyme
58370,40377,0,Unrefined Virgin Coconut Oil
58370,41540,0,Organic Whole White Mushrooms
58370,44142,0,Red Onion
58370,46667,0,Organic Ginger Root
58441,16595,1,"2% Cottage Cheese, Small Curd"
58447,12427,0,Original Beef Jerky
58464,10,1,Sparkling Orange Juice & Prickly Pear Beverage
58464,1700,0,White Cheddar Popcorn
58464,2091,1,Almond Nut & Rice Cracker Snacks
58464,14992,1,Green Beans
58464,15592,1,Organic Baby Romaine Lettuce
58464,23375,0,Marinara Sauce
58464,24852,1,Banana
58464,27086,1,Half & Half
58464,28199,0,"Clementines, Bag"
58464,28761,0,Organic Truffle Fries
58464,31471,0,Semisweet Chocolate Chips
58464,35004,0,Macaroni Shells & White Cheddar Cheese
58619,2078,0,Unsalted Pure Irish Butter
58619,9551,0,Natural Chunky Peanut Butter
58619,12817,0,Original Baked Whole Grain Wheat Crackers
58619,17200,0,Wild Blueberry Preserves
58619,33195,0,7 Sprouted Grains Bread
58619,42811,0,Gemelli Pasta
58619,49235,0,Organic Half & Half
58633,4193,1,"Ravioli, Spinach & Cheese"
58633,6184,1,Clementines
58633,16198,1,Natural Uncured Turkey Hot Dog
58633,19678,1,Organic Russet Potato
58633,20899,1,Goo Berry Pie Probugs Kefir
58633,27966,1,Organic Raspberries
58633,29975,1,"Hand Sanitizer, Gel, Coconut + Lemon"
58633,38562,1,Pomegranate Arils
58633,43643,1,Organic Strawana Probugs Kefir
58633,43818,1,Natural Shredded Cheddar Cheese
58633,48845,1,Roasted Brussels Sprouts
59205,1940,1,Organic 2% Reduced Fat Milk
59205,6576,1,White Cheddar Baked Snack Crackers
59205,12140,1,Diet Soda
59205,13203,0,Natural Bliss Salted Caramel Flavor All-Natural Coffee Creamer
59205,18721,0,"Baked Rice and Corn Puffs, Aged White Cheddar"
59205,21139,0,Awake English Breakfast Black Tea K-Cups
59205,22787,0,Cinnamon Buns Ice Cream
59205,25298,1,Instant Maple Brown Sugar Hot Cereal
59205,34898,0,Low Moisture Part Skim Mozzarella String Cheese
59205,41844,1,Honey Nut Cheerios
59205,46586,0,Diet Peach
59205,46593,0,Natural Strawberry Ice Cream
59291,1694,1,Chunky Chocolate Chip Cookies
59291,6489,0,Backyard Barbeque Potato Chips
59291,7781,1,Organic Sticks Low Moisture Part Skim Mozzarella String Cheese
59291,10724,1,Dark Chocolate Coconut Almond Bark
59291,14781,0,Dairy Free Lite Culinary Coconut Milk
59291,19706,0,Organic Nectarine
59291,22308,1,"Bread, Gluten Free, White Sandwich"
59291,33572,0,Lactose Free 2% Reduced Fat Milk
59291,47766,1,Organic Avocado
59291,49111,1,Original Instant Oatmeal
59328,14999,0,Grade A Large Brown Eggs
59328,27864,0,Butter Croissant
59328,29778,0,Pop Up Bowl Movie Theater Butter Popcorn
59328,34504,0,Microwave Extra Butter Popcorn
59355,612,0,"Rice, Extra Long Grain, Enriched"
59355,2180,0,Angel Hair Pasta
59355,5077,1,100% Whole Wheat Bread
59355,6177,1,Dijon Mustard Squeeze Bottle
59355,10009,1,Chunk Light Tuna In Vegetable Oil
59355,12206,1,Basil Pesto
59522,1447,1,Organic Baby Lettuces
59522,8006,1,Chopped Organic Garlic
59522,14852,1,All Natural Marinara Sauce
59522,15945,0,Freshly Shredded Parmesan Cheese
59522,39646,0,"Red Onions, Fresh Diced"
60206,436,1,Petite Brussels Sprouts
60206,611,1,Uncured Hard Salami
60206,4920,1,Seedless Red Grapes
60206,5456,1,Green Tea With Ginseng and Honey
60206,5652,1,Organic Red Potatoes
60206,8025,1,Uncured Beef Hot Dogs
60206,14084,1,Organic Unsweetened Vanilla Almond Milk
60206,17017,1,Organico Bello Marinara Pasta Sauce
60206,19660,1,Spring Water
60206,20632,1,Mache Rosettes French Salad Mix
60206,21137,1,Organic Strawberries
60206,21938,1,Green Bell Pepper
60206,22935,1,Organic Yellow Onion
60206,26369,1,Organic Roma Tomato
60206,31717,1,Organic Cilantro
60206,44146,1,Gluten Free Paleo Gnocchi
60206,44359,1,Organic Small Bunch Celery
60206,45063,1,Organic Baby Bella Mushrooms
60206,45200,1,Organic Cauliflower
60206,45633,1,Organic Beef Hot Dogs
60251,10326,0,Organic Fuji Apples
60251,27477,0,Boudin Sliced Sourdough Round
60251,30827,1,Seedless Cucumbers
60251,33198,0,Sparkling Natural Mineral Water
60679,4168,0,Rutabaga Organic
60679,5390,0,Boneless Beef Chuck Roast
60679,7021,1,Organic Tomato Paste
60679,8518,0,Organic Red Onion
60679,16759,0,Organic Carrot Bunch
60679,18434,0,Organic Whole Crimini Mushrooms
60679,34358,0,Garlic
60679,38419,0,Parsnip
60679,40141,0,Original Unflavored Gelatine Mix
60679,40910,1,Root Beer
60679,44359,1,Organic Small Bunch Celery
60679,45535,1,Organic Low Sodium Chicken Broth
60778,4793,1,Wild Berry Smoothie
60778,9076,1,Blueberries
60778,15649,1,Baby Seedless Cucumbers
60778,20549,0,Organic Orzo
60778,22035,1,Organic Whole String Cheese
60778,22400,0,"Peanut Butter, Classic"
60778,28204,1,Organic Fuji Apple
60778,38689,1,Organic Reduced Fat Milk
60778,47766,1,Organic Avocado
60778,49247,1,Coconut Yoghurt
61175,1468,1,Organic Peeled & Cooked Beets
61175,3880,1,Corn Maize Tortillas
61175,6972,0,Mayo Made With Avocado Oil
61175,15392,1,Organic Mayonnaise
61175,16349,0,Organic Yams
61175,20834,0,Sprouted 7 Grain Hamburger Rolls
61175,21903,1,Organic Baby Spinach
61175,24852,1,Banana
61175,24964,1,Organic Garlic
61175,25340,0,Large Yellow Flesh Nectarine
61175,26209,1,Limes
61175,27336,0,Organic Rainbow Carrots
61175,27521,1,Organic Lacinato (Dinosaur) Kale
61175,28204,1,Organic Fuji Apple
61175,35750,0,Organic Garbanzo Beans No Salt Added
61175,39475,1,Total Greek Strained Yogurt
61175,43668,1,Classic Blend Cole Slaw
61175,44142,1,Red Onion
61175,47526,1,Goat Cheese Log
61175,47766,1,Organic Avocado
61306,2825,1,Organic Original Hommus
61306,18523,0,Total 2% All Natural Greek Strained Yogurt with Honey
61306,23178,1,Pure Lemon Juice
61306,27104,1,Fresh Cauliflower
61306,31096,1,Gluten Free Nutty Cranberry Maple Granola
61306,33055,1,Organic Golden Delicious Apple
61306,33754,1,Total 2% with Strawberry Lowfat Greek Strained Yogurt
61306,37646,0,Organic Gala Apples
61306,41665,1,Organic Mexican Blend Finely Shredded Cheese
61306,47209,1,Organic Hass Avocado
61306,48679,1,Organic Garnet Sweet Potato (Yam)
61437,9932,0,Natural Creamy Peanut Butter
61437,17794,0,Carrots
61437,25170,0,Soy Sauce
61437,43389,0,"Vanilla, Chocolate, Strawberry Ice Cream"
62183,1099,0,Cuties Non Dairy Vanilla Frozen Dessert Sandwiches
62183,1559,0,Cherry Pomegranate Greek Yogurt
62183,5438,1,Prosciutto
62183,7647,0,Turkey Meatballs
62183,8174,0,Organic Navel Orange
62183,14945,1,Egg & Smoked Gouda Multi-Grain Flatbread Breakfast Sandwich
62183,19478,0,Organic Marinara Pasta Sauce
62183,20114,0,Jalapeno Peppers
62183,21405,1,"Organic Red Radish, Bunch"
62183,26209,0,Limes
62183,26352,0,Chicken Caesar Salad
62183,27655,0,"Juice, Vegetable & Fruit, Fuel"
62183,28934,0,Frozen Broccoli Florets
62183,36157,1,Turkey Burger
62183,40199,0,Chocolate Chip Cookies
62183,40396,0,Guacamole
62183,42342,0,Roasted Turkey Breast
62183,46906,0,Grape White/Green Seedless
62183,48287,0,Natural Chicken & Maple Breakfast Sausage Patty
62512,9844,0,Raspberry Iced Tea
62512,13208,0,No Salt Tomato Ketchup
62512,16349,0,Organic Yams
62512,27010,0,"Paper Towels, White, 2 Big Roll = 33% More Sheets Towels/Napkins"
62512,28556,0,Peppercorn Ranch Greek Yogurt Dressing
62512,32465,1,Sliced White Mushrooms
62512,35004,0,Macaroni Shells & White Cheddar Cheese
62512,37449,0,Natural Muenster Cheese
62512,49481,0,Original Barbecue Sauce
63050,30597,1,French Vanilla Coffee Creamer
63869,8518,0,Organic Red Onion
63869,14678,1,Organic Frozen Peas
63869,15290,0,Orange Bell Pepper
63869,17429,0,Jalapeno Hummus
63869,22935,1,Organic Yellow Onion
63869,28476,0,Organic Small Curd Cottage Cheese
63869,32290,0,Urban Cowgirl Mild Mango Peach Salsa
63869,35264,0,Cut Okra
63869,35939,0,Organic Jalapeno Pepper
63869,40706,0,Organic Grape Tomatoes
63869,47766,1,Organic Avocado
63869,47912,1,Vanilla Skyr Style Yogurt
64761,4589,1,Fresh Fettuccini
64761,18362,1,Organic Bread with 21 Whole Grains
64761,19415,1,Roasted Tomato Salsa Serrano-Tomatillo
64761,21137,1,Organic Strawberries
64761,21329,0,Organic Hearty Split Pea & Uncured Ham Soup
64761,21903,1,Organic Baby Spinach
64761,22035,1,Organic Whole String Cheese
64761,27104,1,Fresh Cauliflower
64761,27336,0,Organic Rainbow Carrots
64761,27966,1,Organic Raspberries
64761,28985,1,Michigan Organic Kale
64761,29926,1,Roasted & Salted Almonds
64761,34243,1,Organic Baby Broccoli
64761,34668,1,Organic Large Grade AA Omega-3 Eggs
64761,44987,1,Heavy Whipping Cream
64761,47209,1,Organic Hass Avocado
64761,47672,1,Uncured Hickory Smoked Sunday Bacon
64761,49628,0,Yoghurt Blueberry
64862,432,0,Vanilla Almond Breeze Almond Milk
64862,2480,0,Organic 85% Cacao Dark Chocolate Bar
64862,7821,1,Olive Oil & Vinegar Dressing
64862,7916,1,Grilled Chicken Breast
64862,8667,0,Organic Pure 85% Dark Chocolate Bar
64862,10514,1,Assorted Compostable Flatware
64862,13176,1,Bag of Organic Bananas
64862,14650,0,Vanilla Whey Protein Powder
64862,21903,1,Organic Baby Spinach
64862,22312,1,Organic Cherry Tomatoes
64862,24489,0,Organic Whole Strawberries
64862,30169,1,Total 2% All Natural Plain Greek Yogurt
64862,31663,0,Vanilla Blueberry Clusters With Flax Seeds Granola
64862,33000,0,Pure Irish Butter
64862,34565,1,Peanut Butter Whole Grain Clusters
64862,34720,0,"Avocado Oil, Refined"
64862,35547,0,Organic Baby Kale
64862,39984,1,Organic Dill
64862,40396,1,Guacamole
64862,43086,1,Super Greens Salad
64862,46802,0,Pineapple Chunks
64862,47209,1,Organic Hass Avocado
64862,47626,0,Large Lemon
64862,48679,0,Organic Garnet Sweet Potato (Yam)
65284,2541,0,100% Non-Pareil Capers
65284,31102,1,Sugar Free Energy Drink
65284,34080,0,Freshly Made with Durum Flour and Eggs Delicately Cut into Narrow Ribbons Linguine Pasta
65284,34126,0,Organic Italian Parsley Bunch
65371,12442,1,Basil Dish Soap
65371,19125,0,Extra Ginger Brew Jamaican Style Ginger Beer
65371,19894,1,Enlightened Organic Raw Kombucha
65371,22998,0,Sprouted Hot Dog Buns
65371,23765,1,Organic Smoked Turkey Breast
65371,26604,0,Organic Blackberries
65371,27845,1,Organic Whole Milk
65371,28204,1,Organic Fuji Apple
65371,38033,0,Ground Coffee Dark Roast
65371,47209,1,Organic Hass Avocado
65371,48736,0,Ricotta And Spinach Tondi
65538,2770,1,Brownberry Natural Wheat Bread
65538,13740,1,Organic Summer Strawberry Bunny Fruit Snacks
65538,28204,1,Organic Fuji Apple
65538,47766,1,Organic Avocado
65584,1035,1,Chamomile Citrus Caffeine Free Herbal Tea Artisan Whole Leaf Pouches
65584,5130,1,Organic Herb Blend
65584,6348,0,Mini Original Babybel Cheese
65584,9178,1,Vegan Hickory & Sage Benevolent Bacon
65584,10121,1,Wild Sockeye Salmon
65584,10605,1,Gluten Free White Bread
65584,11520,1,Large Alfresco Eggs
65584,13838,0,Natural Free & Clear Dish Liquid
65584,14126,0,Gluten and Dairy Free Rice Macaroni and Cheeze
65584,15649,1,Baby Seedless Cucumbers
65584,22950,0,Natural Free & Clear Dishwasher Detergent Packs
65584,23919,1,Grain Meat Sausages Vegetarian Mexican Chipotle
65584,24561,1,Organic Cheese Frozen Pizza
65584,24852,1,Banana
65584,25466,1,Water
65584,32911,1,Organic Sensitivity Infant Formula with Iron
65584,34214,1,Pesto Pizza
65584,35242,1,Cornmeal Crust 3 Cheese Pizza
65584,38837,1,Crispy Chick'n Sliders
65584,42265,1,Organic Baby Carrots
65584,42450,0,Macaroni & Cheese
65584,47766,1,Organic Avocado
65584,48239,1,Cocoa Spread with Hazelnuts
65584,48857,1,Authentic French Brioche
65584,49608,1,"Certified Organic Spanish Style Rice With Quinoa, Red Bell Peppers & Corn"
65812,1117,1,Turkey Bacon
65812,2639,1,Lemon Blended Non-Fat Greek Yogurt
65812,6128,0,Original Fresh Stack Crackers
65812,8506,1,Yellow Corn Taco Shells
65812,9558,1,Non-Fat Vanilla Blended Greek Yogurt
65812,14999,1,Grade A Large Brown Eggs
65812,20158,0,Tofu Firm
65812,23248,1,Passion Fruit On The Bottom Greek Yogurt
65812,24799,0,Vanilla Skyr Nonfat Yogurt
65812,25495,1,Flip™ Low-Fat Key Lime Crumble Greek Yogurt
65812,39982,1,Sausage  Links
65812,40723,0,Organic Cripps Pink Apples
65812,43295,1,Unsweetened Vanilla Almond Milk
65812,43772,0,Cherubs Heavenly Salad Tomatoes
65812,48491,0,"Tofu, Extra Firm"
65812,48626,1,Coconut Blended Greek Yogurt
65832,6296,1,Farmhouse-Style Sausage Scramble
65832,6813,0,Ultra Strong Bathroom Tissue
65832,9932,0,Natural Creamy Peanut Butter
65832,11080,1,Crustless Chicken Pot Pie
65832,13517,1,Whole Wheat Bread
65832,14519,0,Soothing Aloe Vera Moisturizing Body Wash
65832,24195,1,Tofu Scramble
65832,24816,1,Natural Deli Style Sliced Extra Sharp Cheddar Cheese
65832,37145,1,Select Natural Applewood Smoked Turkey Breast
65832,41714,0,Smooth & Balanced Pike Place Medium Roast Ground Coffee
65900,2966,1,Pure Coconut Water
65900,5479,0,Italian Sparkling Mineral Water
65900,10831,1,Yobaby Organic Plain Yogurt
65900,13263,1,Non Fat Acai & Mixed Berries Yogurt
65900,24799,1,Vanilla Skyr Nonfat Yogurt
65900,25837,1,Mini Babybel Light Semisoft Edam Cheeses
65900,28465,1,Icelandic Style Skyr Blueberry Non-fat Yogurt
65900,38988,1,White English Muffins
65900,39275,1,Organic Blueberries
65900,40861,0,Lavender Bath & Shower Gel
65900,43255,1,Banana Chia Pod
65900,43662,1,"Yogurt, Strained Low-Fat, Coconut"
65986,1263,0,American Cheese Slices 12 Count
65986,4210,1,Whole Milk
65986,4778,0,Wheat Thins Reduced Fat Crackers
65986,8424,1,Broccoli Crown
65986,12218,1,Classic Wheat Bread
65986,14379,1,BBQ Chicken Crispy Thin Crust Pizza
65986,16797,1,Strawberries
65986,17151,0,Honey Maid Cinnamon Grahams
65986,21471,1,Salisbury Steak Dinner
65986,25591,0,Brown Rice
65986,25601,0,Mandarin Orange Chicken
65986,29176,0,Extra Large Eggs
65986,29429,1,Crunch Berries Cereal
65986,30227,1,Bag of Dutch Yellow Fingerling Potatoes
65986,36170,1,Reduced Fat Original Baked Snack Crackers
65986,39275,0,Organic Blueberries
65986,40330,0,Corn Dogs
65986,41453,0,Eggo Buttermilk Pancakes
65986,43632,0,GoGurt Strawberry and Blueberry Tubes
65986,45669,1,Steak & Roasted Potato Dinner
66089,4920,1,Seedless Red Grapes
66089,6300,1,Light & Lean Pasta & Veggie Bowl
66089,10655,1,Sparkling Seltzer Water
66089,11865,1,Light & Lean Spaghetti Italiano with Meatless Meatballs
66089,13807,1,Light and Lean Macaroni and Cheese
66089,20424,1,Chicken Curry
66089,24631,1,Light & Lean Spinach Lasagna
66089,24852,1,Banana
66089,25272,1,Small Macintosh Apple
66089,32139,1,Hommus Classic Original
66089,32579,1,Organic Promise Autumn Wheat Cereal
66089,44233,1,Multi Grain Crispbread
66252,6348,1,Mini Original Babybel Cheese
66252,6587,0,Lightly Salted Chips
66252,8022,0,Spinach Pizza
66252,8859,1,Natural Spring Water
66252,11123,1,Vitamin Water Zero Squeezed Lemonade
66252,19156,1,Fat Free Blueberry Yogurt
66252,21461,1,Triple Creme Goat Brie
66252,23650,1,Electrolyte Water
66252,26298,1,Thin Crust Margherita Pizza with Fresh Mozzarella & Basil
66252,27966,1,Organic Raspberries
66252,28465,1,Icelandic Style Skyr Blueberry Non-fat Yogurt
66252,30117,1,Salted Peanut Butter Filled Pretzels
66252,33198,1,Sparkling Natural Mineral Water
66252,34214,1,Pesto Pizza
66252,36865,1,Non Fat Raspberry Yogurt
66252,40571,1,Total 2% Greek Strained Yogurt with Cherry 5.3 oz
66252,40709,1,Sea Salt & Vinegar Potato Chips
66252,42987,1,Krinkle Cut Salt & Fresh Ground Pepper Potato Chips
66252,45223,1,Just Green Unsweetened Tea
66377,2974,1,Regular
66377,4313,0,Star Wars Italian Sweet Creme Creamer
66377,6481,0,Vanilla Almond Coffee Creamer
66377,47877,1,Coke Zero
66475,4920,1,Seedless Red Grapes
66475,5445,1,Protein Zone Protein Juice Smoothie
66475,6393,1,Protein Plus Mango Protein Shake
66475,24852,0,Banana
66475,35221,1,Lime Sparkling Water
66475,40396,0,Guacamole
66475,44926,0,Tortilla Chips with Salt
66475,47029,1,Organic Greek Nonfat Yogurt With Mixed Berries
66475,47209,0,Organic Hass Avocado
66550,4421,1,Organic Beef Uncured Hot Dogs
66550,8277,1,Apple Honeycrisp Organic
66550,12745,1,"Yogurt, Lowfat, Strawberry"
66550,15592,1,Organic Baby Romaine Lettuce
66550,17553,1,Lowfat Blueberry Yogurt
66550,25931,1,Organic Baby Spinach Salad
66550,26604,1,Organic Blackberries
66550,28733,1,Chicken Nuggets
66550,35547,1,Organic Baby Kale
66550,40706,1,Organic Grape Tomatoes
66630,42803,0,Organic Apple Slices
67083,6721,0,Organic Mushroom Broth
67083,8903,0,Semi-Sweet Mini Chocolate Chips
67083,9839,1,Organic Broccoli
67083,10749,1,Organic Red Bell Pepper
67083,16521,0,Walnut Halves & Pieces
67083,19057,1,Organic Large Extra Fancy Fuji Apple
67083,20736,0,Celery Root
67083,24852,1,Banana
67083,26128,0,Organic Mango Chunks
67083,26242,0,Organic Black Lentils
67083,28773,0,"Goji Berries, Certified Organic"
67083,30489,1,Original Hummus
67083,32465,1,Sliced White Mushrooms
67083,38077,0,Hemp Hearts Raw Shelled Hemp Seeds
67083,41787,1,Bartlett Pears
67083,46802,1,Pineapple Chunks
67083,47652,0,Coconut Almond Minis Frozen Dessert Bars
67178,2658,0,Unsweetened Coconut Milk
67178,5025,0,Green Onions
67178,15892,0,Veggie Dogs
67178,17638,0,Vanilla Coffee Concentrate
67178,21710,0,Organic Stevia Powdered Sweetener Packets
67178,28169,0,Vegetable Pad Thai With Rice Noodles
67178,42585,0,Organic Extra Firm Tofu
67178,46667,0,Organic Ginger Root
67178,47766,0,Organic Avocado
67545,21183,0,Organic Gold Beet Bunch
67545,21616,1,Organic Baby Arugula
67545,29307,1,Baby Arugula
67545,30489,1,Original Hummus
67545,30494,1,Organic Mango Slices
67545,30776,0,Organic Raw Kombucha Gingerade
67962,5876,1,Organic Lemon
67962,7014,1,Dishwasher Gel Free & Clear
67962,13176,1,Bag of Organic Bananas
67962,14872,0,All Natural Powder Cleanser
67962,20754,1,Mediterranean Mint Gelato
67962,35361,0,Overnight Maxi Pads
67962,36724,0,Organic Sea Salt Roasted Seaweed Snacks
67962,38557,1,Citrus Mandarins Organic
67962,38647,1,Organic Raw Sharp Cheddar Cheese
67962,42477,0,Pitcher Replacement Filters
67962,43662,1,"Yogurt, Strained Low-Fat, Coconut"
67962,49075,0,Organic Brown Rice
68317,13176,1,Bag of Organic Bananas
68317,16185,1,Sharp Cheddar Cheese
68317,23909,0,2% Reduced Fat Milk
68317,24184,1,Red Peppers
68317,30233,1,Organic Large Brown Grade AA Cage Free Eggs
68317,41588,1,Firm Tofu
68317,46667,1,Organic Ginger Root
68317,49383,0,Organic Bunch Beets
68352,248,0,Dried Sweetened Cranberries
68352,4605,1,Yellow Onions
68352,7021,0,Organic Tomato Paste
68352,7751,0,Tomato Ketchup
68352,9038,0,American Cheese slices
68352,13176,0,Bag of Organic Bananas
68352,17461,0,Air Chilled Organic Boneless Skinless Chicken Breasts
68352,21863,0,Fire Roasted Red Peppers
68352,21938,1,Green Bell Pepper
68352,46847,0,Quick Cooking Rolled Oats Irish Oatmeal
68352,47209,0,Organic Hass Avocado
68823,8174,1,Organic Navel Orange
68823,11261,0,Pure 100% Natural Canola Oil
68823,14161,1,Kiwi
68823,14491,1,"Happy Baby Spinach, Mango, and Pear Baby Food"
68823,14805,0,Organic Strawberries & Wild Strawberries Fruit Spread
68823,18234,0,Organic Spinach Bunch
68823,18465,1,Organic Grade A Free Range Large Brown Eggs
68823,20082,0,Organic Whole Milk with DHA Omega-3
68823,22587,0,Organic Cut Spinach
68823,30021,0,Distilled White Vinegar
68823,34134,0,Spinach Peas & Pear Stage 2 Baby Food
68823,37215,1,100% Cranberry Juice
68823,46654,1,Organic Grade A Large Brown Eggs
69163,2124,1,Cheese Ravioli
69163,7781,1,Organic Sticks Low Moisture Part Skim Mozzarella String Cheese
69163,9839,0,Organic Broccoli
69163,12206,1,Basil Pesto
69163,13176,1,Bag of Organic Bananas
69163,18027,1,Ezekiel 4:9 Bread Organic Sprouted Whole Grain
69163,36724,1,Organic Sea Salt Roasted Seaweed Snacks
69163,37766,1,XL Emerald White Seedless Grapes
69163,37825,1,Organic Whole Wheat Fusilli
69163,43889,1,Dark Chocolate Covered Banana
69163,44035,1,Organic Chickpeas Ready To Eat
69163,49215,1,Kids Sensible Foods Broccoli Littles
70116,389,1,Mache Blend
70116,2295,1,Yellow Bell Pepper
70116,5463,1,Original Oat Bar
70116,7963,1,Gluten Free Whole Grain Bread
70116,10385,1,Organic English Cucumber
70116,13176,1,Bag of Organic Bananas
70116,17568,1,Pitted Prunes
70116,17807,1,Gluten Free Blueberry Waffles
70116,27544,0,Lemon Verbena Hand Soap
70116,36482,0,Corn Sweet Potato Tortilla Chips
70116,40146,0,Almond Milk Hazelnut Creamer
70116,43295,1,Unsweetened Vanilla Almond Milk
70116,45445,1,Organic Bagged Mini Dark Peanut Butter
70116,46676,0,Total 0% Nonfat Greek Yogurt
70116,47209,1,Organic Hass Avocado
70116,47610,1,"Pretzel Sticks, Gluten Free"
70116,47626,1,Large Lemon
70116,47977,1,Grapefruit Sparkling Water
70116,49416,1,Organic Gluten Free Non-Dairy Beans & Rice Burrito
70298,1335,1,Stage 1 Just Butternut Squash Baby Food
70298,5991,1,Bok Choy
70298,8174,1,Organic Navel Orange
70298,8186,1,"Baby Food Pouch - Butternut Squash, Carrot & Chickpea"
70298,13176,1,Bag of Organic Bananas
70298,16384,1,Just Mangos Organic Baby Food
70298,17794,1,Carrots
70298,17835,1,Thin & Light Tortilla Chips
70298,21405,1,"Organic Red Radish, Bunch"
70298,21903,1,Organic Baby Spinach
70298,23527,1,Baby Food Stage 2 Sweet Potato Mango & Millet
70298,24799,1,Vanilla Skyr Nonfat Yogurt
70298,24852,1,Banana
70298,27966,1,Organic Raspberries
70298,28204,1,Organic Fuji Apple
70298,30391,1,Organic Cucumber
70298,30720,1,Sugar Snap Peas
70298,34249,1,Strawberry Puffs
70298,37011,1,Artichokes
70298,38192,1,Pear & Mango Stage 2 Baby Food
70298,41950,1,Organic Tomato Cluster
70298,42345,1,Baby Food Pouch - Roasted Carrot Spinach & Beans
70298,43875,1,Baby Food Stage 2 Blueberry Pear & Purple Carrot
70298,44632,1,Sparkling Water Grapefruit
70298,44787,1,Stage 1 - Just Prunes
70298,47008,1,Sliced Water Chestnuts
70298,49185,1,Enriched Vanilla Rice Drink
70505,116,0,English Muffins
70505,10326,0,Organic Fuji Apples
70505,10509,1,Organic Animal Crackers
70505,14444,0,Smokehouse Almonds
70505,20641,1,Pop Tarts Variety Pack
70505,20955,0,Cereal
70505,21572,1,Cheez-It Cheddar Cracker
70505,24740,0,Multi-Seed Rosemary + Olive Oil Crackers
70505,26348,0,Mixed Fruit Fruit Snacks
70505,31759,1,Cherrios Honey Nut
70505,32478,2,Reduced Fat 2% Milk
70505,36833,0,Original Cheese
70505,37710,1,Trail Mix
70505,38883,1,Artichoke And Jalapeño Dip & Spread
70505,39408,1,Gala Apples
70505,39954,1,Organic Strawberry Spread
70505,42719,0,Natural Premium Coconut Water
70505,46562,0,Sweet & Salty Nut Granola Bars Peanut
70872,3957,1,100% Raw Coconut Water
70872,5785,1,Organic Reduced Fat 2% Milk
70872,13223,1,"Grape Seed Oil, All Natural"
70872,13629,1,Organic Snipped Green Beans
70872,14218,1,Grade A Large Eggs Cage Free Omega 3
70872,16521,1,Walnut Halves & Pieces
70872,16797,0,Strawberries
70872,19886,1,Kidney Beans
70872,21938,1,Green Bell Pepper
70872,22475,1,Jicama
70872,23537,1,Light Brown Sugar
70872,24852,1,Banana
70872,24964,1,Organic Garlic
70872,27683,1,Black Beans No Salt Added
70872,28199,1,"Clementines, Bag"
70872,28289,1,Organic Shredded Carrots
70872,29662,1,Potato Yukon Gold Organic
70872,31717,1,Organic Cilantro
70872,34126,1,Organic Italian Parsley Bunch
70872,38456,1,Large Grapefruit
70872,39877,1,Organic Granny Smith Apple
70872,42265,1,Organic Baby Carrots
70872,44422,1,Organic Old Fashioned Rolled Oats
70872,45007,1,Organic Zucchini
71062,33198,1,Sparkling Natural Mineral Water
71151,248,0,Dried Sweetened Cranberries
71151,6631,1,No Pulp Calcium & Vitamin D Pure Orange Juice
71151,8174,1,Organic Navel Orange
71151,8424,1,Broccoli Crown
71151,9324,0,Organic Apricots
71151,12614,1,Yellow Grape Tomatoes
71151,14778,1,Organic Chocolate Chip Chewy Granola Bars
71151,17956,0,Cocoa Powder
71151,22035,1,Organic Whole String Cheese
71151,25824,1,Pita Chips Simply Naked
71151,27104,0,Fresh Cauliflower
71151,28571,1,Pretzel Rods
71151,29675,1,Organic Bagged Carrots
71151,35108,1,Salted Butter
71151,40353,0,Gluten Free Vegan Not-Chick'n Natural Bouillon Cubes
71151,41570,0,Active Dry Yeast
71151,42736,0,Unsalted Butter
71151,42828,1,Whipped Cream Cheese
71151,43076,0,Wide Egg Noodles
71151,46979,1,Asparagus
71151,47626,1,Large Lemon
71151,48679,0,Organic Garnet Sweet Potato (Yam)
71151,49683,1,Cucumber Kirby
71617,11520,1,Large Alfresco Eggs
71617,22307,1,"Crackers, Puffed, Lightly Salted Brown Rice"
71617,26209,0,Limes
71617,27845,1,Organic Whole Milk
71617,28476,1,Organic Small Curd Cottage Cheese
71617,35948,0,Tonic Water
71617,35951,1,Organic Unsweetened Almond Milk
71617,38662,1,Roasted Almond Butter
71617,46304,1,Protein Smoothie Choc-a-lot Flavor
71685,12341,1,Hass Avocados
71685,16283,0,Fresh Asparagus
71685,26914,1,Bean & Cheese Burrito
71685,30827,1,Seedless Cucumbers
71757,18246,1,Gluten-Free Butter Shortbread with Agave Syrup
71757,22888,1,90% Lean Ground Beef
71757,27626,1,Ripened Raspberry Fruit Leather
71757,34466,1,Sweet Potatoes
71757,41404,1,"Dark Chocolate, Stone Ground, Organic, Toffee Almond & Sea Salt"
71902,2078,1,Unsalted Pure Irish Butter
71902,28476,1,Organic Small Curd Cottage Cheese
72047,12163,0,Organic Coconut Bliss Frozen Dessert
72047,15110,0,Spry Chewing Gum With Xylitol Green Tea
72047,31533,0,Spinach Feta in a Pocket Sandwich
72047,31563,0,Gluten Free Black Bean and Quinoa Burrito
72047,35946,0,Made With Organic Beans & Rice Burrito Non-Dairy
72047,41063,0,Chia Protein Bar Dark Chocolate Coconut Sea Salt
72047,49416,0,Organic Gluten Free Non-Dairy Beans & Rice Burrito
72115,26209,1,Limes
72115,47626,1,Large Lemon
72501,673,0,Chicken Base
72501,1529,0,"Parsley, Italian (Flat), New England Grown"
72501,5876,1,Organic Lemon
72501,10266,0,Organic Olive Oil & Balsamic Vinaigrette
72501,11383,0,Original Soda Crackers
72501,14147,0,Sweet Cream Salted Butter
72501,16759,0,Organic Carrot Bunch
72501,23352,0,Large Deep Dish Containers + Lids
72501,29520,0,Slider Gallon Freezer Bag
72501,31717,1,Organic Cilantro
72501,33948,0,"To Go Lunch Containers With Lids, Medium Rounds with Dressing Cups"
72501,36618,0,"12\"" Aluminium Foil"
72501,37646,0,Organic Gala Apples
73011,4920,1,Seedless Red Grapes
73011,9071,1,Navel Oranges Bag
73011,24993,1,Organic Kosher Free Range Chicken Broth
73011,31555,1,Organic Light in Sodium Lentil Vegetable Soup
73011,39993,1,Vine Ripe Tomatoes
73011,40706,1,Organic Grape Tomatoes
73011,42265,1,Organic Baby Carrots
73011,44299,1,Healthy Organic Vinaigrette
73011,48485,1,Soups Mushroom Bisque with Porcini
73011,49683,1,Cucumber Kirby
73023,5025,0,Green Onions
73023,7657,0,Hair Shampoos
73023,21903,1,Organic Baby Spinach
73023,30391,1,Organic Cucumber
73023,47229,1,Bag of Organic Fuji Apples
73256,15050,1,Fresh Alfredo
73256,24852,1,Banana
73256,39921,1,Lemon Lime Soda
73256,40334,1,Organic White Pita Bread
73256,41950,1,Organic Tomato Cluster
73256,44071,1,Sticky Toffee Pudding
73256,46979,1,Asparagus
73544,5194,1,Organic Bunny Fruit Snacks Berry Patch
73544,16254,1,ZBar Organic Chocolate Brownie Energy Snack
73544,17616,1,Goldfish Cheddar Baked Snack Crackers
73544,25985,1,Chicken & Apple Smoked Chicken Sausage
73544,30233,1,Organic Large Brown Grade AA Cage Free Eggs
73544,34050,1,Orange Juice
73544,39491,0,Pirate's Booty Aged White Cheddar Baked Rice and Corn Puffs
73670,4920,1,Seedless Red Grapes
73670,5031,1,Medium Salsa Roja
73670,5785,1,Organic Reduced Fat 2% Milk
73670,6348,0,Mini Original Babybel Cheese
73670,13646,1,Lemon Hummus
73670,14161,0,Kiwi
73670,20628,1,Cilantro Chili
73670,21614,0,Crackers Harvest Whole Wheat
73670,22825,1,Organic D'Anjou Pears
73670,24852,1,Banana
73670,25340,0,Large Yellow Flesh Nectarine
73670,25837,1,Mini Babybel Light Semisoft Edam Cheeses
73670,27086,1,Half & Half
73670,31557,0,White Nectarine
73670,31915,0,Organic Red Delicious Apple
73670,39275,0,Organic Blueberries
73670,41787,0,Bartlett Pears
73865,4931,0,Sesame Sticks
73865,5547,0,Roasted Sesame Seaweed Snacks
73865,16185,1,Sharp Cheddar Cheese
73865,19350,0,"Yogurt, Lowfat, Organic, Vanilla Bean"
73865,26911,0,Kale Krunch The Original Quite Cheezy
73865,28438,0,Pork Jerky Grilled Sweet Teriyaki
73865,41230,0,Snackers Seedlander
74056,5479,1,Italian Sparkling Mineral Water
74056,15290,1,Orange Bell Pepper
74056,18011,1,Espresso Dark Roast Ground Coffee
74056,20574,1,Roasted Turkey
74056,21938,1,Green Bell Pepper
74056,26209,1,Limes
74056,27104,1,Fresh Cauliflower
74056,27999,1,Organic Brussel Sprouts
74056,28842,1,Bunched Cilantro
74056,31307,1,Korean Kimchi
74056,38662,1,Roasted Almond Butter
74056,39877,1,Organic Granny Smith Apple
74056,44795,1,Minneola Tangelo
74056,47299,0,Yellowfin Tuna Steak
74056,48745,1,Globe Eggplant
74157,7948,1,Organic Unsalted Butter
74157,8193,1,Russet Potato
74157,18465,1,Organic Grade A Free Range Large Brown Eggs
74157,19570,0,Sunburst Tangerine
74157,21903,1,Organic Baby Spinach
74157,28597,1,Organic Stoneground Wheat Crackers
74157,35321,1,Organic Lowfat Milk
74157,41950,1,Organic Tomato Cluster
74157,43122,1,Organic Bartlett Pear
74157,44955,1,Organic Ambrosia Apples
74157,47209,1,Organic Hass Avocado
74157,47672,1,Uncured Hickory Smoked Sunday Bacon
74162,6263,1,Vinter's Collection Chardonnay
74162,7644,1,Scoops! Tortilla Chips
74162,14875,0,Soft & Smooth Whole Grain White Bread
74162,16148,0,Mozzarella Sticks With Marinara Sauce
74162,23313,1,Mac & Cheese
74162,37645,1,Original Flavor Bean Dip
74162,37654,1,Butter with Canola Oil Spread
74162,39988,0,Sliced Smoked Atlantic Nova Salmon
74162,46842,1,Plain Pre-Sliced Bagels
74162,49139,1,Salsa Con Queso Medium
74294,5876,0,Organic Lemon
74294,7781,0,Organic Sticks Low Moisture Part Skim Mozzarella String Cheese
74294,7862,0,Raw Shrimp
74294,13838,0,Natural Free & Clear Dish Liquid
74294,26209,0,Limes
74294,29898,0,Organic Spaghetti Pasta
74294,34969,0,Red Vine Tomato
74294,37029,0,Cream Cheese Spread
74294,43504,0,Organic Chicken Strips
74294,43961,0,Organic Peeled Whole Baby Carrots
74336,1025,1,Organic Fresh Basil
74336,1244,1,Organic Orange Bell Pepper
74336,2825,1,Organic Original Hommus
74336,8174,1,Organic Navel Orange
74336,9028,1,Virginia Ham
74336,10749,1,Organic Red Bell Pepper
74336,13176,1,Bag of Organic Bananas
74336,21709,1,Sparkling Lemon Water
74336,21903,1,Organic Baby Spinach
74336,21938,1,Green Bell Pepper
74336,22935,1,Organic Yellow Onion
74336,24964,1,Organic Garlic
74336,27104,1,Fresh Cauliflower
74336,27695,1,Natural Chicken & Sage Breakfast Sausage
74336,27966,1,Organic Raspberries
74336,32429,1,Red Mango
74336,33120,1,Organic Egg Whites
74336,34126,1,Organic Italian Parsley Bunch
74336,35140,1,Organic Whole Cashews
74336,39275,1,Organic Blueberries
74336,39928,1,Organic Kiwi
74336,41950,1,Organic Tomato Cluster
74336,42790,0,Pomegranate Fig Bar
74336,43768,1,Organic Bell Pepper
74336,43961,1,Organic Peeled Whole Baby Carrots
74336,45007,1,Organic Zucchini
74336,46667,1,Organic Ginger Root
74336,47209,1,Organic Hass Avocado
74336,49191,1,Cran Raspberry Sparkling Water
74336,49520,1,Orange Sparkling Water
74377,481,0,Black Peppercorns
74377,1511,1,2% Reduced Fat DHA Omega-3 Reduced Fat Milk
74377,3007,1,Natural Anticavity Silly Strawberry Fluoride Toothpaste for Children
74377,3899,1,Chocolate Fudge Bite-lettes
74377,8138,1,Traditional Hummus
74377,8277,1,Apple Honeycrisp Organic
74377,9337,0,Purity Farms Ghee Clarified Butter
74377,21137,1,Organic Strawberries
74377,22935,1,Organic Yellow Onion
74377,24964,1,Organic Garlic
74377,25256,1,Cultured Low Fat Buttermilk
74377,25425,0,Organic Petite Diced Tomatoes
74377,25659,0,Organic Coconut Milk
74377,26604,1,Organic Blackberries
74377,26790,0,Organic AppleApple
74377,27122,1,Part Skim Mozzarella Cheese
74377,31717,0,Organic Cilantro
74377,31865,1,Four Cheese Ravioli
74377,31995,1,Imported Unsalted Butter
74377,35084,1,Wheat Organic Bread
74377,38164,1,Almonds & Sea Salt in Dark Chocolate
74377,38777,1,Organic Green Seedless Grapes
74377,42265,1,Organic Baby Carrots
74377,46667,0,Organic Ginger Root
74377,47766,1,Organic Avocado
74590,4724,1,Broccoli Florettes
74590,21903,0,Organic Baby Spinach
74590,44368,1,Fresh Mozzarella Cheese
74819,8204,0,Traditional Favorites Tomato & Basil Pasta Sauce
74819,16797,0,Strawberries
74819,32677,0,Bag of Key Limes
74819,45511,0,Extra Beer Bottles
74819,47144,0,Unsweetened Original Almond Breeze Almond Milk
74942,12551,0,Natural Stain Remover
74942,49113,1,Tall Kitchen Drawstring Bags
75357,1468,1,Organic Peeled & Cooked Beets
75357,4605,1,Yellow Onions
75357,8277,1,Apple Honeycrisp Organic
75357,8518,1,Organic Red Onion
75357,8607,1,Mango Slices
75357,10447,0,Pearled Barley
75357,14867,1,Honey Bunny Grahams
75357,17794,0,Carrots
75357,21903,1,Organic Baby Spinach
75357,24852,1,Banana
75357,30480,0,"Tomatoes, Whole Peeled"
75357,32578,1,Organic Fresh Squeezed Orange Juice
75357,35221,1,Lime Sparkling Water
75357,35725,0,Organic Oregano
75357,36180,0,Red Kidney Beans
75357,41273,0,Broccoli Florets
75357,42617,0,Organic Great Northern Beans
75357,42768,0,Organic Garbanzo Beans
75357,44632,1,Sparkling Water Grapefruit
75357,45535,1,Organic Low Sodium Chicken Broth
75357,46962,0,Organic Ground Cumin
75357,48679,1,Organic Garnet Sweet Potato (Yam)
75431,7131,1,Light Semisoft Cheese
75431,8859,1,Natural Spring Water
75431,13176,1,Bag of Organic Bananas
75431,13512,0,Organic Smoked Chicken Breast
75431,21872,1,Organic Italian Salad
75431,22247,1,Organic Chives
75431,30252,1,Organic Soft Wheat Bread
75431,30391,1,Organic Cucumber
75431,35951,1,Organic Unsweetened Almond Milk
75431,38159,1,Organic Yellow Peaches
75431,47209,1,Organic Hass Avocado
75431,47740,0,Dijon Honey Mustard Dressing
75609,863,1,ArtiHearts Fresh Grilled Artichokes
75609,4086,1,Mint
75609,5451,1,Organic Zucchini Spirals
75609,10749,1,Organic Red Bell Pepper
75609,13080,1,Organic Turmeric Ginger Tonic
75609,15872,1,Celery Hearts
75609,17619,0,Premium Fish Sauce
75609,18689,1,Dairy-Free Chive Cream Cheese
75609,21137,0,Organic Strawberries
75609,21903,1,Organic Baby Spinach
75609,22247,0,Organic Chives
75609,24852,1,Banana
75609,27104,1,Fresh Cauliflower
75609,44359,1,Organic Small Bunch Celery
75609,45007,1,Organic Zucchini
75609,46667,0,Organic Ginger Root
75609,47144,1,Unsweetened Original Almond Breeze Almond Milk
75609,47512,1,Lite Energy Drink
75609,48017,0,Organic Hoisin Sauce
75664,204,1,Free & Clear Natural Laundry Detergent For Sensitive Skin
75664,1693,1,Natural Blue Eucalyptus & Lavender 42 Loads Liquid Fabric Softener
75664,2780,0,Diced Red Onions
75664,7177,0,Mini Babybel Mozzarella Cheese
75664,12385,0,"Vegetable Base, Organic"
75664,13292,1,"Juice Beverage, Cold Pressed, Kale Apple Ginger Romaine Spinach Cucumber Celery Parsley Lemon"
75664,17213,1,Organic Montebello Tagliatelle Italian Pasta
75664,19057,1,Organic Large Extra Fancy Fuji Apple
75664,20323,1,Strained Tomatoes
75664,21137,1,Organic Strawberries
75664,24964,1,Organic Garlic
75664,27336,1,Organic Rainbow Carrots
75664,27845,1,Organic Whole Milk
75664,30664,0,Organic Beef Base
75664,35166,1,Double Concentrated Tomato Paste in Tube
75664,43772,1,Cherubs Heavenly Salad Tomatoes
75762,17461,1,Air Chilled Organic Boneless Skinless Chicken Breasts
75762,24082,1,Organic Dark Sweet Cherries
75762,24964,1,Organic Garlic
75762,37220,1,Organic Strawberry Fruit Spread
75762,43394,1,Organic Lactose Free Whole Milk
75762,46558,0,100% Whole Wheat Burger Buns
75947,12149,0,Grade AA Extra Large Eggs
75947,21616,1,Organic Baby Arugula
75947,24563,0,Natural Pepper Jack Cheese
75947,26586,0,Quart Sized  Easy Open Freezer Bags
75947,41787,0,Bartlett Pears
75947,45681,0,Americone Dream® Ice Cream
76229,2397,0,Caramel Sea Salt Macaroons
76229,6760,0,Organic Iced Green Tea
76229,8654,0,Pasta Joy Ready Organic Brown Rice Pasta Penne
76229,10199,1,Watermelon Agave Frozen Pops
76229,12206,0,Basil Pesto
76229,12254,0,Organic Cherries
76229,12674,1,Cocoa Noir Cold Brew Coffee With Almondmilk
76229,28904,0,Peanut Butter Fudge Ripple Ice Cream
76229,30391,1,Organic Cucumber
76229,32281,0,Persian Lime Miracle Tart
76229,35815,1,Dairy Free Gluten Free Chocolate Almond Butter Miracle Tart
76229,41774,1,XX Espresso Iced Coffee With Almond Milk
76229,47652,0,Coconut Almond Minis Frozen Dessert Bars
76229,49510,1,"Lentil Chips, Aged White Cheddar"
76272,8670,1,Diced Tomatoes
76272,11974,1,Goat Milk Yogurt Vanilla
76272,18581,1,Organic 14 Grain Bread
76272,19057,1,Organic Large Extra Fancy Fuji Apple
76272,20906,1,"Rice and Corn Puffs, Baked, Veggie"
76272,22935,1,Organic Yellow Onion
76272,26272,1,Premium Natural Mixers Club Soda
76272,38847,1,Organic Whole Kernel Unrefined Coconut Oil
76298,260,1,Cantaloupe
76298,1511,1,2% Reduced Fat DHA Omega-3 Reduced Fat Milk
76298,2326,0,Organic Blueberry Waffles
76298,4350,0,Mushroom And Ricotta Ravioli
76298,5449,0,Margherita Pizza
76298,5618,0,Cauliflower
76298,6750,0,Cheese Ravioli with Sauce Bowls
76298,9124,0,Broccoli & Cheddar Bake Meal Bowl
76298,9385,1,Hazelnut Bite Size Wafer Cookies
76298,9689,1,Whole Hearts of Palm
76298,15649,0,Baby Seedless Cucumbers
76298,16797,0,Strawberries
76298,19048,0,Organic Butternut Squash
76298,19051,1,"Pita Chips, Simply Naked, Party Size"
76298,19660,0,Spring Water
76298,21903,1,Organic Baby Spinach
76298,22559,1,Kitchen Cheese Enchilada
76298,22825,1,Organic D'Anjou Pears
76298,24964,0,Organic Garlic
76298,27966,0,Organic Raspberries
76298,28204,0,Organic Fuji Apple
76298,31717,0,Organic Cilantro
76298,31766,0,Cheese Pizza Snacks
76298,37011,1,Artichokes
76298,37646,0,Organic Gala Apples
76298,39275,1,Organic Blueberries
76298,41950,1,Organic Tomato Cluster
76298,45007,0,Organic Zucchini
76298,46979,0,Asparagus
76298,47626,0,Large Lemon
76298,47788,1,Honeydew Melon
76298,48171,0,Shredded Hash Browns
76298,48395,0,Original Rice Pilaf Mix
76298,48485,1,Soups Mushroom Bisque with Porcini
76298,49383,1,Organic Bunch Beets
76298,49683,1,Cucumber Kirby
76309,8022,0,Spinach Pizza
76309,9124,0,Broccoli & Cheddar Bake Meal Bowl
76309,12341,0,Hass Avocados
76309,12592,0,"Miso, Organic, Mellow, White"
76309,13885,1,Caramel Cookie Crunch Gelato
76309,18531,1,Organic Heavy Whipping Cream
76309,21903,0,Organic Baby Spinach
76309,22935,1,Organic Yellow Onion
76309,24964,0,Organic Garlic
76309,27845,1,Organic Whole Milk
76309,27966,1,Organic Raspberries
76309,33198,0,Sparkling Natural Mineral Water
76309,34214,0,Pesto Pizza
76309,35595,1,Organic Large Grade AA Eggs
76309,35887,1,Organic Mixed Vegetables
76309,38003,1,Sicilian Pistachio
76309,39275,1,Organic Blueberries
76309,45613,0,Pad Thai
76309,49075,0,Organic Brown Rice
76503,5883,1,Organic Strawberry Lemonade
76503,9825,1,Organic Multigrain Waffles
76503,18523,0,Total 2% All Natural Greek Strained Yogurt with Honey
76503,18923,0,Organic Minestrone Soup
76503,20574,0,Roasted Turkey
76503,20876,1,Crunchy Peanut Butter Energy Bar
76503,21500,0,Gluten Free Vegetable Dumplings
76503,23192,0,Chocolate Whole Grain Graham Snacks Bunny Grahams
76503,26282,0,"Organic Snack Mix Bunnies Snack Mix, Organic"
76503,28934,0,Frozen Broccoli Florets
76503,28985,1,Michigan Organic Kale
76503,31433,0,Organic Cinnamon Crunch Cereal
76503,38273,0,Marinara Pasta Sauce
76503,38622,0,Cheddar Snack Crackers Cheddar Bunnies
76503,40852,1,Lactose Free Fat Free Milk
76503,43961,1,Organic Peeled Whole Baby Carrots
76503,45104,1,ALMONDBREEZE UNSWEETENED
76503,45535,0,Organic Low Sodium Chicken Broth
76503,45645,1,Dark Chocolate Nuts & Sea Salt Bars
76503,46692,0,Multigrain Tortilla Chips
76652,196,1,Soda
76652,22802,1,Mineral Water
77160,2447,1,3 lb Clementines
77160,5073,1,Kombucha  Bilberry No. 9
77160,7781,1,Organic Sticks Low Moisture Part Skim Mozzarella String Cheese
77160,16398,1,Guava Goddess Organic Kambucha
77160,24841,1,Aged White Cheddar Baked Rice & Corn Puffs Gluten Free Lunch Packs
77160,24852,1,Banana
77160,35914,1,Dha Omega 3 Reduced Fat 2% Milk
77160,38558,1,Organic Low Fat Cottage Cheese
77160,44548,1,Barbecue Potato Chips
77160,45279,1,Organic Fat Free Dha Omega 3 Milk
77160,47626,1,Large Lemon
77160,49111,1,Original Instant Oatmeal
77887,4485,1,Cinnamon Raisin Granola
77887,5015,0,Organic Cottage Cheese Classic
77887,13176,0,Bag of Organic Bananas
77887,22935,1,Organic Yellow Onion
77887,25647,0,Heirloom Tomato
77887,28476,0,Organic Small Curd Cottage Cheese
77887,31717,1,Organic Cilantro
77887,35547,1,Organic Baby Kale
77887,43221,1,Egg Salad
77887,47209,1,Organic Hass Avocado
77887,48487,0,Blue Corn Taco Dinner Kit
77906,2841,0,8 Hot Dog Buns
77906,30827,1,Seedless Cucumbers
77906,33000,1,Pure Irish Butter
77965,2180,0,Angel Hair Pasta
77965,5994,0,Traditional Refried Beans
77965,7649,1,Whole Wheat Tandoori Naan
77965,9839,1,Organic Broccoli
77965,13176,1,Bag of Organic Bananas
77965,21137,1,Organic Strawberries
77965,21945,0,"Renewal Cream, Brightening, Probiotic +C"
77965,22170,1,Organic Multigrain with Flax English Muffins
77965,22825,1,Organic D'Anjou Pears
77965,25133,1,Organic String Cheese
77965,30756,0,Mandarin Clementine  Bag
77965,39275,1,Organic Blueberries
77965,44471,0,Free & Clear Unscented Baby Wipes
77965,49608,0,"Certified Organic Spanish Style Rice With Quinoa, Red Bell Peppers & Corn"
78159,8203,0,Ground Ginger
78159,9327,0,Garlic Powder
78159,13535,0,Organic Medium Salsa
78159,18963,0,Apple Cider Vinegar
78159,21616,0,Organic Baby Arugula
78159,21903,0,Organic Baby Spinach
78159,24852,1,Banana
78159,34374,0,"Chick Peas, Garbanzos"
78159,39475,0,Total Greek Strained Yogurt
78159,46667,0,Organic Ginger Root
78224,5959,0,Four Cheese Thin Crust Pizza
78224,7559,0,Cinnamon Rolls with Icing
78224,10527,0,Whipped Butter
78224,11068,0,Medium Cheddar Cheese Block
78224,12252,0,Organic Chocolate  Chip Cookie Vanilla Bean Ice Cream Sandwiches
78224,20345,0,Thin Crust Pepperoni Pizza
78224,21019,0,Roasted Red Pepper Hummus
78224,22298,0,Yo Baby Organic Whole Milk Banana Mango Yogurt
78224,23554,0,Organic Vanilla Bean Ice Cream
78224,23909,0,2% Reduced Fat Milk
78224,25093,0,Colby Jack Cheese
78224,31257,0,Vegan Chocolate Chip Mini Muffins
78224,38250,0,Cheddar Squares Cheddar Squares
78224,42828,0,Whipped Cream Cheese
78224,43961,0,Organic Peeled Whole Baby Carrots
78224,44765,0,Colby Cheese Sticks
78334,1158,1,Mango Chunks
78334,12872,0,Penne Rigate
78334,15392,0,Organic Mayonnaise
78334,15902,1,100 Calorie  Per Bag Popcorn
78334,46992,1,Real Cheddar Baked Cheese Puffs
78543,2295,0,Yellow Bell Pepper
78543,8518,0,Organic Red Onion
78543,10749,0,Organic Red Bell Pepper
78543,17009,0,Organic Whole Grain Tri-Color Quinoa
78543,20114,0,Jalapeno Peppers
78543,21452,0,Whole Milk Pure Honey Pear
78543,25495,0,Flip™ Low-Fat Key Lime Crumble Greek Yogurt
78543,26497,0,Romaine Lettuce
78543,38383,0,Organic White Onions
78543,42768,0,Organic Garbanzo Beans
78543,46720,0,Organic Free Range Chicken Broth
78696,8806,0,Original Roast Coffee
78696,16953,0,Creamy Peanut Butter
78696,20161,0,100% Liquid Egg Whites
78696,22882,0,Light Mozzarella String Cheese
78696,24852,0,Banana
78696,28241,0,Traditional Sweet Basil Pasta Sauce
78696,33827,0,Fat Free French Vanilla Creamer
78696,43209,0,Large Eggs
78696,44860,0,Natural Whole Grain Boil In Bag Brown Rice
78696,45646,0,Grated Parmesan Cheese
78696,49279,0,Turkey Store Lean Ground Turkey
78696,49630,0,Cut Leaf Spinach
78735,20518,1,"Club Delight Sausage, Egg, & Cheese Sandwiches"
78735,27839,1,49 Flavors Jelly Belly Jelly Beans
78735,42392,1,Mozzarella di Bufala Campana
78921,13525,0,Balsamic Vinegar
78921,31506,0,Extra Virgin Olive Oil
79345,13176,1,Bag of Organic Bananas
79345,15763,1,PastaJoy Brown Rice Pasta Elbow
79345,40233,1,Organic Kosher Dill Pickles
79345,40706,1,Organic Grape Tomatoes
79509,4620,1,Ginger Root
79509,21903,1,Organic Baby Spinach
79509,24135,0,Oranges
79509,35886,1,Organic Blueberries Clamshell
79509,43352,1,Raspberries
79708,781,1,Organic Shredded Mild Cheddar
79708,1938,1,Beef Stew Meat
79708,2314,0,Whole Milk Ricotta Cheese
79708,6104,0,Whole Milk Plain Yogurt
79708,7649,0,Whole Wheat Tandoori Naan
79708,21938,1,Green Bell Pepper
79708,22534,0,Kashmiri Curry Mild Indian Simmer Sauce
79708,22935,1,Organic Yellow Onion
79708,27845,1,Organic Whole Milk
79708,40992,1,Chopped Tomatoes
79728,1025,1,Organic Fresh Basil
79728,8479,0,Original Black Box Tablewater Cracker
79728,12748,0,Mexican Style Hominy
79728,13636,0,100% Natural Diced Fire Roasted Tomatoes
79728,14992,1,Green Beans
79728,22247,0,Organic Chives
79728,28606,1,Vanilla Wafers
79728,31553,1,Fresh Ginger Root
79728,37726,1,Juicy Limes
79728,45938,0,Best Cannellini White Kidney Beans
79857,4149,1,Frozen Organic Blueberries
79857,12341,1,Hass Avocados
79857,21903,1,Organic Baby Spinach
80527,1498,1,Creamy Chicken & Dumplings Soup
80527,3599,1,Baked Aged White Cheddar Rice and Corn Puffs
80527,4091,1,Kosher Whole Dill Pickles
80527,5111,1,Whole Cranberries Dipped in Dark Chocolate
80527,6348,1,Mini Original Babybel Cheese
80527,6508,0,Oh My Yog! Madagascar Vanilla Trilayer Yogyurt
80527,9387,1,Granny Smith Apples
80527,11773,1,Classic Roast Medium Ground Coffee
80527,12745,0,"Yogurt, Lowfat, Strawberry"
80527,13176,1,Bag of Organic Bananas
80527,17151,1,Honey Maid Cinnamon Grahams
80527,17931,1,Reduced Fat Crackers
80527,19389,1,Shredded Low-Moisture Part-Skim Mozzarella Cheese
80527,19765,0,Rice & Wild Rice Original Rice & Seasoning Mix
80527,21614,1,Crackers Harvest Whole Wheat
80527,22017,1,Honey Wheat Braided Twists
80527,24464,1,Crunchy Apple Chips Cinnamon
80527,25886,0,Wild Blend Rice
80527,27239,1,Bits Cheese Cracker Sandwiches
80527,30532,1,Chunky New England Clam Chowder
80527,30620,0,Roasted Garlic & Olive Oil Pearled Couscous
80527,31288,0,Lowfat Key Lime Yogurt
80527,31423,1,Vegetable Classics Tomato Basil
80527,32476,1,Garlic & Herb Bread Crumbs
80527,32689,0,Romaine Hearts
80527,34128,1,Tzatziki
80527,35877,1,Meaty Ground Dinner With Chopped Chicken Dog Food
80527,36496,0,Oh My Yog! Trilayer Yogurt Apple Cinnamon
80527,37286,1,Brown & Wild Ready Whole Grain Medley
80527,41319,1,Sea Salt Caramel Gelato
80527,41808,1,Pure Leaf Unsweetened Real Brewed Tea
80527,43867,1,100% Grated Parmesan Cheese
80527,43876,1,Crumbled Goat Cheese
80527,44949,1,Organic Lowfat French Vanilla Yogurt
80527,47630,1,Medium Navel Orange
80527,47788,1,Honeydew Melon
80527,49352,1,Natural Extra Sharp Cheddar Cheese
80606,1511,1,2% Reduced Fat DHA Omega-3 Reduced Fat Milk
80606,2078,0,Unsalted Pure Irish Butter
80606,16830,1,Le Gruyere Cheese
80606,18918,0,Organic Chopped Spinach
80606,25146,1,Original Orange Juice
80606,33000,1,Pure Irish Butter
80606,44632,1,Sparkling Water Grapefruit
80715,11182,1,Baby Spinach
80715,14870,1,Icelandic Style Fat Free Plain Yogurt
80715,15693,1,Organic Peach Oo La Long Tea
80715,20178,1,Organic Quinoa Dark Chocolate Bar
80715,23579,1,Peanut Butter Chocolate Chip Fruit & Nut Food Bar
80715,24838,1,Unsweetened Almondmilk
80715,25305,1,Cold Brew Coffee Nitro Can
80715,27104,0,Fresh Cauliflower
80715,31371,1,Whole Wheat English Muffins
80715,41774,1,XX Espresso Iced Coffee With Almond Milk
80715,42265,1,Organic Baby Carrots
80715,42445,0,Organic Plain Whole Milk Yogurt
80715,42719,1,Natural Premium Coconut Water
80715,43768,1,Organic Bell Pepper
80788,4681,0,On the Go Raspberry Lemonade
80788,11814,0,Ocean Whitefish
80788,13858,0,Organic All Stars Pasta In Tomato & Cheese Sauce
80788,14576,0,Delights Turkey Sausage Egg Whites & Cheese English Muffin
80788,19174,1,Chicken Enchilada Bowl
80788,20208,0,Savory Chicken in Gravy Cat Food
80788,24098,0,Original Lemonade Mix Packets
80788,24751,0,Flaked Tuna
80788,46285,0,Premium Classic Chicken Recipe Cat Food
81652,3172,1,Organic California Veggie Burger
81652,11945,0,Organic Gluten & Wheat Free Homestyle Waffles
81652,14764,1,Organic Sprouted Wheat Bagels
81652,16589,1,Plantain Chips
81652,20382,1,Natural Honey Peanut Butter
81652,23909,1,2% Reduced Fat Milk
81652,25931,1,Organic Baby Spinach Salad
81652,32030,1,Extra Sharp White Cheddar
81652,43504,1,Organic Chicken Strips
82232,34148,0,Variety of Anitoxidant Infusions Cans
82232,35470,1,Water Mineral
82232,44088,1,Ibuprofen Tablets 200 Mg
82277,14161,0,Kiwi
82277,21137,1,Organic Strawberries
82277,27845,1,Organic Whole Milk
82277,30442,1,Low Fat Vanilla Yogurt
82277,39180,1,Organic Lowfat 1% Milk
82277,42828,0,Whipped Cream Cheese
82277,43087,0,Crackers Bunny Graham Friends Snack Packs
82352,4605,1,Yellow Onions
82352,5077,0,100% Whole Wheat Bread
82352,6873,0,Organic Iceberg Lettuce
82352,9092,0,Organic Vegetable Broth
82352,14267,0,Organic Refried Black Beans
82352,16145,0,Organic Cannellini Beans
82352,16797,1,Strawberries
82352,17224,1,Oats & Honey Gluten Free Granola
82352,20114,1,Jalapeno Peppers
82352,22451,1,Crinkle Cut French Fries
82352,22888,1,90% Lean Ground Beef
82352,27541,1,Plain Greek Nonfat Yogurt
82352,34496,0,Alfredo Pasta Sauce
82352,35167,1,Organic Spicy Taco Seasoning
82352,37220,0,Organic Strawberry Fruit Spread
82352,42557,1,Crunchy Almond Butter
82352,43713,0,Organic Creamy Peanut Butter
82352,44781,0,"0% Greek, Blueberry on the Bottom Yogurt"
82352,45646,0,Grated Parmesan Cheese
82352,47144,1,Unsweetened Original Almond Breeze Almond Milk
82429,5240,1,Spaghetti  No 12
82429,13885,0,Caramel Cookie Crunch Gelato
82429,14947,1,Pure Sparkling Water
82429,20345,1,Thin Crust Pepperoni Pizza
82429,26307,0,Aged Red Wine Vinegar
82685,12395,1,Plain Goat Milk Yogurt
82822,1463,1,Organic Milk
82822,5449,1,Margherita Pizza
82822,6489,1,Backyard Barbeque Potato Chips
82822,12576,0,Kiwi Sandia Sparkling Water
82822,19816,1,Sonoma Traditional Flour Tortillas 10 Count
82822,21329,1,Organic Hearty Split Pea & Uncured Ham Soup
82822,27392,1,Strawberry Organic Kefir
82822,39557,1,Organic Premium Raspberry Spread
82822,39947,0,Blackberry Cucumber Sparkling Water
82822,40910,0,Root Beer
82883,3957,1,100% Raw Coconut Water
82883,6377,0,Raspberry Chocolate Chip Gelato
82883,17807,0,Gluten Free Blueberry Waffles
82883,21903,1,Organic Baby Spinach
82883,24852,1,Banana
82883,28682,0,Chocolate Peanut Butter Cup Gelato
83257,18288,0,Sea Salt Potato Chips
83257,23734,1,Sour Cream
83257,27086,1,Half & Half
83257,48205,1,Spinach
83514,4605,1,Yellow Onions
83514,6615,0,Mozzarella Cheese
83514,10749,1,Organic Red Bell Pepper
83514,15290,1,Orange Bell Pepper
83514,18465,1,Organic Grade A Free Range Large Brown Eggs
83514,24964,1,Organic Garlic
83514,36178,0,Rao's Homemade Roasted Garlic Sauce
83514,38647,1,Organic Raw Sharp Cheddar Cheese
83514,44632,1,Sparkling Water Grapefruit
83514,46505,1,Organic Long Grain Brown Rice
83514,47209,1,Organic Hass Avocado
83588,1359,0,Organic Turmeric
83588,7707,0,Pure Pomegranate Juice
83588,10246,1,Organic Celery Hearts
83588,11819,0,Laundry Detergent Free & Clear
83588,12597,1,Organic Bakery Tortillas Whole Spelt
83588,14651,1,Tommy/Kent/Keitt/Haden Mango
83588,21137,1,Organic Strawberries
83588,22723,0,"Mellow Mood Relaxation, Honey & Green Tea, Decaffeinated"
83588,28204,1,Organic Fuji Apple
83588,31040,1,Sea Salt Pita Chips
83588,31343,0,Shredded Mild Cheddar Cheese
83588,35951,0,Organic Unsweetened Almond Milk
83588,38779,0,Asian Yogurt Mango & Coconut
83588,40706,0,Organic Grape Tomatoes
83588,42241,1,Organic Lightly Sweetened Sunflower Seed Butter
83588,42265,1,Organic Baby Carrots
83588,43122,1,Organic Bartlett Pear
83588,44845,0,Raw Cashew Nut Butter
83588,44910,1,Organic Spring Mix Salad
83588,48057,1,"Hummus, Hope, Original Recipe"
83635,26848,0,Swiss Cheese Block
83635,28156,1,Total 0% Nonfat Plain Greek Yogurt
83635,36117,1,Soft 10 Grain Bread
83635,42450,1,Macaroni & Cheese
83635,43504,0,Organic Chicken Strips
83635,45104,0,ALMONDBREEZE UNSWEETENED
84037,18762,0,Scented Oil Warmer
84037,20225,0,Acidophilus Probiotic Tablets - 100 CT
84203,5876,1,Organic Lemon
84203,7737,0,Sweet Butternut Squash Ravioli
84203,16759,1,Organic Carrot Bunch
84203,21387,0,Non-Fat Vanilla Yogurt
84203,21903,1,Organic Baby Spinach
84203,22025,1,YoBaby Blueberry Apple Yogurt
84203,22292,0,Organix Butcher & Bushel Chicken Wing & Thigh Grain Free Adult Dog Food
84203,24115,0,Good Buddy Beef Jerky Dog Treat
84203,27392,0,Strawberry Organic Kefir
84203,29447,1,"Milk, Organic, Vitamin D"
84203,30391,0,Organic Cucumber
84203,36036,1,Organic Orange Fruit Juice
84203,36550,1,Organic Extra Large Grade AA Brown Eggs
84203,39928,0,Organic Kiwi
84203,47209,1,Organic Hass Avocado
84703,17316,0,Vitamin D Organic Whole Milk
84703,21137,0,Organic Strawberries
84703,27695,0,Natural Chicken & Sage Breakfast Sausage
84703,33198,1,Sparkling Natural Mineral Water
84703,41649,1,Artesian Still Water
84703,44765,1,Colby Cheese Sticks
84847,8022,1,Spinach Pizza
84847,11078,0,Macaroni Elbows
84847,22025,1,YoBaby Blueberry Apple Yogurt
84847,43295,1,Unsweetened Vanilla Almond Milk
84870,7076,0,Grain Free Chicken Formula Cat Food
84870,10863,0,Grain Free Turkey & Salmon Formula Cat Food
84870,17766,0,Grain Free Turkey Formula Cat Food
84870,17835,1,Thin & Light Tortilla Chips
84870,19938,0,Extra Wide Egg Noodles
84870,21903,0,Organic Baby Spinach
84870,27845,1,Organic Whole Milk
84870,32655,1,Organic Large Grade AA Brown Eggs
84870,39328,1,Organic Mexican Chocolate Ice Cream
84870,41433,1,Fresh Roasted Tomate & Chile Asado Medium Salsa
84870,43154,1,Sparkling Mineral Water
84870,49023,1,Breakfast Burrito
84974,2235,1,Peach Mango Green Tea Drink Mix
84974,16953,1,Creamy Peanut Butter
84974,27841,1,White Whole Mushrooms
84974,35383,1,Classic White Bread
85085,11576,1,Corn Chips
85085,13852,0,Organic Broccoli Crown
85085,14896,0,Organic Gluten-Free Chocolate Chip Cookies
85085,25890,0,Boneless Skinless Chicken Breasts
85085,27086,0,Half & Half
85085,33731,1,Grated Parmesan
85085,44278,0,Double Chocolate Chip Cookies
85176,4799,1,Shredded Parmesan
85176,13819,1,Roasted Salted Cashews
85176,23029,0,Organic Uncured Sliced Black Forest Ham
85176,40604,1,Feta Cheese Crumbles
85176,41140,0,Dairy Free Cream Cheese Style Spread Chive & Onion
85359,9438,1,Honey Graham Sticks
85359,14356,1,Organic Trail Mix Pumpkin N Spice Flax Plus Chewy Granola Bars
85359,26790,1,Organic AppleApple
85359,28199,1,"Clementines, Bag"
85359,38313,1,Organic Apple Banana GoGo Squeez
85536,1468,1,Organic Peeled & Cooked Beets
85536,4942,1,Vanilla Almond Breeze
85536,5646,1,Organic Turkey Bacon
85536,7021,1,Organic Tomato Paste
85536,12341,1,Hass Avocados
85536,13176,1,Bag of Organic Bananas
85536,17568,1,Pitted Prunes
85536,24107,1,Organic Whole Grain
85536,26165,1,Electrolyte Enhanced Water
85536,26629,1,Cherry Pie Fruit & Nut Bar
85536,27845,1,Organic Whole Milk
85536,44910,1,Organic Spring Mix Salad
85536,49235,1,Organic Half & Half
85859,3298,1,Mozzarella String Cheese
85859,6184,1,Clementines
85859,10326,1,Organic Fuji Apples
85859,13176,1,Bag of Organic Bananas
85901,2314,0,Whole Milk Ricotta Cheese
85901,3212,0,"Vinegar, Red Wine"
85901,4086,0,Mint
85901,4605,1,Yellow Onions
85901,5373,0,Organic No Salt Added Diced Tomatoes
85901,5479,1,Italian Sparkling Mineral Water
85901,6104,0,Whole Milk Plain Yogurt
85901,10978,0,Organic Tomato Puree
85901,13877,0,Smoked Salmon
85901,18531,1,Organic Heavy Whipping Cream
85901,21137,1,Organic Strawberries
85901,21903,0,Organic Baby Spinach
85901,24964,0,Organic Garlic
85901,26209,0,Limes
85901,27104,0,Fresh Cauliflower
85901,27845,0,Organic Whole Milk
85901,29487,0,Roma Tomato
85901,32734,1,Spaghetti
85901,35824,1,Boneless Chicken Breast
85901,39275,1,Organic Blueberries
85901,41376,0,Ground Veal
85901,41999,1,Cut Tulips (Choose Color)
85901,42625,0,"Flat Parsley, Bunch"
85901,46667,0,Organic Ginger Root
85901,49683,1,Cucumber Kirby
86129,13874,0,Organic Pumpkin
86129,19451,1,Comforting Chamomile Tea
86129,20734,0,Organic Medjool Dates
86129,21616,1,Organic Baby Arugula
86129,22935,0,Organic Yellow Onion
86129,23165,0,Organic Leek
86129,24852,1,Banana
86129,26940,0,Organic Large Green Asparagus
86129,30391,0,Organic Cucumber
86129,37141,1,Dairy Free Coconut Milk Vanilla Yogurt Alternative
86129,40706,0,Organic Grape Tomatoes
86329,38928,1,0% Greek Strained Yogurt
86713,11471,1,Temptations Tasty Chicken Flavor Cat Treats
86713,19688,1,Creamy with Tuna & Vegetables Cat Food
86713,21025,0,Lasagna Pans
86713,34047,1,Classic Soda Mini Bottles
86713,35234,1,2% Low Fat Cottage Cheese
86713,35898,0,Original Hot Sauce
86713,39921,0,Lemon Lime Soda
86713,43932,1,Blissful Catnip Flavor (PS #5160666) Cat Care & Treats
86829,8193,1,Russet Potato
86829,12986,1,Cinnamon Multigrain Cereal
86829,14261,0,Snickers Candy Bars
86829,16560,0,Organic Stage 2 Carrots Baby Food
86829,16589,1,Plantain Chips
86829,24852,1,Banana
86829,27277,0,Organic Stage 1 First Sweet Potatoes
86829,33613,0,Premium Firm Tofu
86829,34503,0,Grape-Nuts Cereal
86829,38755,0,Lentil Beans
87386,5240,1,Spaghetti  No 12
87386,15872,1,Celery Hearts
87386,26800,1,Organic Baby Kale Mix
87386,33290,1,Lemon Verbena Dish Soap
87386,33719,1,French Vanilla Yogurt Vanilla
87386,35510,1,Organic Yukon Gold Potato
87386,48341,1,Tomato Basil Pasta Sauce
87532,5250,0,Blueberry Muffin Bar
87532,9444,0,Original Tortilla Strips
87532,10551,0,Banana Bread Fruit & Nut Bar
87532,10814,0,Applewood Smoked Bacon
87532,11526,0,Napa Cabbage
87532,17704,0,Lemons
87532,20878,0,French Lavender Hand Soap
87532,22935,0,Organic Yellow Onion
87532,23594,0,Medium Salsa
87532,24852,1,Banana
87532,25931,0,Organic Baby Spinach Salad
87532,27845,1,Organic Whole Milk
87532,30571,1,Bare Fruit Banana Chips
87532,31553,0,Fresh Ginger Root
87532,33043,0,Crescent Rolls
87532,35182,0,Gluten Free Cornbread Mix
87532,41757,0,Organic Air Chilled Whole Chicken
87532,42356,0,Strawberry Preserves
87532,47209,0,Organic Hass Avocado
87812,14335,0,Phish Food® Ice Cream
87812,19006,0,Dark Chocolate Pretzels with Sea Salt
87812,39947,0,Blackberry Cucumber Sparkling Water
87812,45747,1,Curate Melon Pomelo Sparking Water
87812,46616,0,Organic Dark Chocolate Peanut Butter Cups
87992,11182,1,Baby Spinach
87992,15958,1,Ultra Deodorant Spray
87992,16554,1,Milk & Honey Body Lotion
87992,21464,0,Multi-Purpose Contact Lens Solution
87992,29165,0,Original Antiseptic Adult Mouthwash
88772,33373,0,Honeycrisp Bag
88772,34040,0,Organic Gut Shot Ginger Beet Probiotic Drink
88972,38689,1,Organic Reduced Fat Milk
89276,6391,1,Organic Cake Mix Vanilla
89276,7693,1,Cran-Raspberry Flavored Sparkling Water
89276,10826,0,Gluten Free Crackers Multigrain
89276,12576,0,Kiwi Sandia Sparkling Water
89276,19051,1,"Pita Chips, Simply Naked, Party Size"
89276,36316,0,Lemon Sparkling Water
89276,37029,0,Cream Cheese Spread
89276,44632,1,Sparkling Water Grapefruit
89276,48577,1,Cream Top Smooth Coffee Yogurt
89276,49374,0,Organic Cultured Cream Cheese Spread
89517,2240,1,Eggo Nutri-Grain Blueberry Waffles
89517,3782,0,"Bread, Jewish Rye"
89517,3856,0,Deli Fresh Smoked Turkey Breast
89517,19766,0,Ultra Thin Slices Swiss Cheese
89517,25513,0,Boomchickapop Sea Salt Popcorn
89517,27796,1,Real Mayonnaise
89517,28911,1,Buttermilk Complete Pancake & Waffle Mix
89517,41453,1,Eggo Buttermilk Pancakes
89608,1924,1,Long Grain Rice
89608,19348,1,Fat Free Milk
89608,22843,1,Beef Patties
89608,23888,1,Hamburger Buns
89840,13631,0,Bacon Cheddar Beef Burger
89840,15021,0,Chunky Chili Mac Soup
89840,21063,1,"Oscar Mayer P3 Medleys Cranberries, Sc Cheese, Cashew 2.1 Oz"
89840,24410,0,Meatloaf With Home Style Mashed Potatoes & Gravy
89840,25307,0,"Tender white meat turkey, pasta, mushrooms and celery in a creamy sauce Turkey Tetrazzini"
89840,25566,0,Spaghettios With Franks
89840,38175,0,Meatloaf & Gravy
89840,40191,0,Roasted Carved White Meat Turkey Dinner
89840,44234,0,Squeeze Tomato Ketchup
89877,12312,0,Lavender Hand Soap
89877,13391,0,Perfect Pinch Italian Seasoning
89877,13536,0,Shredded Parmesan Cheese
89877,15569,0,Perfect Pinch Lemon & Pepper Seasoning
89877,22275,0,Sriracha Hot Chili Sauce
89877,26209,0,Limes
89877,28842,0,Bunched Cilantro
89877,29088,0,Red Hot Buffalo Wings Sauce
89877,44142,0,Red Onion
89960,1935,1,Whole Wheat Cookies Dark Chocolate
89960,6187,1,Raisin Bran Cereal
89960,6948,1,Organic Original Almond Milk
89960,11250,1,Organic Hot Salsa
89960,13176,0,Bag of Organic Bananas
89960,25146,1,Original Orange Juice
89960,29117,0,Organic Gluten Free Sea Salt by the Seashore Multigrain Tortilla Chips
89960,35715,0,"Whole Grain Organic Waffles, Totally Original"
89960,37464,1,Apple Cinnamon Instant Oatmeal
89960,40656,1,Unsweetened Zero Calorie Green White Tea
89960,45537,1,Classic Round Crackers
90074,228,1,Organic Soups Lentil
90074,5337,1,Monterey Jack Cheese
90074,6348,1,Mini Original Babybel Cheese
90074,7156,1,Traditional Plain Greek Yogurt
90074,8174,1,Organic Navel Orange
90074,11408,1,Crushed Tomatoes
90074,12756,1,Multigrain Oat Bread
90074,17794,1,Carrots
90074,19678,1,Organic Russet Potato
90074,24489,1,Organic Whole Strawberries
90074,24852,1,Banana
90074,26790,1,Organic AppleApple
90074,27662,1,Large Grade AA Cage Free Eggs
90074,28204,1,Organic Fuji Apple
90074,29926,1,Roasted & Salted Almonds
90074,30336,1,Organic Beans And Cheese Burrito
90074,32747,1,Low Fat 1% Milk
90074,38662,1,Roasted Almond Butter
90074,39964,1,Assorted Bagels
90074,40826,1,Manhattan Style Whole Kosher Pickles
90074,42736,1,Unsalted Butter
90074,44560,1,Kids Organic Chocolate Chip ZBars
90074,47792,1,Organic Beans & Rice Cheddar Cheese Burrito
90074,48595,1,Organic Wheat Square Crackers
90678,32773,1,VEGET TOMATO BASIL
90788,27511,1,"Milk, Organic, Fat Free"
90788,39877,0,Organic Granny Smith Apple
90788,46667,1,Organic Ginger Root
91248,10644,0,Italian Extra Virgin Olive Oil
91248,18159,1,Organic Biologique Limes
91248,19660,1,Spring Water
91248,21903,1,Organic Baby Spinach
91248,22089,1,Vitamin D Milk
91248,24622,0,Green Cabbage
91248,28204,0,Organic Fuji Apple
91248,40545,1,Berry Medley
91248,41950,1,Organic Tomato Cluster
91248,47766,1,Organic Avocado
91344,4656,0,Raspberry Preserves
91344,5692,0,Cinnamon & Spice Instant Oatmeal
91344,7175,0,Organic Whipped Naturally Buttery Spread
91344,12480,0,Sliced Pancetta Americana
91344,13176,1,Bag of Organic Bananas
91344,18441,1,Organic Ketchup
91344,21137,1,Organic Strawberries
91344,24184,0,Red Peppers
91344,25133,1,Organic String Cheese
91344,28535,0,Cucumber & Garlic  Tzatziki
91344,30391,1,Organic Cucumber
91344,38827,1,Organic Traditional Flour Tortillas
91344,43713,0,Organic Creamy Peanut Butter
91344,45007,1,Organic Zucchini
91344,45582,0,Cavatappi No. 87 Macaroni
91344,46979,0,Asparagus
91344,47734,0,Organic Green Cabbage
91345,14702,1,Maple Honey Ham
91345,24852,1,Banana
91345,27744,1,Organic Whipping Cream
91345,27845,1,Organic Whole Milk
91345,32757,1,Quiche Lorraine
91482,1767,0,Green with Citrus
91482,4210,0,Whole Milk
91482,35665,0,Nutter Butter Cookies
91820,18689,1,Dairy-Free Chive Cream Cheese
92197,5031,1,Medium Salsa Roja
92197,8518,0,Organic Red Onion
92197,12031,1,"Taco Seasoning, No. 4"
92197,12315,1,Dairy Free Hazelnut Coconut Milk Creamer
92197,12384,1,Organic Lactose Free 1% Lowfat Milk
92197,17948,1,Frozen Organic Wild Blueberries
92197,19508,1,Corn Tortillas
92197,23233,1,California Sourdough Bread
92197,23644,1,Sharp Cheddar Thick Slices Cheese
92197,29127,1,Dairy Free Unsweetened Coconut Milk
92197,32655,1,Organic Large Grade AA Brown Eggs
92197,34969,1,Red Vine Tomato
92197,45007,1,Organic Zucchini
92197,47802,0,Organic Chicken Breast
92197,48755,0,Pesto Alla Genovese Pasta Sauce
92342,10603,1,93% Ground Beef
92342,15649,1,Baby Seedless Cucumbers
92342,21903,0,Organic Baby Spinach
92342,33768,1,Sinfully Sweet Campari Tomatoes
92342,38453,1,Reduced Fat Chocolate Milk
92342,41999,0,Cut Tulips (Choose Color)
92342,48395,0,Original Rice Pilaf Mix
92364,13575,1,Apples
92364,42282,0,Bag of Jumbo Yellow Onions
92393,1577,0,Unsweetened Whole Milk Peach Greek Yogurt
92393,2480,0,Organic 85% Cacao Dark Chocolate Bar
92393,2661,0,Key Lime Pie Fruit & Nut Food Bar
92393,2716,0,Organic Greek Lowfat Yogurt With Strawberries
92393,3957,0,100% Raw Coconut Water
92393,5250,0,Blueberry Muffin Bar
92393,10551,0,Banana Bread Fruit & Nut Bar
92393,11193,1,Ancient Grain Blueberry Hemp Granola
92393,19677,0,Original Pure Creamy Almond Milk
92393,21777,1,Maple Quinoa Cluster With Chia Seeds
92393,21914,0,Peanut Butter & Jelly Fruit & Nut Food Bar
92393,22227,0,Coconut Cream Pie
92393,31338,1,Classic Almond Butter
92393,33716,0,Apple Pie Fruit & Nut Food Bar
92393,35851,0,Organic Greek Lowfat Yogurt With Cherries
92393,38164,0,Almonds & Sea Salt in Dark Chocolate
92393,38384,0,Organic Stevia Packets
92393,42710,0,Organic Nonfat Greek Yogurt With Raspberries
92393,43165,0,Orange Peel In Dark Chocolate Bar
92393,45210,0,Organic Greek Lowfat Yogurt With Blueberries
92393,45946,0,Organic Greek Plain Lowfat Yogurt
92393,46709,0,Gluten Free Old Fashioned Rolled Oats
92393,47029,0,Organic Greek Nonfat Yogurt With Mixed Berries
92393,49588,0,Honey
92454,1752,0,Mango Sorbet
92454,3957,1,100% Raw Coconut Water
92454,6347,1,Unsweetened Almond Milk
92454,6839,1,Portabella Veggie Burgers
92454,8425,0,Organic Acai Berry Sorbet
92454,8802,1,Organic Goji Berries
92454,13176,1,Bag of Organic Bananas
92454,16521,0,Walnut Halves & Pieces
92454,26604,1,Organic Blackberries
92454,27966,1,Organic Raspberries
92454,36039,0,Organic Cocoa Crunch Protein Bar
92454,37257,1,Organic Sweetened Cranberries
92454,40198,0,Blueberry Yoghurt
92454,44359,1,Organic Small Bunch Celery
92454,46886,0,Raspberry Yoghurt
93519,5373,1,Organic No Salt Added Diced Tomatoes
93519,7628,1,"Dressing, Jersey Sweet Onion, Calorie Free"
93519,7746,1,Oregano
93519,10504,1,Yukon Gold Potatoes 5lb Bag
93519,12980,1,Large Greenhouse Tomato
93519,17794,1,Carrots
93519,21903,1,Organic Baby Spinach
93519,21938,1,Green Bell Pepper
93519,24852,1,Banana
93519,26209,1,Limes
93519,27521,1,Organic Lacinato (Dinosaur) Kale
93519,28849,1,No Salt Added Black Beans
93519,28934,1,Frozen Broccoli Florets
93519,30291,0,Stone Ground Garbanzo Bean Flour
93519,30489,1,Original Hummus
93519,34126,1,Organic Italian Parsley Bunch
93519,34358,1,Garlic
93519,34905,0,Organic Brown Rice And Wakame Noodles
93519,37107,1,Ground Cumin
93519,39693,0,Fresh Dill
93519,42585,1,Organic Extra Firm Tofu
93519,42768,1,Organic Garbanzo Beans
93519,42944,1,Organic Unsweetened Soy Milk Beverage
93851,2314,1,Whole Milk Ricotta Cheese
93851,5025,1,Green Onions
93851,7781,1,Organic Sticks Low Moisture Part Skim Mozzarella String Cheese
93851,9366,1,Penne Rigate #41 Pasta
93851,9598,1,Gogo Squeez Organic Apple Strawberry Applesauce on the Go
93851,10761,1,Organic Yokids Lemonade/Blueberry Variety Pack Yogurt Squeezers Tubes
93851,18370,1,Organic Shredded Mozzarella
93851,19478,0,Organic Marinara Pasta Sauce
93851,21709,1,Sparkling Lemon Water
93851,21903,1,Organic Baby Spinach
93851,24852,1,Banana
93851,27156,1,Organic Black Beans
93851,27690,1,Apple Cinnamon GoGo Squeez
93851,34969,1,Red Vine Tomato
93851,37464,1,Apple Cinnamon Instant Oatmeal
93851,37524,1,Fresh Mozzarella Ball
93851,37646,1,Organic Gala Apples
93851,38313,1,Organic Apple Banana GoGo Squeez
93851,40396,1,Guacamole
93851,42342,1,Roasted Turkey Breast
93851,47209,1,Organic Hass Avocado
93851,48679,1,Organic Garnet Sweet Potato (Yam)
93881,24759,1,Club Soda
93881,25146,1,Original Orange Juice
93881,32151,0,Gluten Free Wraps
93881,44288,0,Organic Bittersweet Chocolate
93881,47766,1,Organic Avocado
93881,49235,1,Organic Half & Half
94401,2210,1,Large Brown Grade AA Eggs
94401,3272,0,"Pancake Batter, Original"
94401,3550,1,Organic Diced Fire Roasted Tomatoes
94401,11182,0,Baby Spinach
94401,13176,1,Bag of Organic Bananas
94401,17830,0,Premium Organic Strawberry Spread
94401,17948,0,Frozen Organic Wild Blueberries
94401,21137,1,Organic Strawberries
94401,21670,0,Raspberry Truffle Nutrition Bar
94401,22025,1,YoBaby Blueberry Apple Yogurt
94401,22142,0,100% Pure Pumpkin
94401,22395,1,Tomato Sauce
94401,23822,0,Sweet Potato & Chicken Dinner
94401,24859,1,Packaged Organic Apricots
94401,25133,1,Organic String Cheese
94401,25230,1,Chopped Onions
94401,27966,1,Organic Raspberries
94401,28928,1,Uncured Black Forest Ham
94401,30148,0,Organic Stage 2 Chicken Brown Rice Baby Food
94401,32106,0,Organic Stage 2 Rice & Lentil Baby Food
94401,37646,1,Organic Gala Apples
94401,38159,0,Organic Yellow Peaches
94401,38248,0,Vegetable Turkey Dinner Stage 2
94401,43249,1,Organic Bernie's Farm Macaroni & Cheese
94401,46584,1,YoKids Blueberry & Strawberry/Vanilla Yogurt
94401,46969,1,Organic Bosc Pear
94401,47209,1,Organic Hass Avocado
94401,48476,0,Tender Chicken & Stars Stage 3
94401,48628,1,Organic Whole Wheat Bread
95056,12013,1,Pinot Noir
95056,16139,1,Clara
95056,17140,0,3D White Radiant Mint Flavor Whitening Toothpaste
95056,25647,1,Heirloom Tomato
95056,27360,1,Boneless Skinless Chicken Breast Fillets
95056,28842,1,Bunched Cilantro
95056,34358,0,Garlic
95056,44142,1,Red Onion
95056,44761,1,Salsa Verde
95125,13806,1,1% Milkfat Low Fat Vitamin A & D Milk
95125,14704,1,Organic Bagged Valencia Oranges
95125,24852,1,Banana
95125,26723,1,Comice Pear
95125,28199,1,"Clementines, Bag"
95125,28204,0,Organic Fuji Apple
95125,31915,1,Organic Red Delicious Apple
95125,35417,1,Reduced Fat Milk 2%
95125,37646,1,Organic Gala Apples
95181,5160,1,Soda Bottles
95181,10402,0,Pronamel Gentle Whitening Toothpaste
95181,37119,1,Uncured Pepperoni
95181,37722,1,Gluten Freen Original Rice Pudding
95238,2447,1,3 lb Clementines
95238,6860,0,Organic Balsamic Vinaigrette
95238,16616,1,Organic Sliced White Mushrooms
95238,18523,1,Total 2% All Natural Greek Strained Yogurt with Honey
95238,20943,0,Gluten Free Apple Cinnamon Waffles
95238,21137,1,Organic Strawberries
95238,21376,1,Pretzel Crisps Original Deli Style Pretzel Crackers
95238,21903,1,Organic Baby Spinach
95238,22224,1,Whole Milk Plain Greek Yogurt
95238,26209,1,Limes
95238,30391,1,Organic Cucumber
95238,35921,1,Organic Large Grade A Brown Eggs
95238,36929,1,"Milk, Vitamin D"
95238,37067,0,Organic Banana
95238,37220,0,Organic Strawberry Fruit Spread
95238,47626,1,Large Lemon
95543,16797,1,Strawberries
95543,39275,1,Organic Blueberries
95557,19942,0,Aged Balsamic Vinegar Of Modena
95557,26076,0,Gluten Free Corn Dogs
95557,42667,1,Thousand Island Dressing
95557,43986,0,Natural California Raisins
96055,5322,1,Gluten Free Dark Chocolate Chunk Chewy with a Crunch Granola Bars
96055,9623,1,Sparkling Natural Spring Water
96055,13176,1,Bag of Organic Bananas
96055,14233,1,Natural Artesian Water
96055,28204,1,Organic Fuji Apple
96095,10108,0,Artisan Sausage Pineapple Uncured Bacon Hardwood Smoked with Vermont Maple Syrup
96095,16797,1,Strawberries
96095,17872,0,Total 2% Lowfat Plain Greek Yogurt
96095,22504,0,Organic Mountain Forest Amber Honey
96095,23177,0,Organic Sesame Ginger Vinaigrette Dressing
96095,26209,0,Limes
96095,35547,0,Organic Baby Kale
96095,37646,1,Organic Gala Apples
96095,38739,0,Hass Avocado
96135,1057,1,"Basil, Asiago & Pine Nut Pesto Ravioli"
96135,2452,1,Naturals Chicken Nuggets
96135,7358,0,Verde Salsa
96135,13829,0,Mild Salsa
96135,17949,1,Mild Cheddar Cheese Sticks
96135,21137,1,Organic Strawberries
96135,21376,1,Pretzel Crisps Original Deli Style Pretzel Crackers
96135,24850,0,Organic Super Fruit Punch Juice Drink
96135,27344,1,Uncured Genoa Salami
96135,28066,1,Double Espresso Cold Brew Coffee
96135,31343,1,Shredded Mild Cheddar Cheese
96135,38689,1,Organic Reduced Fat Milk
96135,40709,1,Sea Salt & Vinegar Potato Chips
96135,42356,0,Strawberry Preserves
96135,42450,1,Macaroni & Cheese
96135,42585,1,Organic Extra Firm Tofu
96135,43076,1,Wide Egg Noodles
96135,44116,1,Goodness Grapeness Organic Juice Drink
96135,46906,1,Grape White/Green Seedless
96165,3599,1,Baked Aged White Cheddar Rice and Corn Puffs
96165,4605,1,Yellow Onions
96165,5652,0,Organic Red Potatoes
96165,16185,0,Sharp Cheddar Cheese
96165,19348,1,Fat Free Milk
96165,21560,1,Cut Hearts Of Palm
96165,24231,0,Tahitian Vanilla Bean Gelato
96165,29867,1,"Capers, Non-Pareil"
96165,33768,1,Sinfully Sweet Campari Tomatoes
96165,33787,1,Total 2% Lowfat Greek Strained Yogurt with Peach
96165,40910,0,Root Beer
96165,41220,0,Organic Romaine Lettuce
96305,2450,1,Taco Seasoning
96305,6948,1,Organic Original Almond Milk
96305,8025,1,Uncured Beef Hot Dogs
96305,8087,1,Florida Orange Juice With Calcium & Vitamin D
96305,13198,1,85% Lean Ground Beef
96305,14462,1,Sliced Black Olives
96305,16797,1,Strawberries
96305,23734,1,Sour Cream
96305,30252,1,Organic Soft Wheat Bread
96305,48230,0,Soft Taco Size White Flour Tortillas
96375,16732,1,Peanut Milk Chocolate XXL Bag
96375,43721,0,Wint-O-Green
96375,45128,1,Milk Chocolate M&Ms
96442,1364,0,Organic Vanilla Chip Chewy Granola
96442,4920,0,Seedless Red Grapes
96442,5194,0,Organic Bunny Fruit Snacks Berry Patch
96442,9076,0,Blueberries
96442,9755,0,Original Popcorn
96442,10132,0,Organic American Cheese Singles
96442,11352,0,Organic Mini Sandwich Crackers Peanut Butter
96442,13629,0,Organic Snipped Green Beans
96442,13819,0,Roasted Salted Cashews
96442,14778,0,Organic Chocolate Chip Chewy Granola Bars
96442,20574,1,Roasted Turkey
96442,24235,0,Honey Wheat Enriched Bread
96442,25146,0,Original Orange Juice
96442,27845,1,Organic Whole Milk
96442,29926,0,Roasted & Salted Almonds
96442,31343,0,Shredded Mild Cheddar Cheese
96442,31683,0,Original No Pulp 100% Florida Orange Juice
96442,32139,0,Hommus Classic Original
96442,33990,0,Organic Chocolate Chip Granola Bars
96442,42265,0,Organic Baby Carrots
96442,43713,0,Organic Creamy Peanut Butter
96442,45066,0,Honeycrisp Apple
96442,45633,0,Organic Beef Hot Dogs
96442,47209,1,Organic Hass Avocado
96607,5876,1,Organic Lemon
96607,8021,1,100% Recycled Paper Towels
96607,9808,0,Organic Cottage Cheese
96607,21162,1,Organic Mixed Berry Yogurt & Fruit Snack
96607,32691,0,Vanilla Ice Cream
96607,36316,1,Lemon Sparkling Water
96607,40268,1,Organic Wheat-Free & Gluten-Free Original Crackers
96607,46755,1,Dark Chocolate with 88% Cocoa
96817,35940,0,Family Recipe Italian Dressing
96817,44813,0,Seasoning Salt
96817,46402,1,With Raspberry Lemonade
96817,48746,1,Original Baked  Potato Chips
96817,49517,1,0% Fat Free Organic Milk
97065,12703,1,Organic Mung-Bean Sprouts
97065,13176,0,Bag of Organic Bananas
97065,19660,0,Spring Water
97065,21903,1,Organic Baby Spinach
97065,22849,0,Bunny-Luv Fresh Organic Carrots
97065,27845,1,Organic Whole Milk
97065,40199,1,Chocolate Chip Cookies
97065,41950,0,Organic Tomato Cluster
97065,47734,1,Organic Green Cabbage
97729,9838,1,Salted Whipped Butter
97729,11977,1,Polly-O Mozzarella & Cheddar Cheeses Twists
97729,13351,1,Total 0% Peach Yogurt
97729,14403,1,Gluten Free Breaded Chicken Nuggets
97729,21999,1,Gluten Free Chocolate Coated Wafers
97729,24954,1,Total 0% with Honey Nonfat Greek Strained Yogurt
97729,29326,1,Gluten Free Original English Muffins
97729,31678,1,Gluten Free Cinnamon Raisin Bread
97729,39408,1,Gala Apples
97729,45066,1,Honeycrisp Apple
97880,24852,1,Banana
97880,34530,0,Organic Chicken Thighs
97880,45535,1,Organic Low Sodium Chicken Broth
98411,3464,1,"Organic Butterhead (Boston, Butter, Bibb) Lettuce"
98411,30047,1,Long Italian Baguette
98411,41950,1,Organic Tomato Cluster
98423,1529,1,"Parsley, Italian (Flat), New England Grown"
98423,4137,1,Whole Grain Oat Cereal
98423,7978,0,Black Pepper Corns Mill Organic Spices
98423,11422,0,Plain Greek Yogurt
98423,24838,1,Unsweetened Almondmilk
98423,24852,1,Banana
98423,29675,1,Organic Bagged Carrots
98423,30480,1,"Tomatoes, Whole Peeled"
98423,31338,1,Classic Almond Butter
98423,33198,1,Sparkling Natural Mineral Water
98423,35734,0,Whole Chia Seeds
98423,36618,0,"12\"" Aluminium Foil"
98423,46720,1,Organic Free Range Chicken Broth
98423,49381,0,Zucchini Squash
98601,9444,1,Original Tortilla Strips
98601,24838,1,Unsweetened Almondmilk
98601,25407,1,Mashed Potatoes
98601,27104,1,Fresh Cauliflower
98601,27117,1,Refresh Herbal Tea
98601,30440,1,Chocolate Crepes
98601,49424,0,Cereal Honey Bears
98909,29675,0,Organic Bagged Carrots
98909,43772,0,Cherubs Heavenly Salad Tomatoes
98909,49191,0,Cran Raspberry Sparkling Water
99020,4162,1,Organic Thai Coconut Curry Hummus
99020,4796,0,Baby Portabella Mushrooms
99020,5025,0,Green Onions
99020,13176,1,Bag of Organic Bananas
99020,13984,1,Organic Mint
99020,16570,1,Organic Fresh Carrot Chips
99020,19508,1,Corn Tortillas
99020,20114,1,Jalapeno Peppers
99020,21616,1,Organic Baby Arugula
99020,22089,1,Vitamin D Milk
99020,23909,1,2% Reduced Fat Milk
99020,25890,1,Boneless Skinless Chicken Breasts
99020,26209,1,Limes
99020,28842,0,Bunched Cilantro
99020,28849,0,No Salt Added Black Beans
99020,29987,1,Shredded Mozzarella
99020,30391,0,Organic Cucumber
99020,32624,0,Acorn Squash
99020,33352,1,Organic Kale Greens
99020,35223,0,Dairy Free Plain Cream Cheese Style Spread
99020,38273,1,Marinara Pasta Sauce
99020,38293,1,Ground Turkey Breast
99020,39275,1,Organic Blueberries
99020,42244,1,Total 2% All Natural Low Fat 2% Milkfat Greek Strained Yogurt
99020,44987,0,Heavy Whipping Cream
99020,45393,0,Cinnamon Raisin Sandwich Bread
99020,47144,0,Unsweetened Original Almond Breeze Almond Milk
99020,47252,0,Purple Sweet Potato (Yam)
99020,47626,1,Large Lemon
99020,47766,1,Organic Avocado
99132,4347,0,Extralean Ground Turkey Breast
99132,5976,0,Veggie Lover's Salad Blend
99132,7301,0,Diet Cranberry Pomegranate Juice
99132,7963,0,Gluten Free Whole Grain Bread
99132,8424,0,Broccoli Crown
99132,9510,0,Chicken Breast Tenders
99132,10151,1,Bolthouse Baby Carrots
99132,12288,0,Roasted Garlic Quinoa
99132,14519,0,Soothing Aloe Vera Moisturizing Body Wash
99132,24184,0,Red Peppers
99132,24658,0,House Blend Medium Keurig Brewed K-Cups Ground Coffee
99132,33568,0,Fresh Tilapia Fillet
99132,34358,0,Garlic
99132,42980,1,Gluten Free Parmesan & Garlic Bagel Chips
99132,44142,0,Red Onion
99132,49325,0,Gluten Free Pizza Three Cheese
99132,49683,0,Cucumber Kirby
99300,8174,1,Organic Navel Orange
99300,13085,0,Organic Hot Cocoa Mix
99300,23537,0,Light Brown Sugar
99300,27845,1,Organic Whole Milk
99300,29662,0,Potato Yukon Gold Organic
99300,35108,1,Salted Butter
99300,40198,1,Blueberry Yoghurt
99666,38985,1,Organic Stage 4 Spinach Mango & Pear Baby Food
99761,340,1,Eco-Pac Kamut Puffs Cereal
99761,432,1,Vanilla Almond Breeze Almond Milk
99761,4562,1,English Seedless Cucumber
99761,10749,1,Organic Red Bell Pepper
99761,12341,1,Hass Avocados
99761,21903,1,Organic Baby Spinach
99761,24231,1,Tahitian Vanilla Bean Gelato
99761,30489,1,Original Hummus
99761,41544,0,Organic Crushed Fire Roasted Tomatoes
100012,17122,1,Honeycrisp Apples
100012,24852,1,Banana
100012,41148,1,Hard Cooked Eggs
100012,45427,1,Deluxe Whole Lightly Salted Cashews
100624,13176,1,Bag of Organic Bananas
100624,15613,1,Salted Tub of Butter
100624,18656,1,Organic Red Potato
100624,28745,1,Oven Roasted Turkey
100624,30909,1,Telera Rolls
100624,41950,1,Organic Tomato Cluster
100961,4562,0,English Seedless Cucumber
100961,5250,0,Blueberry Muffin Bar
100961,6567,0,Chocolate Peanut Butter Protein Bar
100961,23854,1,Wild Wonders Gourmet Medley Tomatoes
100961,25043,0,Instant Oatmeal Variety Pack
100961,25931,1,Organic Baby Spinach Salad
100961,32653,0,Chocolate Salted Caramel Protein Bar
100961,33716,0,Apple Pie Fruit & Nut Food Bar
100961,40174,1,2% Reduced Fat Organic Milk
100961,40397,0,Organic Royal Rainbow Quinoa
100961,44683,1,Brussels Sprouts
100961,47626,1,Large Lemon
100961,47717,0,Peanut Butter Cookie
101066,6046,1,Boneless Skinless Chicken Breast
101066,14536,0,Natural Goodness 33% Less Sodium Chicken Broth
101066,33589,1,G2 Grape Sports Drink
101066,44753,1,New York Super Fudge Chunk® Ice Cream
101066,47626,1,Large Lemon
101163,9839,1,Organic Broccoli
101163,15575,1,Organic Strawberry Coconut Milk Yogurt
101163,16823,1,Organic Beef Broth
101163,22935,1,Organic Yellow Onion
101163,27104,1,Fresh Cauliflower
101163,28601,1,Collard Greens
101163,35091,1,Organic Cream on Top Peach Yogurt
101163,39216,1,Original Multigrain Spoonfuls Cereal
101163,40310,1,Oven Roasted Turkey Breast
101335,6948,0,Organic Original Almond Milk
101335,12206,0,Basil Pesto
101335,13629,0,Organic Snipped Green Beans
101335,24852,0,Banana
101335,25767,1,Organic Multi Grain Squares Cereal
101335,28934,1,Frozen Broccoli Florets
101335,43908,1,Butternut Squash Ravioli
101474,1188,0,Indian Bites Samosa & Chutney Spiced Potato Pockets With Peas & Cilantro Chutney
101474,2198,1,Cold Brew Baridi Black
101474,5764,1,Organic SprouTofu Teriyaki Tofu Cutlets
101474,6182,1,Natural Artesian Bottled Water
101474,7416,1,Lite Creamy Fudge Bars
101474,7673,1,Organic SprouTofu Super Firm Tofu
101474,8021,1,100% Recycled Paper Towels
101474,11534,1,Organic After Dark Chocolate Frozen Nonfat Yogurt
101474,11865,0,Light & Lean Spaghetti Italiano with Meatless Meatballs
101474,16869,1,Automatic Dishwasher Tablets Citrus - 25 CT
101474,23140,1,Chipotle Strips Seitan
101474,35986,1,2-Ply 100% Recycled Bathroom Tissue
101474,37959,0,Egg White Patties
101474,38159,1,Organic Yellow Peaches
101474,39794,1,Red Plum
101474,39928,1,Organic Kiwi
101474,42205,1,Organic Sweet Potato Fries
101659,1463,1,Organic Milk
101659,13176,1,Bag of Organic Bananas
101659,17828,1,Organic Spinach & Feta Dinner Sausage
101659,26604,1,Organic Blackberries
101659,27966,1,Organic Raspberries
101659,39877,1,Organic Granny Smith Apple
101659,41950,1,Organic Tomato Cluster
101659,46194,1,Burrata
101659,47209,1,Organic Hass Avocado
101797,5077,1,100% Whole Wheat Bread
101797,15613,1,Salted Tub of Butter
101797,30020,1,Organic Multigrain Snack Crackers
101797,45375,1,Swiss Thick Slices Cheese
101797,46667,1,Organic Ginger Root
101937,325,1,Veggie-Style Mini Corn Dogs
101937,397,1,Pure Granulated Cane Sugar
101937,2481,0,Natural Deli Style Sliced Swiss Cheese
101937,16223,1,Four Cheese Crispy Thin Crust Pizza
101937,27796,0,Real Mayonnaise
101937,29315,1,Signature Pepperoni Crispy Thin Crust Pizza
101937,31808,1,Lemon-Lime 12 Pack Soda
101937,39321,1,Milk Chocolate Hot Cocoa Mix
101937,41844,1,Honey Nut Cheerios
101937,45205,1,Classic Crunchy Fish Sticks
101937,46275,1,Macaroni & Cheese Dinner Teenage Mutant Ninja Turtle Shapes
102051,4472,1,Toasted Coconut Almondmilk Blend
102051,16168,1,Large Organic Omega3 Brown Eggs
102051,16759,1,Organic Carrot Bunch
102051,16961,0,45 Calories & Delightful Healthy Multi-Grain Bread
102051,32971,0,Sliced Peaches
102051,46820,1,Vanilla Pure Almond Milk
102473,7131,1,Light Semisoft Cheese
102473,12899,0,Fresh Mozzarella All-Natural Sliced Cheese
102473,21195,1,Organic Extra Virgin Olive Oil
102666,5479,1,Italian Sparkling Mineral Water
102666,12564,1,Rigatoni Pasta
102666,20042,1,Homemade Pizza Sauce
102666,49095,1,100% Recycled 2 Ply Paper Towels
102747,196,1,Soda
102747,8260,0,Flavored with Meat Italian Sauce
102747,12564,0,Rigatoni Pasta
102747,12816,0,"Heavy Duty 18\"" Aluminium Foil"
102747,15836,0,Butter Streusel Coffee Cake
102747,16495,1,Original Gluten Free 1/3 Lb Burgers
102747,17518,0,Apple Cinnamon Cheerios Cereal
102747,21153,1,Farmhouse Oatmeal Hearty Sliced Bread
102747,23888,1,Hamburger Buns
102747,28829,0,Kellogg's Pop-Tarts Frosted Strawberry Pastries
102747,29529,0,Lemon-Lime Soda
102747,32573,0,Pretzel Sticks
102747,44337,0,Iodized Salt & Pepper
102747,44870,1,Franks
102794,9839,1,Organic Broccoli
102794,10862,0,Natural Chocolate Flavor Whey Protein Powder
102794,18465,1,Organic Grade A Free Range Large Brown Eggs
102794,20764,1,Organic Chocolate Animal Cookies
102794,20899,1,Goo Berry Pie Probugs Kefir
102794,21137,1,Organic Strawberries
102794,21174,0,I Heart Baby Kale
102794,24852,1,Banana
102794,28226,1,Power Grains Waffles 6 ct
102794,28985,0,Michigan Organic Kale
102794,32429,0,Red Mango
102794,35221,1,Lime Sparkling Water
102794,36406,1,Essential Greens With Lime  Vegetable and Fruit Juice Blend
102794,41445,0,Organic Vanilla RAW Protein
102794,43643,1,Organic Strawana Probugs Kefir
102794,43713,0,Organic Creamy Peanut Butter
102794,45106,0,Low Fat Strawberry Yogurt Tubes
102929,17122,0,Honeycrisp Apples
102990,4781,0,Original Coconut Milk Creamer
102990,5994,0,Traditional Refried Beans
102990,6046,0,Boneless Skinless Chicken Breast
102990,10070,0,Organic 1% Low Fat Milk
102990,13176,0,Bag of Organic Bananas
102990,19057,0,Organic Large Extra Fancy Fuji Apple
102990,23719,0,Chicken Tortilla Soup
102990,28380,0,Organic Grass-Fed Real Aged Cheddar & Macaroni Shells
102990,28597,0,Organic Stoneground Wheat Crackers
102990,31506,0,Extra Virgin Olive Oil
102990,34608,0,1% Milkfat Low Fat Buttermilk
102990,41220,0,Organic Romaine Lettuce
102990,44103,0,Honey Whole Wheat Bread
103334,517,1,French Rolls
103334,26312,0,Caesar Salad Kit
103334,29640,0,Unsweetened Ice Tea
103334,36274,0,Arnold Palmer Lite Half Iced Tea & Half Lemonade
103334,36431,0,Hardwood Smoked Bacon
103644,30287,0,Ranch Original Topping & Dressing
103990,890,1,Organic Diced Tomatoes
103990,2846,1,Organic Green Onions
103990,9472,1,Organic Red Cherry Tomato
103990,17794,0,Carrots
103990,18465,0,Organic Grade A Free Range Large Brown Eggs
103990,18918,1,Organic Chopped Spinach
103990,24082,1,Organic Dark Sweet Cherries
103990,25659,1,Organic Coconut Milk
103990,26242,1,Organic Black Lentils
103990,27521,1,Organic Lacinato (Dinosaur) Kale
103990,30291,0,Stone Ground Garbanzo Bean Flour
103990,39275,1,Organic Blueberries
103990,40545,0,Berry Medley
103990,40721,1,Organic Creamy Buckwheat Hot Cereal Gluten Free
103990,42768,1,Organic Garbanzo Beans
103990,46709,0,Gluten Free Old Fashioned Rolled Oats
104348,15200,1,Organic Green Beans
104348,28413,1,Bunny-Luv Organic Carrots
104348,39922,1,Celery Sticks
104348,40467,1,Organic Spinach And Cheese Ravioli
104536,12962,1,Apricot Preserves
104536,28572,1,Premium Ice Cubes
104536,30338,1,Dark Chocolate Acai Blueberry
104536,35055,1,Just Cranberry Unsweetened Juice
104536,44728,0,Creamy Natural Peanut Butter And Flaxseed
104581,5015,0,Organic Cottage Cheese Classic
104581,7781,0,Organic Sticks Low Moisture Part Skim Mozzarella String Cheese
104581,8174,0,Organic Navel Orange
104581,8309,0,Nonfat Icelandic Style Strawberry Yogurt
104581,13702,0,Good Seed Organic Thin Sliced Bread
104581,14371,0,Organic Nonfat Milk
104581,15123,0,Gluten Free Fudge Covered Pretzels
104581,20734,0,Organic Medjool Dates
104581,21137,0,Organic Strawberries
104581,24799,0,Vanilla Skyr Nonfat Yogurt
104581,27336,0,Organic Rainbow Carrots
104581,27344,0,Uncured Genoa Salami
104581,28465,0,Icelandic Style Skyr Blueberry Non-fat Yogurt
104581,29126,0,Organic Strawberry Chia Lowfat 2% Cottage Cheese
104581,29439,0,"Wild Non-Pareil Capers, Sunkissed in the Mediterranean"
104581,30391,0,Organic Cucumber
104581,32467,0,Organic Living Butter Lettuce
104581,32927,0,House Napa Cabbage
104581,34243,0,Organic Baby Broccoli
104581,34450,0,Bag Of Organic Lemons
104581,35750,0,Organic Garbanzo Beans No Salt Added
104581,37053,0,Just Mayo
104581,38772,0,Provolone
104581,40568,0,Paleo Pancake & Waffle Mix
104581,45123,0,Organic 21 Grain Thin Sliced Bread
104854,878,0,Moisturizing Lavender Body Wash
104854,4562,0,English Seedless Cucumber
104854,6860,0,Organic Balsamic Vinaigrette
104854,11538,0,Organic Carrot Juice
104854,13176,1,Bag of Organic Bananas
104854,19678,1,Organic Russet Potato
104854,20947,1,Passionberry Bliss Kombucha Drink
104854,22428,0,Fresh Marinara Sauce
104854,24184,0,Red Peppers
104854,25937,1,Semi Soft Part-Skim Slices
104854,29439,0,"Wild Non-Pareil Capers, Sunkissed in the Mediterranean"
104854,33978,1,Organic Icelandic Coconut Yogurt
104854,46979,0,Asparagus
104854,49235,0,Organic Half & Half
105118,1090,0,Shells & Real Aged Cheddar Macaroni & Cheese
105118,5539,0,Organic SprouTofu Silken Tofu
105118,7673,0,Organic SprouTofu Super Firm Tofu
105118,8832,1,Cinnamon Bread
105118,9477,1,Medium Cheddar Cheese
105118,9810,1,100% Lactose Free 1% Lowfat Milk
105118,10673,0,Original Nooks & Crannies English Muffins
105118,12624,0,Fresh Tomato & Basil Sauce
105118,14381,0,Whole Grain Cheddar Baked Goldfish Crackers
105118,15109,1,Eggo Blueberry Waffles Family Pack
105118,16759,0,Organic Carrot Bunch
105118,21890,1,"Milk, Low Fat, 1% Milkfat"
105118,22707,0,Original Very Vanilla Complete Nutritional Drink
105118,23347,1,Chessmen Cookies
105118,24235,0,Honey Wheat Enriched Bread
105118,26604,0,Organic Blackberries
105118,28110,1,General Mills Basic 4 Cereal
105118,28204,0,Organic Fuji Apple
105118,28427,1,Vitamin D Whole Milk
105118,29487,0,Roma Tomato
105118,31683,1,Original No Pulp 100% Florida Orange Juice
105118,32655,0,Organic Large Grade AA Brown Eggs
105118,35233,0,Peach
105118,37766,1,XL Emerald White Seedless Grapes
105118,42356,0,Strawberry Preserves
105118,43391,0,Original Complete Nutritional Drink Creamy Strawberry
105118,43772,0,Cherubs Heavenly Salad Tomatoes
105118,45007,0,Organic Zucchini
105118,45681,1,Americone Dream® Ice Cream
105792,1668,0,Coconut & Pear Lip Balm
105792,8277,1,Apple Honeycrisp Organic
105792,8859,1,Natural Spring Water
105792,13176,1,Bag of Organic Bananas
105792,16083,1,Organic Large Brown Eggs
105792,16797,0,Strawberries
105792,24764,1,Crushed Garlic
105792,26165,1,Electrolyte Enhanced Water
105792,26196,1,Lavender Liquid Hand Soap
105792,26209,0,Limes
105792,27845,1,Organic Whole Milk
105792,29487,0,Roma Tomato
105792,31717,0,Organic Cilantro
105792,34551,1,Organic Cane Sugar
105792,37220,0,Organic Strawberry Fruit Spread
105792,42768,0,Organic Garbanzo Beans
105954,1582,0,Turkey Pepperoni Slices
105954,2512,0,99% Fat Free Chicken Broth
105954,7751,0,Tomato Ketchup
105954,24353,0,Extreme Clean Pure Breath Action Fresh Mint Fluoride Toothpaste
105954,42360,0,Farmhouse Hearty White Bread
106081,5025,1,Green Onions
106081,12845,0,Chopped Walnuts
106081,14159,0,Seedless Watermelon
106081,17375,0,Organic Cornstarch
106081,23959,1,Multi-Seeds Cracker
106081,27695,0,Natural Chicken & Sage Breakfast Sausage
106081,38996,1,Grape Tomatoes
106081,46676,1,Total 0% Nonfat Greek Yogurt
106081,49683,1,Cucumber Kirby
106179,2091,0,Almond Nut & Rice Cracker Snacks
106179,6069,1,Maple Pumpkin Seeds with Sea Salt Chewy with a Crunch Granola Bars
106179,6873,1,Organic Iceberg Lettuce
106179,9120,1,Lunchables Pizza with Pepperoni
106179,14992,1,Green Beans
106179,15424,1,Purified Water
106179,16020,1,Original Crescent Rolls
106179,16797,1,Strawberries
106179,16965,1,Chocolate Ice Cream
106179,17122,1,Honeycrisp Apples
106179,18019,1,Macaroni & Cheese Dinner Original Flavor
106179,19546,1,Port Wine Spreadable Cheese
106179,19863,1,Classic Potato Chips
106179,19871,1,Fruit Roll Ups Variety Fruit Flavored Snacks
106179,20842,0,Total 0% Greek Yogurt
106179,23909,1,2% Reduced Fat Milk
106179,24852,1,Banana
106179,27796,1,Real Mayonnaise
106179,29758,1,Extra Cheesy Pizza Lunchables
106179,31848,1,Mini Pretzels
106179,34230,1,4% Milkfat Small Curd Cottage Cheese
106179,35752,1,Hardwood SmokedCenter Cut Original Bacon
106179,38739,1,Hass Avocado
106179,39457,0,Lotzza Motzza Pepperoni Pizza
106179,39719,1,"Freshly Made. Filled with Creamy Ricotta, Aged Parmesan and Romano Cheeses Three Cheese Tortellini"
106179,42834,1,Organic Mini Peeled Carrots
106179,42936,1,Nacho Cheese Chips
106179,43352,1,Raspberries
106179,44199,1,Toll House Mini Chocolate Chip Cookie Dough
106179,45064,1,Honey Wheat Bread
106623,7252,1,Deep Green Blends Kale
106623,13176,1,Bag of Organic Bananas
106623,21292,0,Rainbow Bell Peppers
106623,32079,0,Shredded Parmigiano Reggiano
106623,39275,1,Organic Blueberries
107098,5258,1,Sparkling Water
107098,5769,1,Organic Chicken Stock
107098,40939,1,Drinking Water
107154,35914,1,Dha Omega 3 Reduced Fat 2% Milk
107154,43815,0,Amazin Prune Juice
107745,4357,1,Organic Chocolate Almondmilk Pudding
107745,9554,1,Mocha Almond Fudge Minis Almond Milk Frozen Dessert
107745,10337,1,UDI'S GLUTEN FREE WHOLE GRAIN BREAD
107745,12395,1,Plain Goat Milk Yogurt
107745,12409,1,Organic Distilled White Vinegar
107745,13882,1,Goat Milk Yogurt Blueberry
107745,15937,1,Shallot
107745,16869,1,Automatic Dishwasher Tablets Citrus - 25 CT
107745,20734,1,Organic Medjool Dates
107745,21137,1,Organic Strawberries
107745,29752,1,Gluten Free Foods Granola
107745,30450,1,Creamy Almond Butter
107745,31640,1,Original Puffins Cereal
107745,34243,1,Organic Baby Broccoli
107745,38159,1,Organic Yellow Peaches
107745,40706,1,Organic Grape Tomatoes
107745,41551,0,"Muffin Mix, Almond Flour, Banana"
107745,43768,1,Organic Bell Pepper
107909,13733,1,Red Potatoes
107909,17316,0,Vitamin D Organic Whole Milk
107909,27104,1,Fresh Cauliflower
107909,31992,1,"Select-A-Size Paper Towels, White"
107909,36736,0,Iodized Salt
108521,2210,0,Large Brown Grade AA Eggs
108521,11247,0,Shortbread Cookies
108521,16768,0,100% Lactose Free Reduced Fat Calcium Enriched Milk
108521,23644,0,Sharp Cheddar Thick Slices Cheese
108521,24385,0,Italian Sausage Pizza
108521,30442,0,Low Fat Vanilla Yogurt
108521,35108,0,Salted Butter
108521,45007,0,Organic Zucchini
108521,47672,0,Uncured Hickory Smoked Sunday Bacon
108521,47766,0,Organic Avocado
108755,5769,0,Organic Chicken Stock
108755,21137,0,Organic Strawberries
108755,27845,0,Organic Whole Milk
108755,30486,0,Organic Sweet Cherries
108755,31985,0,Beefsteak Tomatoes
108755,32679,0,Original Plain Yoghurt
108755,39275,0,Organic Blueberries
108849,1194,1,Natural Artisan Water
108849,4799,0,Shredded Parmesan
108849,13113,0,Organic Apple Juice Boxes
108849,15386,1,Whole Grain White Corn Salted Tortilla Chips
108849,22832,1,Unsweetened Pomegranate Essence Water
108849,23142,1,Antibac Bamboo All Purpose Cleaner
108849,23650,1,Electrolyte Water
108849,41787,0,Bartlett Pears
108849,49235,1,Organic Half & Half
109020,172,1,Gluten Free All Natural Chocolate Chip Cookies
109020,812,1,Healthy Grains Oats & Honey Clusters with Toasted Coconut Gluten Free
109020,34866,1,Chocolate Milk 1% Milkfat
109020,40709,1,Sea Salt & Vinegar Potato Chips
109031,43086,1,Super Greens Salad
109227,2086,1,Sustainably Soft Bath Tissue
109227,2593,0,Organic Evaporated Milk
109227,7948,0,Organic Unsalted Butter
109227,11422,1,Plain Greek Yogurt
109227,18362,0,Organic Bread with 21 Whole Grains
109227,22559,0,Kitchen Cheese Enchilada
109227,23836,0,Mint Chocolate Chip
109227,24372,0,Organic Free Range Chicken with White & Wild Rice Soup
109227,37646,1,Organic Gala Apples
109227,38689,1,Organic Reduced Fat Milk
109227,41437,0,Hearty Minestrone with Vegetables Soup
109260,127,1,Marscapone
109260,14467,1,Sweet Baguette
109260,25283,0,Lasagne Pasta
109260,28990,0,Curly Parsley Bunch
109260,32951,1,Ricotta Cheese
109260,33023,0,Premium Italian Seasoned Croutons
109262,5621,0,Sea Salt Fine Crystals
109262,31506,0,Extra Virgin Olive Oil
109262,38313,1,Organic Apple Banana GoGo Squeez
109262,39928,0,Organic Kiwi
109268,859,0,2-Ply Everyday Napkins
109268,5262,0,Brown Extra Large Grade AA Eggs
109268,10032,0,Cola Soft Drink
109268,30695,0,Milk Chocolate Bar
109268,45188,0,Dairy Milk Fine Chocolate Candy Bar
109268,48433,0,Everything Fresh Stacks Crackers
109287,5077,1,100% Whole Wheat Bread
109287,6128,1,Original Fresh Stack Crackers
109287,7751,0,Tomato Ketchup
109287,11323,1,Medium Roast Extra Bold K-Cup Packs Coffee
109287,11412,0,Fabric Softener Dryer Sheet Free & Gentle Fabric Enhancers
109287,12493,0,100% Pure Grade A Dark Amber Maple Syrup
109287,19468,0,Classic Yellow Mustard
109287,21333,1,Original Whipped Cream Cheese
109287,26348,1,Mixed Fruit Fruit Snacks
109287,28647,1,Nacho Cheese Tortilla Chips
109287,28911,1,Buttermilk Complete Pancake & Waffle Mix
109287,29034,1,Select-a-Size Rolls Paper Towels Tissue
109287,29615,1,"Bread, Country Buttermilk"
109287,34368,1,"Dinner Classic White 10.375\"" Dinner Plate"
109287,35914,1,Dha Omega 3 Reduced Fat 2% Milk
109287,36843,1,Honey Maid Teddy Grahams
109287,39491,1,Pirate's Booty Aged White Cheddar Baked Rice and Corn Puffs
109287,40332,1,"Cage Free Brown Eggs-Large, Grade A"
109287,40709,1,Sea Salt & Vinegar Potato Chips
109287,43867,1,100% Grated Parmesan Cheese
109287,43973,1,Soft Taco Tortillas
109287,48695,1,SARA LEE     15OZ PLAIN MINI BAGELS
109563,500,0,Non-Scratch Scrub Sponges
109563,48812,0,Variety Pack
109640,329,1,Organic Whole Grassmilk Milk
109640,4605,0,Yellow Onions
109640,7704,0,Liquid Aminos All Purpose Seasoning
109640,8518,0,Organic Red Onion
109640,11520,0,Large Alfresco Eggs
109640,19057,1,Organic Large Extra Fancy Fuji Apple
109640,21903,1,Organic Baby Spinach
109640,24852,0,Banana
109640,34358,0,Garlic
109640,39275,1,Organic Blueberries
109640,47766,0,Organic Avocado
109653,2770,0,Brownberry Natural Wheat Bread
109653,4920,0,Seedless Red Grapes
109653,8174,1,Organic Navel Orange
109653,9438,0,Honey Graham Sticks
109653,13049,1,Nonfat Plain Greek Yogurt
109653,13176,0,Bag of Organic Bananas
109653,46524,0,Natural Peanut Butter Crunchy and Flaxseed
110864,2086,1,Sustainably Soft Bath Tissue
110864,15592,0,Organic Baby Romaine Lettuce
110864,24799,1,Vanilla Skyr Nonfat Yogurt
110864,24852,0,Banana
110864,26131,1,Mixed Berries Whole Milk Icelandic Style Skyr Yogurt
110864,27086,1,Half & Half
110864,36865,0,Non Fat Raspberry Yogurt
110894,3339,1,Organic Russet Potato Bag
110894,5250,0,Blueberry Muffin Bar
110894,18152,1,Liquid Teething Relief
110894,19057,1,Organic Large Extra Fancy Fuji Apple
110894,31717,1,Organic Cilantro
110894,37067,0,Organic Banana
110925,1408,0,Mini Cucumbers
110925,4562,0,English Seedless Cucumber
110925,8012,0,Pizza 4 Cheese
110925,12206,0,Basil Pesto
110925,12576,0,Kiwi Sandia Sparkling Water
110925,19478,0,Organic Marinara Pasta Sauce
110925,21903,0,Organic Baby Spinach
110925,25659,0,Organic Coconut Milk
110925,25666,0,Madras Curry Spicy Indian Simmer Sauce
110925,27156,0,Organic Black Beans
110925,31378,0,"Traditional Size Corn Tortillas, 6\"""
110925,34969,0,Red Vine Tomato
110925,35547,0,Organic Baby Kale
110925,39337,0,Organic Refried Vegetarian Black Beans
110925,41665,0,Organic Mexican Blend Finely Shredded Cheese
110925,47209,0,Organic Hass Avocado
110925,47626,0,Large Lemon
110938,4210,1,Whole Milk
110938,4455,1,Raspberry Cereal
110938,7088,1,Organic Cheddar Bunnies
110938,18722,1,100% Organic All-Natural Dried Pineapple
110938,19348,1,Fat Free Milk
110938,21267,1,Sourdough Bread
110938,22594,1,Quattro Formaggi Four Cheeses Pizza
110938,24852,1,Banana
110938,29285,1,"Organic Bernie's Farm Fruit Snacks strawberry, raspberry, & orange"
110938,30494,1,Organic Mango Slices
110938,39275,1,Organic Blueberries
110938,44948,1,Organic Z  Mixed Berry Fruit Rope
110938,45537,1,Classic Round Crackers
111019,4097,0,Whole Grain Loaf
111019,5450,1,Small Hass Avocado
111019,8174,1,Organic Navel Orange
111019,8277,0,Apple Honeycrisp Organic
111019,9076,1,Blueberries
111019,9405,1,Calcium Enriched 100% Lactose Free Fat Free Milk
111019,9839,1,Organic Broccoli
111019,10288,1,Broccoli with Almond Soup
111019,10941,0,Chocolate Chunk Brownie
111019,13176,1,Bag of Organic Bananas
111019,17948,1,Frozen Organic Wild Blueberries
111019,19048,1,Organic Butternut Squash
111019,27104,1,Fresh Cauliflower
111019,27113,1,Wild Berry Low Fat Clusters & Flakes
111019,27521,1,Organic Lacinato (Dinosaur) Kale
111019,30233,1,Organic Large Brown Grade AA Cage Free Eggs
111019,30635,0,Lactose Free Yogurt Plain
111019,32134,1,Lactose Free Plain Kefir
111019,33399,1,Red Lentil Dahl Soup
111019,35951,1,Organic Unsweetened Almond Milk
111019,36011,1,Organic Fat Free Milk
111019,37766,1,XL Emerald White Seedless Grapes
111019,39216,1,Original Multigrain Spoonfuls Cereal
111019,39275,1,Organic Blueberries
111019,42507,1,Organic SprouTofu Medium Soft Tofu
111019,43122,0,Organic Bartlett Pear
111019,44352,1,Organic Quick Cooking Steel Cut Oats
111019,48775,1,Organic Red Cabbage
111212,21999,1,Gluten Free Chocolate Coated Wafers
111212,45447,1,Gluten Free Covered Pretzels Yogurt
111212,46486,1,Vanilla Gluten Free Wafers
111327,260,0,Cantaloupe
111327,4367,1,Garlic & Fine Herbs Gournay Cheese
111327,4605,0,Yellow Onions
111327,5876,1,Organic Lemon
111327,8174,1,Organic Navel Orange
111327,20738,0,Plain Bagels
111327,21567,0,Blueberry Almond Breakfast Bars
111327,24184,1,Red Peppers
111327,27966,0,Organic Raspberries
111327,30489,0,Original Hummus
111327,31528,0,Natural Emmentaler Swiss Cheese
111327,34126,1,Organic Italian Parsley Bunch
111327,34335,1,Ruby Red Grapefruit Juice
111327,39812,1,Organic Thyme
111327,40709,1,Sea Salt & Vinegar Potato Chips
111327,46676,1,Total 0% Nonfat Greek Yogurt
111327,49385,0,Classic Beef Stock
111441,3599,1,Baked Aged White Cheddar Rice and Corn Puffs
111441,4493,1,Italian Sparkling Pomegranate And Orange Soda
111441,5785,0,Organic Reduced Fat 2% Milk
111441,9808,0,Organic Cottage Cheese
111441,26706,0,Chicken Pad Thai With Rice Noodles
111441,36135,1,Green Tea Mochi Ice Cream Bonbons
111441,37119,1,Uncured Pepperoni
111441,40709,1,Sea Salt & Vinegar Potato Chips
111554,405,0,100% Organic Diced Tomatoes
111554,2383,0,Vegan Made with Non-GMO Soy Soy Protein Burgers
111554,2966,0,Pure Coconut Water
111554,3957,1,100% Raw Coconut Water
111554,9754,1,Hobnobs
111554,20697,0,Organic Pure Lime Juice
111554,32869,0,Spicy Chik'n Veggie Protein Patties
111554,33568,1,Fresh Tilapia Fillet
111554,34065,0,"Tomatoes, Crushed, Organic"
111554,34427,0,Butter Beans
111554,37065,0,Serrano Chile Peppers
111554,40706,1,Organic Grape Tomatoes
111554,44500,1,Ultra Strong Charmin Ultra Strong Toilet Paper
111879,7021,0,Organic Tomato Paste
111879,24852,1,Banana
111879,24964,0,Organic Garlic
111879,28842,0,Bunched Cilantro
111879,33120,1,Organic Egg Whites
111879,36107,1,smartwater® Electrolyte Enhanced Water
111879,41259,0,Poblano Pepper
111879,44142,1,Red Onion
111879,47766,1,Organic Avocado
111885,8048,1,Packaged Grape Tomatoes
111885,8571,1,Baby Cucumbers
111885,8859,1,Natural Spring Water
111885,9076,1,Blueberries
111885,16797,1,Strawberries
111885,21292,0,Rainbow Bell Peppers
111885,24135,1,Oranges
111885,32689,1,Romaine Hearts
111885,33378,0,Tzatziki Sauce
111885,38768,1,Sweet Kale Salad Mix
112013,8935,0,Artisan Fig & Walnut Savory Balsamic Vinaigrette
112013,18362,1,Organic Bread with 21 Whole Grains
112013,24184,1,Red Peppers
112013,27966,1,Organic Raspberries
112013,28985,1,Michigan Organic Kale
112013,30442,1,Low Fat Vanilla Yogurt
112013,40397,0,Organic Royal Rainbow Quinoa
112013,49683,0,Cucumber Kirby
112123,4796,1,Baby Portabella Mushrooms
112123,9623,1,Sparkling Natural Spring Water
112123,26209,1,Limes
112123,28842,1,Bunched Cilantro
112123,31506,0,Extra Virgin Olive Oil
112123,31821,1,Cubanelle Pepper
112123,32347,0,European Style Unsalted Butter
112123,37065,1,Serrano Chile Peppers
112123,41259,0,Poblano Pepper
112123,42315,0,Tomatillo
112123,48364,1,Sweet Onion
112267,4812,0,Stage 1 Apples & Strawberries Organic Pureed Baby Food
112267,5491,0,Stage 1 Apples Sweet Potatoes Pumpkin & Blueberries Organic Pureed Baby Food
112267,10305,1,Black Plum
112267,16668,1,Bamba Peanut Snack
112267,28311,0,"Fruit Snack, 100% Pure, Organic, Peach and Apple"
112267,30192,0,Organic 4 Months Butternut Squash Carrots Apples + Prunes Baby Food
112267,31504,0,Organic Stage 2 Peaches & Bananas Baby Food
112267,37003,0,"Organic Apples, Carrots and Parsnips Puree"
112267,39032,1,Hearts Of Romaine
112267,41148,1,Hard Cooked Eggs
112267,45763,1,Mini Seedless Cucumbers
112528,1447,1,Organic Baby Lettuces
112528,7419,1,Sweet Red Grape Tomatoes
112528,9387,1,Granny Smith Apples
112528,15872,1,Celery Hearts
112528,32331,1,Flip™ Low-Fat Almond Coco Loco Lowfat Greek Yogurt
112528,44142,0,Red Onion
112528,45596,0,Smart Start Original Antioxidants Cereal
112631,890,0,Organic Diced Tomatoes
112631,10492,0,Coconut Milk
112631,20995,1,Organic Broccoli Florets
112631,27156,1,Organic Black Beans
112651,2480,1,Organic 85% Cacao Dark Chocolate Bar
112651,3075,1,All Natural Smart Classics Roasted Crinkle Cut with Sea Salt Fries
112651,4137,1,Whole Grain Oat Cereal
112651,9339,1,Organic Chicken & Apple Sausage
112651,16518,0,Tropicals Sugar Free 1.65 fl oz Ice Pops
112651,23801,1,Fusilli No. 34
112651,26209,0,Limes
112651,28842,0,Bunched Cilantro
112651,32315,1,Multi-Grain English Muffins
112651,32573,1,Pretzel Sticks
112651,32804,0,"Cheese, Shredded, Parmesan"
112651,34969,0,Red Vine Tomato
112651,38336,1,Skellig 100% Natural Cheese Sweet Cheddar
112651,40332,1,"Cage Free Brown Eggs-Large, Grade A"
112651,43337,1,Pomegranate with Blueberry 100% Juice
112651,44142,1,Red Onion
112691,14536,0,Natural Goodness 33% Less Sodium Chicken Broth
112691,18404,1,Marlborough Sauvignon Blanc Wine
112721,8281,0,Head of Lettuce
112721,14462,1,Sliced Black Olives
112721,18564,1,Diet Ginger Ale All Natural Soda
112721,21903,1,Organic Baby Spinach
112721,22142,1,100% Pure Pumpkin
112721,35784,1,Lemon Sparkling Natural Spring Water
112721,38996,1,Grape Tomatoes
112721,44257,1,Mandarin Orange Sparkling Natural Spring Water
112721,44661,1,Bicolor Sweet Corn
112721,46526,1,French Green Beans
112721,49683,1,Cucumber Kirby
112866,5959,0,Four Cheese Thin Crust Pizza
112866,8053,0,Organic Pineapple Chunks
112866,11933,0,Grated Parmigiano Reggiano
112866,13176,0,Bag of Organic Bananas
113305,1529,1,"Parsley, Italian (Flat), New England Grown"
113305,2272,1,Peppermint
113305,3843,1,Organic Brussels Sprouts
113305,3957,1,100% Raw Coconut Water
113305,6774,1,Brown Fertile Large Grade AA Eggs
113305,26079,1,Carrot Juice
113305,30021,0,Distilled White Vinegar
113305,34244,0,"Bread, Sprouted Sourdough"
113305,35561,1,Organic Tortilla Chips
113305,39612,0,Grated Pecorino Romano Cheese
113305,45200,1,Organic Cauliflower
113371,6691,0,Hard Boiled Eggs Peeled & Ready To Eat
113729,9741,0,Cheese Pizza
113729,11520,0,Large Alfresco Eggs
113729,15649,0,Baby Seedless Cucumbers
113729,21938,0,Green Bell Pepper
113729,23405,0,Pure Baking Soda
113729,26201,0,Chicken Taquitos
113729,27521,0,Organic Lacinato (Dinosaur) Kale
113729,36874,0,Diakon Radish Kimchi
113941,10243,0,Parchment Paper
113941,21903,1,Organic Baby Spinach
113941,23079,1,Cheddar Quinoa Chips
113941,28985,1,Michigan Organic Kale
113941,31717,1,Organic Cilantro
113941,34126,1,Organic Italian Parsley Bunch
113941,35855,0,Unbleached All-Purpose Flour
113941,39984,1,Organic Dill
113941,42123,0,Sparkling Pineapple Coconut Probiotic Drink
113941,44661,0,Bicolor Sweet Corn
114280,8048,1,Packaged Grape Tomatoes
114280,12078,1,Shredded Mexican Blend Cheese
114280,16143,0,Chocolate Chunk Cookies
114280,16797,1,Strawberries
114280,27477,1,Boudin Sliced Sourdough Round
114280,27796,1,Real Mayonnaise
114280,38768,1,Sweet Kale Salad Mix
114323,1823,1,Soft Eating Strawberry Flavored Licorice
114323,9076,0,Blueberries
114323,9339,1,Organic Chicken & Apple Sausage
114323,14161,1,Kiwi
114323,14901,1,Raisins
114323,16797,1,Strawberries
114323,22312,0,Organic Cherry Tomatoes
114323,22825,1,Organic D'Anjou Pears
114323,23291,0,Coconut Chia Bar
114323,24852,1,Banana
114323,25886,0,Wild Blend Rice
114323,27845,1,Organic Whole Milk
114323,28204,1,Organic Fuji Apple
114323,28946,0,Yogurt Tubes Blueberry
114323,31683,1,Original No Pulp 100% Florida Orange Juice
114323,32347,1,European Style Unsalted Butter
114323,32446,1,Bunched Carrots
114323,33929,0,Acai Berry Chia Bar
114323,35042,1,Black Beans
114323,35168,0,Ezekiel 4:9 Sprouted Grain Tortillas
114323,38259,1,Blueberry Greek Yogurt + Chia
114323,38985,0,Organic Stage 4 Spinach Mango & Pear Baby Food
114323,41326,0,Happy Baby Stage 2 Banana & Kiwi Organic Baby Food
114323,43255,1,Banana Chia Pod
114323,46131,0,Deluxe Whole Cashews
114323,46847,1,Quick Cooking Rolled Oats Irish Oatmeal
114323,48205,1,Spinach
114323,49348,0,Barley Toddler Biscuits
114331,5878,0,Organic Ground Cardamom
114331,10243,0,Parchment Paper
114331,20052,0,Organic Cinnamon Sticks
114331,38903,0,Spanish Saffron
114331,46667,0,Organic Ginger Root
114331,48775,0,Organic Red Cabbage
114493,5258,0,Sparkling Water
114493,9755,0,Original Popcorn
114493,21288,0,Blackberries
114493,46061,0,Popcorn
115308,16,0,Mint Chocolate Flavored Syrup
115308,8193,0,Russet Potato
115308,12113,0,Corn Starch
115308,16759,1,Organic Carrot Bunch
115308,17794,1,Carrots
115308,22035,1,Organic Whole String Cheese
115308,31717,0,Organic Cilantro
115308,35535,0,Organic Red Chard Greens
115308,48416,0,Traditional German Egg Broad Pasta
115715,4210,1,Whole Milk
115715,8670,0,Diced Tomatoes
115715,21777,1,Maple Quinoa Cluster With Chia Seeds
115715,22534,0,Kashmiri Curry Mild Indian Simmer Sauce
115715,24852,1,Banana
115715,28842,1,Bunched Cilantro
115715,31553,1,Fresh Ginger Root
115715,34551,0,Organic Cane Sugar
115715,35855,0,Unbleached All-Purpose Flour
115715,42736,0,Unsalted Butter
115715,44570,1,Kale Greens
115715,47086,0,Herbed Chicken Couscous
115723,3008,0,Clara Beer
115723,12129,0,12 Oz Lager
115723,30036,0,Belgian White Wheat Ale
115723,33153,0,IPA
115729,13176,1,Bag of Organic Bananas
115729,13219,1,Organic Unsweetened Plain Soymilk
115729,19702,1,Original Black Tea Brew Kombucha
115840,9515,1,Natural Classic Pork Breakfast Sausage
115840,10761,1,Organic Yokids Lemonade/Blueberry Variety Pack Yogurt Squeezers Tubes
115840,10978,0,Organic Tomato Puree
115840,11737,1,Organic Lemon Lowfat Yogurt
115840,19250,1,"Fruit Spread, Organic, Strawberry"
115840,24964,0,Organic Garlic
115840,27344,1,Uncured Genoa Salami
115840,31288,1,Lowfat Key Lime Yogurt
115840,32655,1,Organic Large Grade AA Brown Eggs
115840,39877,0,Organic Granny Smith Apple
115840,42768,0,Organic Garbanzo Beans
115840,44632,1,Sparkling Water Grapefruit
115840,48364,1,Sweet Onion
115840,48628,0,Organic Whole Wheat Bread
116292,3464,0,"Organic Butterhead (Boston, Butter, Bibb) Lettuce"
116292,4957,0,Total 2% Lowfat Greek Strained Yogurt With Blueberry
116292,5646,0,Organic Turkey Bacon
116292,7963,0,Gluten Free Whole Grain Bread
116292,8277,0,Apple Honeycrisp Organic
116292,9028,0,Virginia Ham
116292,9507,0,Honey Turkey Breast
116292,12980,0,Large Greenhouse Tomato
116292,13877,0,Smoked Salmon
116292,17652,0,Air Chilled Breaded Chicken Breast Nuggets
116292,20995,0,Organic Broccoli Florets
116292,22825,0,Organic D'Anjou Pears
116292,24062,0,Flourless  Sprouted Whole Grain 7-Sprouted Grains English Muffins
116292,27344,0,Uncured Genoa Salami
116292,30252,0,Organic Soft Wheat Bread
116292,30720,0,Sugar Snap Peas
116292,33754,0,Total 2% with Strawberry Lowfat Greek Strained Yogurt
116292,33787,0,Total 2% Lowfat Greek Strained Yogurt with Peach
116292,37646,0,Organic Gala Apples
116292,40268,0,Organic Wheat-Free & Gluten-Free Original Crackers
116292,42193,0,Chocolate Chip Cookie
116292,46990,0,Ground Buffalo
116378,2452,1,Naturals Chicken Nuggets
116378,12756,0,Multigrain Oat Bread
116378,16589,1,Plantain Chips
116378,20327,1,Organic All Natural Blueberry Mini Waffles
116378,21903,1,Organic Baby Spinach
116378,22908,1,Sesame Street Organic Homestyle Mini Pancakes
116378,24852,1,Banana
116378,25371,1,Organic Banana Blueberry Baby Food Puree
116378,47719,1,Banana Raspberry & Brown Rice Stage 2
116378,49075,1,Organic Brown Rice
116457,4374,1,Ultra Soft Bathroom Tissue Double Rolls
116457,9623,1,Sparkling Natural Spring Water
116457,24400,0,Chicken with Rice Condensed Soup
116457,29934,0,Creamy Tomato Soup
116457,33747,0,Traditional Chicken Rice with Vegetables Soup
116458,8424,1,Broccoli Crown
116458,8518,1,Organic Red Onion
116458,13176,1,Bag of Organic Bananas
116458,13702,0,Good Seed Organic Thin Sliced Bread
116458,25890,1,Boneless Skinless Chicken Breasts
116458,46906,1,Grape White/Green Seedless
116983,3798,1,Pink Lady Apples
116983,6184,0,Clementines
117009,7131,1,Light Semisoft Cheese
117009,19204,1,Organic Heritage Flakes Cereal
117009,21137,1,Organic Strawberries
117009,31640,1,Original Puffins Cereal
118072,810,0,Organic Honey Mustard
118072,3479,1,Classic Whipped Cream
118072,6336,0,Organic Soft White Bread
118072,13292,1,"Juice Beverage, Cold Pressed, Kale Apple Ginger Romaine Spinach Cucumber Celery Parsley Lemon"
118072,21137,0,Organic Strawberries
118072,28798,1,Frozen Greek Yogurt Bars Blueberry
118072,30175,0,Authentic French Cheese & Cream Brioche
118072,32611,0,Honey Almond Butter Single
118072,44669,0,Raw Wildflower Honey
118072,45066,0,Honeycrisp Apple
118072,47766,0,Organic Avocado
118154,14252,0,Coke Zero Diet Soda
118154,17995,1,Scented Wax Melts Refill 8 ct - Hawaiian Breeze
118154,20590,0,Disinfecting Wipes Fresh Scent
118154,27966,0,Organic Raspberries
118154,39275,0,Organic Blueberries
118154,43772,1,Cherubs Heavenly Salad Tomatoes
118560,13424,0,Almonds
118560,37710,0,Trail Mix
118968,11365,1,Leaf Spinach
118968,13097,0,Fresh Cut Butternut Squash
118968,14678,1,Organic Frozen Peas
118968,16797,0,Strawberries
119079,45,1,European Cucumber
119079,1158,0,Mango Chunks
119079,9387,1,Granny Smith Apples
119079,17948,0,Frozen Organic Wild Blueberries
119079,20904,0,California Roll Sushi
119079,22227,1,Coconut Cream Pie
119079,23579,1,Peanut Butter Chocolate Chip Fruit & Nut Food Bar
119079,24489,1,Organic Whole Strawberries
119079,24852,1,Banana
119079,26714,1,Chicken Salad
119079,28985,0,Michigan Organic Kale
119079,31848,0,Mini Pretzels
119079,33120,1,Organic Egg Whites
119079,33716,0,Apple Pie Fruit & Nut Food Bar
119079,34511,1,White Sharp Cheddar Cheese
119079,38656,1,Gluten Free Peanut Butter Dark Chocolate Chewy With a Crunch Granola Bars
119079,39415,0,Garlic Granules
119079,40001,1,Vanilla 0% Milkfat Yogurt
119079,40396,1,Guacamole
119079,42625,1,"Flat Parsley, Bunch"
119079,45066,1,Honeycrisp Apple
119079,46802,1,Pineapple Chunks
119290,21903,1,Organic Baby Spinach
119290,22369,0,Dairy-Free Chocolate Protein Beverage
119290,24852,1,Banana
119290,25499,0,Vanilla Plant Based Nondairy Beverage
119290,32134,1,Lactose Free Plain Kefir
119290,33884,0,Bay Leaves
119290,42399,0,Reduced Fat Vegenaise
119290,43995,0,"Vitamin D-3 2,000 I.U. Softgels"
119307,2584,1,Donut Sticks
119307,10656,1,Boneless Chicken Thighs
119307,12351,1,Smooth & Sweet Citrus Punch
119307,12487,1,Yellow American Cheese Singles
119307,12731,1,Rice Sides Mushroom Side Meal
119307,14252,0,Coke Zero Diet Soda
119307,17010,1,Creamy Chicken Flavor Rice Sides
119307,24852,1,Banana
119307,37725,1,Rice Sides Cheddar Broccoli
119307,40490,1,Frozen Breaded Bagged Chicken Nuggets
119307,43049,0,"Dish Liquid/Hand Soap, Triple Action, Orange"
119307,45149,1,Chunk Light Tuna In Water
119307,46391,1,Chicken Nuggets & Fries
119307,47596,1,Fiesta Sides Mexican Rice
119664,24852,1,Banana
119664,27344,0,Uncured Genoa Salami
119664,27845,1,Organic Whole Milk
119664,31334,0,Chocolate Almond & Sea Salt with Chia Granola Bars
119664,34557,0,Salted Caramel Greek Nonfat Yogurt
119664,37718,0,Blueberry Whole Milk Yogurt Pouch
119664,45681,0,Americone Dream® Ice Cream
120280,1181,1,Mini Watermelon
120280,1382,1,Tequila Blanco
120280,4920,1,Seedless Red Grapes
120280,5188,0,Fruit Juicy Red Punch
120280,6444,0,Liquid Cane Sugar
120280,10613,1,Cut & Peeled Baby Carrots
120280,13895,1,London Dry Gin England
120280,26209,1,Limes
120280,31066,0,Aluminum Foil
120280,34024,1,Classic Soda
120280,36051,0,Glass Cleaner
120280,36326,0,Multipurpose Sealing Wrap 70 Sq. Ft.
120280,39832,0,Rise Krisipies Toasted Rice Cereal
120280,39921,1,Lemon Lime Soda
120280,39922,1,Celery Sticks
120280,41290,0,Lemonade
120280,44461,0,Cling Wrap Clear Food Wrap
120280,45930,1,Small Curd Low Fat Cottage Cheese
120377,872,1,Power Greens
120377,3243,1,Red Onions
120377,6236,1,BBQ Ranch Chopped Salad
120377,6612,1,Men's Health NUT-rition Mix
120377,7751,1,Tomato Ketchup
120377,12343,1,"Kale, Apple & Mango Pouch"
120377,17597,1,Disney Frozen Adhesive Bandages
120377,18721,0,"Baked Rice and Corn Puffs, Aged White Cheddar"
120377,19445,1,French Lavender All-Purpose Natural Surface Cleaner
120377,22699,1,Steamfresh Premium Selects Broccoli Florets
120377,24852,1,Banana
120377,27065,1,All Natural Chicken Drumsticks
120377,29689,1,Garden Veggie Straws Sea Salt
120377,32650,1,White Giant Paper Towel Rolls
120377,33614,1,Carb Balance Flour Tortillas
120377,38141,1,"Fiber & Protein Organic Pears, Raspberries, Butternut Squash & Carrots Snack"
120377,41148,0,Hard Cooked Eggs
120377,44479,1,Organic Stringles Mozzarella String Cheese
120377,48205,1,Spinach
120776,3298,1,Mozzarella String Cheese
120776,4565,1,Baked Snack Crackers Original
120776,4957,0,Total 2% Lowfat Greek Strained Yogurt With Blueberry
120776,8277,1,Apple Honeycrisp Organic
120776,10831,1,Yobaby Organic Plain Yogurt
120776,12817,1,Original Baked Whole Grain Wheat Crackers
120776,13176,1,Bag of Organic Bananas
120776,21137,1,Organic Strawberries
120776,22337,1,Great Grains
120776,25715,1,Organic Green Grapes
120776,26790,1,Organic AppleApple
120776,27966,1,Organic Raspberries
120776,28412,1,Veggie Penne Pasta
120776,30756,1,Mandarin Clementine  Bag
120776,33910,1,Large Golden Kiwi
120776,33950,1,Natural California Raisins Mini Snack Boxes
120776,36772,1,Bunny Pasta with Yummy Cheese Macaroni & Cheese
120776,38374,1,Milk and Cookies Ice Cream
120776,39275,1,Organic Blueberries
120776,40571,0,Total 2% Greek Strained Yogurt with Cherry 5.3 oz
120776,41176,0,American Slices Cheese
120776,42013,0,Original Thins
120776,42118,1,Kid Z Bar Organic Honey Graham Energy Snack
120826,6669,0,Breakfast Scramble Wrap
120826,8382,0,Organic Tomato Bisque
120826,13176,0,Bag of Organic Bananas
120826,14233,0,Natural Artesian Water
120826,18394,0,Asian Chopped Salad with Dressing
120826,20132,0,Korean Stir Fry Simmer Sauce
120826,25305,0,Cold Brew Coffee Nitro Can
120826,25890,1,Boneless Skinless Chicken Breasts
120826,31663,0,Vanilla Blueberry Clusters With Flax Seeds Granola
120826,34786,0,Tikka Masala Simmer Sauce
120826,48857,0,Authentic French Brioche
120826,49488,1,Jasmine Green Iced Tea
121210,397,0,Pure Granulated Cane Sugar
121210,1376,1,Buttermilk Biscuits
121210,3952,0,Organic Broccoli Crowns
121210,4920,1,Seedless Red Grapes
121210,9171,0,Organic Balsamic Vinaigrette Dressing
121210,9327,0,Garlic Powder
121210,13176,0,Bag of Organic Bananas
121210,16004,1,"Cheese, Provolone"
121210,18232,0,Beef Skirt Steak
121210,18599,0,Garlic Couscous
121210,21137,1,Organic Strawberries
121210,24177,0,Total 2% Yogurt Key Lime
121210,24964,0,Organic Garlic
121210,25340,0,Large Yellow Flesh Nectarine
121210,26283,0,White Corn
121210,26751,0,Organic Tomato Basil Sauce
121210,27336,0,Organic Rainbow Carrots
121210,27344,0,Uncured Genoa Salami
121210,28745,0,Oven Roasted Turkey
121210,32655,1,Organic Large Grade AA Brown Eggs
121210,33043,0,Crescent Rolls
121210,37288,1,Organic Black Plum
121210,38159,0,Organic Yellow Peaches
121210,42443,1,Whole Milk With Vitamin D
121210,45842,0,Natural Sour Cream
121210,46990,0,Ground Buffalo
121210,47209,1,Organic Hass Avocado
121346,1272,1,Organic Raspberry Ginger
121346,4013,1,Organic Black Currant Probiotic Elixir
121346,5322,1,Gluten Free Dark Chocolate Chunk Chewy with a Crunch Granola Bars
121346,5785,1,Organic Reduced Fat 2% Milk
121346,6400,1,Almond Acai Lite Bar
121346,8174,1,Organic Navel Orange
121346,10753,1,Peanut Butter Bar
121346,11777,1,Red Raspberries
121346,13176,1,Bag of Organic Bananas
121346,17847,1,Carob Chip
121346,20413,1,Berry Pomegranate Chia Energy Bar
121346,21137,1,Organic Strawberries
121346,21607,1,Gluten Free Vanilla Granola
121346,24035,1,Coconut  Chocolate Bar
121346,25043,1,Instant Oatmeal Variety Pack
121346,25587,1,Organic Strawberry Hibiscus Kombucha
121346,27086,1,Half & Half
121346,27845,1,Organic Whole Milk
121346,28204,1,Organic Fuji Apple
121346,35504,1,Real Coconut Water
121346,36205,1,Peanut Butter Egg White Protein Bar
121346,38480,1,Organic Gluten Free Cranberry Crunch Bar
121346,39408,1,Gala Apples
121346,42536,1,Gluten Free Original Granola
121346,45645,1,Dark Chocolate Nuts & Sea Salt Bars
121346,48900,1,Coffee Chocolate Bar
121575,4920,1,Seedless Red Grapes
121575,8277,1,Apple Honeycrisp Organic
121575,10814,0,Applewood Smoked Bacon
121575,14947,1,Pure Sparkling Water
121575,18200,1,Aged White Cheddar Gluten-Free Baked Rice And Corn Puffs
121575,20114,1,Jalapeno Peppers
121575,26047,1,Tuna Salad
121575,28522,0,Coconut Flour
121575,43122,1,Organic Bartlett Pear
121575,44389,1,Gluten Free Original Baguettes
121762,3697,0,Spinach Hummus
121762,6631,0,No Pulp Calcium & Vitamin D Pure Orange Juice
121762,9322,0,Gluten Free The Perfect 10 Crackers
121762,9755,0,Original Popcorn
121762,10246,0,Organic Celery Hearts
121762,11520,0,Large Alfresco Eggs
121762,13176,0,Bag of Organic Bananas
121762,20943,0,Gluten Free Apple Cinnamon Waffles
121762,21267,0,Sourdough Bread
121762,22228,0,Buttermilk Pancakes 8 Count
121762,22935,0,Organic Yellow Onion
121762,26940,0,Organic Large Green Asparagus
121762,27845,0,Organic Whole Milk
121762,27966,0,Organic Raspberries
121762,28535,0,Cucumber & Garlic  Tzatziki
121762,31040,0,Sea Salt Pita Chips
121762,41665,0,Organic Mexican Blend Finely Shredded Cheese
121762,41950,0,Organic Tomato Cluster
121762,43961,0,Organic Peeled Whole Baby Carrots
121762,47209,0,Organic Hass Avocado
121855,25817,1,Zero Calorie Grape Soda
121855,33787,1,Total 2% Lowfat Greek Strained Yogurt with Peach
121855,35140,1,Organic Whole Cashews
121855,35547,1,Organic Baby Kale
121855,43077,1,Coconut Sorbetto
122921,3066,1,Organic Balance Milk Protein Shake Dark Chocolate
122921,3599,1,Baked Aged White Cheddar Rice and Corn Puffs
122921,3737,0,Kids Mixed Berry Twisted Fruit
122921,5991,1,Bok Choy
122921,7916,1,Grilled Chicken Breast
122921,8277,1,Apple Honeycrisp Organic
122921,9018,1,All Natural Virgin Lemonade
122921,9387,1,Granny Smith Apples
122921,13512,1,Organic Smoked Chicken Breast
122921,16145,1,Organic Cannellini Beans
122921,18811,1,Organic Apple Juice
122921,20632,1,Mache Rosettes French Salad Mix
122921,22031,0,Zucchini Noodles
122921,24799,0,Vanilla Skyr Nonfat Yogurt
122921,25931,1,Organic Baby Spinach Salad
122921,26168,1,Newman O's Creme Filled Mint Chocolate Cookies
122921,26209,1,Limes
122921,27454,1,Organic Mini Sandwich Crackers Cheddar Cheese
122921,27690,1,Apple Cinnamon GoGo Squeez
122921,27739,0,Caramel Sea Salt Squares
122921,31952,1,Crunchy Baked Corn Sticks
122921,33527,0,Organic Classic Rich Crackers
122921,35126,0,Organic Z Fruit Grape Rope
122921,35535,1,Organic Red Chard Greens
122921,37158,1,Chicken & Maple Breakfast Sausage
122921,37461,1,Pomodoro Basilico Pasta Sauce
122921,38750,1,"Protein Bar, Chocolate Pretzel"
122921,39561,1,Crackers Cheddar Bunnies Snack Packs
122921,39968,1,Miso Soup
122921,40063,1,Gluten Free Chocolate Chip Cookies
122921,41500,1,"Culinary Stock, Vegetable"
122921,41750,1,Gluten Free Fusilli
122921,42139,0,Fudge Mint Cookies
122921,42265,1,Organic Baby Carrots
122921,42342,0,Roasted Turkey Breast
122921,42585,1,Organic Extra Firm Tofu
122921,44948,0,Organic Z  Mixed Berry Fruit Rope
122921,45007,1,Organic Zucchini
122921,45200,1,Organic Cauliflower
122921,45374,1,Newman O's Creme Filled Chocolate Cookies
122921,46779,0,Raisin Cinnamon Swirl Bread
122921,46979,1,Asparagus
122921,47196,1,Snack Pack Classic Original Hommus With Chips
122921,48595,0,Organic Wheat Square Crackers
122991,177,1,Citrus Terere Yerba Mate
122991,1408,1,Mini Cucumbers
122991,2452,1,Naturals Chicken Nuggets
122991,5994,1,Traditional Refried Beans
122991,8127,1,Mild Traditional Enchilada Sauce
122991,10749,1,Organic Red Bell Pepper
122991,10895,1,Mexican Finely Shredded Cheese
122991,11408,1,Crushed Tomatoes
122991,13851,1,Organic Classic Sea Salt  Oven Crinkles Fries
122991,14233,1,Natural Artesian Water
122991,16759,0,Organic Carrot Bunch
122991,17461,1,Air Chilled Organic Boneless Skinless Chicken Breasts
122991,18828,1,Organic Mint Tereré Yerba Mate Blend
122991,20114,1,Jalapeno Peppers
122991,22935,1,Organic Yellow Onion
122991,24561,1,Organic Cheese Frozen Pizza
122991,25705,1,Butterhead Lettuce
122991,34969,1,Red Vine Tomato
122991,45066,1,Honeycrisp Apple
122991,46720,1,Organic Free Range Chicken Broth
122991,47209,1,Organic Hass Avocado
123160,2086,1,Sustainably Soft Bath Tissue
123160,5337,1,Monterey Jack Cheese
123160,6795,1,Organic Garlic Granules
123160,9224,1,Gluten-Free Supergrain Pasta Elbows
123160,14462,1,Sliced Black Olives
123160,17163,1,Vitamin A & D Fat Free Milk
123160,18382,1,Saltine Crackers
123160,18670,1,Original Enriched Rice Drink
123160,19048,0,Organic Butternut Squash
123160,19348,1,Fat Free Milk
123160,21267,2,Sourdough Bread
123160,26209,1,Limes
123160,27683,1,Black Beans No Salt Added
123160,31506,1,Extra Virgin Olive Oil
123160,32734,1,Spaghetti
123160,32828,2,Italian Sausage
123160,32959,1,Jumbo Veggie Protein Smart Dogs Links
123160,35561,2,Organic Tortilla Chips
123160,37107,0,Ground Cumin
123160,38427,1,Soft Rolls
123160,38558,1,Organic Low Fat Cottage Cheese
123160,39354,0,Chocolate Nirvana Ice Cream
123160,43888,1,Medium Red Enchilada Sauce
123160,44628,0,Organic Dijon Mustard
123160,47209,1,Organic Hass Avocado
123160,47645,1,"Seitan, Traditional, Strips"
123160,49175,1,Organic Pinto Beans
123301,2729,1,Diced Jalapenos
123301,5450,1,Small Hass Avocado
123301,5818,0,White Onion
123301,12914,1,Corn Tortilla Chips
123301,27662,0,Large Grade AA Cage Free Eggs
123301,27958,1,Chicken Drumsticks
123301,31589,1,Petite Diced Tomatoes
123301,35825,0,Jumbo Franks
123366,2855,1,Organic Good Seed Bread
123366,7021,0,Organic Tomato Paste
123366,21938,1,Green Bell Pepper
123366,22504,1,Organic Mountain Forest Amber Honey
123366,24852,1,Banana
123366,26369,1,Organic Roma Tomato
123366,33741,0,Gluten Free Classic Hamburger Buns
123415,9387,0,Granny Smith Apples
123415,24221,1,Organic Red Grapes
123415,24852,1,Banana
123415,39719,0,"Freshly Made. Filled with Creamy Ricotta, Aged Parmesan and Romano Cheeses Three Cheese Tortellini"
123415,45066,1,Honeycrisp Apple
123693,1244,0,Organic Orange Bell Pepper
123693,3952,0,Organic Broccoli Crowns
123693,5456,0,Green Tea With Ginseng and Honey
123693,28199,0,"Clementines, Bag"
123693,28457,0,Lentil Curry
123693,36695,0,Organic Hothouse Cucumbers
123693,36869,0,O'Soy Smooth & Creamy Vanilla Organic Soy Yogurt
123693,42507,0,Organic SprouTofu Medium Soft Tofu
123693,48058,0,Organic Honey'd Corn Flakes Cereal Gluten Free
123962,14161,1,Kiwi
123962,16797,1,Strawberries
123962,21288,1,Blackberries
123962,30450,0,Creamy Almond Butter
124102,890,0,Organic Diced Tomatoes
124102,1870,0,Chipotle Black Bean Burger
124102,4960,0,Three Cheese Mini Pizza Bagels Frozen Snacks
124102,6104,0,Whole Milk Plain Yogurt
124102,9171,0,Organic Balsamic Vinaigrette Dressing
124102,13431,0,Flaky Biscuits
124102,17149,0,Gluten Free Chicken Breast Tenders
124102,22035,1,Organic Whole String Cheese
124102,24964,0,Organic Garlic
124102,27554,0,Gluten Free Blueberry Muffins
124102,30135,0,Cheddar Cheese Burrito
124102,32655,0,Organic Large Grade AA Brown Eggs
124102,36929,0,"Milk, Vitamin D"
124102,44146,0,Gluten Free Paleo Gnocchi
124102,44632,0,Sparkling Water Grapefruit
124102,44910,0,Organic Spring Mix Salad
124102,45249,0,Gluten Free Chocolate Chunk Cookies
124102,45679,0,Gluten Free Cheddar Macaroni & Cheese Rice Pasta
124102,49235,1,Organic Half & Half
124400,2797,1,The Original Mild Picante Sauce
124400,5623,0,"Dentastix® Original, Treats for Toy/Small Dogs"
124400,9712,0,Fat Free Thousand Island Dressing
124400,12086,0,"Antibacterial Kitchen All Purpose Spray Cleaner, Lemon Fresh"
124400,25466,0,Water
124400,27696,1,Multi Surface Vinegar Cleaner
124400,30068,0,Dynostix Rawhide Chew With Meat
124400,32553,0,"Country Stand Juice, Medium Pulp"
124400,37374,1,Cherubs Tomatoes
124400,45607,1,Butter Cooking Spray
124587,15925,0,Macaroni and Cheese
124587,16464,1,Sweet & Salty Nut Almond Granola Bars
124587,21243,0,Simple Favorites Chicken Fettuccini Frozen Entree
124587,23232,1,Klassic Onion Buns 8 ct
124587,23645,1,Sour Cream & Onion Potato Chips
124587,24852,1,Banana
124587,33237,1,Classic Five Cheese Lasagna
124587,35070,1,Santa Fe-Style Rice & Beans
124587,39386,0,AdvantEDGE Carb Control Chocolate Fudge Protein Shake
124587,43026,1,Deli Fresh Honey Shaved Smoked Ham
124587,45961,1,Reduced Fat Medium Cheddar Cheese
124587,47990,0,White Chocolate Macadamia Nut Energy Bar
124862,5258,1,Sparkling Water
124862,5876,1,Organic Lemon
124862,8277,0,Apple Honeycrisp Organic
124862,8518,1,Organic Red Onion
124862,13176,1,Bag of Organic Bananas
124862,21334,0,Organic Peeled Garlic
124862,21903,1,Organic Baby Spinach
124862,24082,0,Organic Dark Sweet Cherries
124862,25705,1,Butterhead Lettuce
124862,25890,0,Boneless Skinless Chicken Breasts
124862,26604,0,Organic Blackberries
124862,33352,1,Organic Kale Greens
124862,41273,0,Broccoli Florets
124862,42265,1,Organic Baby Carrots
124862,43295,0,Unsweetened Vanilla Almond Milk
124862,46979,1,Asparagus
124862,47209,1,Organic Hass Avocado
124971,11512,0,Honey Yoghurt
124971,18110,0,Rice Crackers Sesame
124971,24221,0,Organic Red Grapes
124971,24561,0,Organic Cheese Frozen Pizza
124971,27966,0,Organic Raspberries
124971,46886,0,Raspberry Yoghurt
125073,5479,1,Italian Sparkling Mineral Water
125073,11520,1,Large Alfresco Eggs
125073,13176,1,Bag of Organic Bananas
125073,27966,1,Organic Raspberries
125073,32578,1,Organic Fresh Squeezed Orange Juice
125073,39928,1,Organic Kiwi
125073,40396,1,Guacamole
125073,47209,1,Organic Hass Avocado
125247,12703,0,Organic Mung-Bean Sprouts
125247,17131,1,Cold-Pressed Organic Apple
125247,17706,1,Organic Whole Grain Wheat English Muffins
125247,42469,1,Pacific Cod Fillet
125247,44008,0,Organic Greek Whole Milk Blended Vanilla Bean Yogurt
125247,48017,0,Organic Hoisin Sauce
125695,1131,0,70% Dark Chocolate
125695,5612,1,Reduced Fat Milk
125695,7948,0,Organic Unsalted Butter
125695,18382,0,Saltine Crackers
125695,24372,0,Organic Free Range Chicken with White & Wild Rice Soup
125695,28204,0,Organic Fuji Apple
125695,41658,1,Authentic French Brioche Hamburger Buns
125909,10998,0,Yellow Corn Organic Tortillas
125909,17355,0,Compostable Coffee Filters
125909,18770,0,Uncured Italian Dry Salami
125909,21903,1,Organic Baby Spinach
125909,23545,0,Chocolate Mochi Ice Cream
125909,23835,0,Cold-Pressed Sweet Greens & Lemon Juice
125909,37019,0,Dairy Free Gluten Free Cookie Dough Coconut Milk Frozen Dessert
125909,40604,1,Feta Cheese Crumbles
125909,46049,0,Salt & Pepper Krinkle Chips
126594,196,1,Soda
126682,1476,0,Gummi Bears
126682,8324,0,Organic Bagged Mini Milk Peanut Butter
126682,13709,0,Organic Dailt Vitamin Pops
126682,42342,1,Roasted Turkey Breast
126887,15902,1,100 Calorie  Per Bag Popcorn
126887,27695,1,Natural Chicken & Sage Breakfast Sausage
126887,33401,1,Goat Cheese Crumbles
126887,38293,1,Ground Turkey Breast
126887,42828,1,Whipped Cream Cheese
126949,9598,1,Gogo Squeez Organic Apple Strawberry Applesauce on the Go
126949,13279,1,Fruitables Fruit & Vegetable Juice Strawbery Kiwi
126949,35547,1,Organic Baby Kale
126949,39619,1,Organic Tomato Basil Pasta Sauce
126949,42768,0,Organic Garbanzo Beans
126949,43858,0,Original Coconut Milk Beverage
126949,44514,0,Yellow Straightneck Squash
126949,47766,0,Organic Avocado
126949,49683,1,Cucumber Kirby
126989,4724,1,Broccoli Florettes
126989,5068,1,Cauliflower Florets
126989,5769,1,Organic Chicken Stock
126989,16283,1,Fresh Asparagus
126989,19691,1,Green Seedless Grapes
126989,21385,1,Butter Lettuce
126989,21903,1,Organic Baby Spinach
126989,32079,1,Shredded Parmigiano Reggiano
126989,44683,1,Brussels Sprouts
127180,4920,0,Seedless Red Grapes
127180,22504,0,Organic Mountain Forest Amber Honey
127180,24838,0,Unsweetened Almondmilk
127180,25020,1,Organic Banana Chips
127180,28199,0,"Clementines, Bag"
127180,39928,1,Organic Kiwi
127180,46906,0,Grape White/Green Seedless
127578,3473,1,Clementine Dish Soap
127578,20711,1,Choose-A-Size White Paper Towels 8 Giant Rolls
127578,25718,0,Cold Brew Coffee
127578,37033,0,Non-Stick Parchment Paper
127578,42240,1,Ultra Soft Facial Tissues
127578,47977,1,Grapefruit Sparkling Water
127706,7781,1,Organic Sticks Low Moisture Part Skim Mozzarella String Cheese
127706,9124,0,Broccoli & Cheddar Bake Meal Bowl
127706,10895,1,Mexican Finely Shredded Cheese
127706,18881,0,Coconut Milk Vanilla Frozen Dessert
127706,23848,1,"Pupusas, Pinto Bean & Cheese"
127706,26157,0,Lil Dreamers Vanilla Ice Cream Sandwiches
127706,26209,1,Limes
127706,26298,0,Thin Crust Margherita Pizza with Fresh Mozzarella & Basil
127706,27544,0,Lemon Verbena Hand Soap
127706,27845,1,Organic Whole Milk
127706,35167,0,Organic Spicy Taco Seasoning
127706,35510,0,Organic Yukon Gold Potato
127706,39928,1,Organic Kiwi
127706,44703,0,Minis Coconut Milk Non Dairy Frozen Dessert Fudge Bars
127706,47766,1,Organic Avocado
127706,47788,0,Honeydew Melon
127852,3990,1,Natural Sharp Cheddar Sliced Cheese
127852,13176,1,Bag of Organic Bananas
127852,17746,0,Stewed Italian Recipe Tomatoes
127852,21936,1,Vegetarian Refried Beans
127852,22040,0,Fresh Cut Blue Lake No Salt Added Cut Green Beans
127852,27731,0,Kids! Probiotic Packets Single Serve
127852,31865,0,Four Cheese Ravioli
127852,32784,1,Natural Shredded Mexican Style Four Cheese
127852,33357,1,Fresh Sugar Snap Peas
127852,36291,0,Maximum Strength Original Paste Diaper Rash Ointment
127852,37119,1,Uncured Pepperoni
127852,40348,1,Large Burrito Flour Tortillas
128178,13176,1,Bag of Organic Bananas
128178,25466,1,Water
128178,28156,1,Total 0% Nonfat Plain Greek Yogurt
128178,40709,1,Sea Salt & Vinegar Potato Chips
128402,18113,1,Gluten Free Cracklebred Multigrain
128476,651,0,Organic Salted Butter
128476,2435,0,Teriyaki Meal Bowls
128476,5266,0,Fish Sauce
128476,8296,0,OG Sesame Tamari Rice Cake Organic Rice Cakes
128476,19174,0,Chicken Enchilada Bowl
128476,24810,0,Organic Lightly Salted Brown Rice Cakes
128476,25890,0,Boneless Skinless Chicken Breasts
128476,26201,0,Chicken Taquitos
128476,26620,0,Peach Pear Flavored Sparkling Water
128476,36011,0,Organic Fat Free Milk
128476,43076,0,Wide Egg Noodles
128476,48395,0,Original Rice Pilaf Mix
128476,48974,0,Organic Asian Sesame Dressing
128831,7924,0,Coconut Chocolate Protein Bar
128831,16589,1,Plantain Chips
128831,44632,1,Sparkling Water Grapefruit
128941,2732,1,Gluten Free Pretzel Sticks
128941,11481,0,Organic Quinoa & Brown Rice With Garlic
128941,12312,0,Lavender Hand Soap
128941,12384,1,Organic Lactose Free 1% Lowfat Milk
128941,14852,1,All Natural Marinara Sauce
128941,15146,1,Vanilla Rice Drink
128941,16479,0,"Fruit Spread, Deluxe, Strawberry"
128941,17948,1,Frozen Organic Wild Blueberries
128941,17964,1,Healthy Kids Organic Nutritional Shake Strawberry
128941,18171,1,Natural Sunflower Spread
128941,18670,1,Original Enriched Rice Drink
128941,19240,0,Organic Fuji Red Apple Chips
128941,19627,1,Butternut Squash Pear Stage 2 Baby Food
128941,21783,0,Coconut Milk Vanilla Mini Sandwiches
128941,21903,1,Organic Baby Spinach
128941,25371,1,Organic Banana Blueberry Baby Food Puree
128941,26723,0,Comice Pear
128941,27402,0,Healthy Kids Organic Vanilla Nutritional Shake
128941,27596,0,Classic Original Hommus
128941,31635,1,Vanilla Almond Milk Yogurt
128941,40723,1,Organic Cripps Pink Apples
128941,47167,1,Organic Sunny Days Apple Snack Bars
128941,47209,0,Organic Hass Avocado
128941,47626,0,Large Lemon
128941,49026,1,Plain Almond Milk Yogurt
129092,14947,0,Pure Sparkling Water
129092,20114,0,Jalapeno Peppers
129092,21616,1,Organic Baby Arugula
129092,25890,0,Boneless Skinless Chicken Breasts
129092,26209,1,Limes
129092,31717,0,Organic Cilantro
129092,35221,0,Lime Sparkling Water
129092,40706,0,Organic Grape Tomatoes
129092,47766,0,Organic Avocado
129268,7391,1,Beef Bologna
129268,12011,0,12 Grain Bread
129268,13176,1,Bag of Organic Bananas
129268,14947,1,Pure Sparkling Water
129268,18272,1,Slices Cheddar Cheese
129268,42193,1,Chocolate Chip Cookie
129309,5194,1,Organic Bunny Fruit Snacks Berry Patch
129309,5250,1,Blueberry Muffin Bar
129309,8012,0,Pizza 4 Cheese
129309,12597,1,Organic Bakery Tortillas Whole Spelt
129309,13740,1,Organic Summer Strawberry Bunny Fruit Snacks
129309,13829,1,Mild Salsa
129309,22035,1,Organic Whole String Cheese
129309,24841,1,Aged White Cheddar Baked Rice & Corn Puffs Gluten Free Lunch Packs
129309,26790,1,Organic AppleApple
129309,27156,1,Organic Black Beans
129309,27544,0,Lemon Verbena Hand Soap
129309,28862,0,Chicken Fried Rice
129309,32293,0,Organic Bunny Fruit Tropical Treat Fruit Snacks
129309,32360,1,Creamy Deluxe Shells & Real Aged Cheddar Sauce
129309,35221,1,Lime Sparkling Water
129309,36216,1,Lime Italian Sparkling Mineral Water
129309,41665,1,Organic Mexican Blend Finely Shredded Cheese
129309,41787,1,Bartlett Pears
129309,42803,0,Organic Apple Slices
129309,43352,0,Raspberries
129309,44560,1,Kids Organic Chocolate Chip ZBars
129309,45045,1,Organic Stage 3 Pumpkin Cranberry Apple Baby Food
129309,45767,1,Sunny Days Strawberry Snack Bars
129309,47900,0,"Uncured, No Sugar, Hickory Smoked Bacon"
129447,1006,0,Philadelphia Cream Cheese
129447,2295,0,Yellow Bell Pepper
129447,4778,1,Wheat Thins Reduced Fat Crackers
129447,8590,0,Ground Turkey
129447,13920,0,"Orange, Cherry, & Grape Ice Pops"
129447,15290,0,Orange Bell Pepper
129447,20682,1,Cinnamon Raisin Swirl Pre-Sliced Bagels
129447,21938,0,Green Bell Pepper
129447,22175,1,Cheddar Broccoli Pasta Sides
129447,22952,0,Farfalle Pasta
129447,24852,1,Banana
129447,25952,1,Original Potato Chips
129447,26262,0,Double Cheeseburger Macaroni Hamburger Helper
129447,27237,1,Butter Top Wheat Bread
129447,27356,1,French Onion Dip
129447,33943,1,Sliced Yellow Cling Peaches in Heavy Syrup
129447,36618,0,"12\"" Aluminium Foil"
129447,36790,0,Spring Water Body Wash
129447,40177,1,Original Thin Sausage Pizza
129447,44142,1,Red Onion
129447,46025,0,Pineapple Slices in 100% Pineapple Juice
129660,16595,0,"2% Cottage Cheese, Small Curd"
129660,21591,1,Premium Golden Seeded Hamburger Buns
129660,24852,1,Banana
129660,46785,1,Shredded Red Cabbage
129660,47884,1,World's Best Mac & Cheese
129867,5241,0,Gluten Free Uncured Bacon Breakfast Burrito
129867,6337,0,Chewable Vanilla Twist Lactase Enzyme Supplement
129867,6478,0,Better Than Cream Cheese - Plain Imitation Cream Cheese
129867,10180,1,Popped Salted Caramel Granola Bars
129867,11869,1,String Cheese
129867,14365,0,Whipped Mixed Berry Tub
129867,15913,0,Ranch Veggie Dip
129867,17341,0,Presliced Everything Bagels
129867,23623,1,G Series Perform Glacier Cherry Sports Drink
129867,27554,1,Gluten Free Blueberry Muffins
129867,28599,0,Flavor Variety Instant Oatmeal
129867,29830,1,G2 Glacier Freeze Drink
129867,30807,0,Brown Sugar & Cinnamon Cream Cheese Spread
129867,33508,0,Plain Pre-Sliced Bagel Thins
129867,34247,0,Real Medleys Blueberry Hazelnut Oatmeal
129867,38775,0,Blueberry Muffins
129867,41787,0,Bartlett Pears
129878,16349,1,Organic Yams
129878,20114,0,Jalapeno Peppers
129878,45694,0,Caesar Dressing
130136,7242,0,Ultimate Flora Mega Potent 150 Billion Probiotic Vegetabe Capsules
130359,11520,1,Large Alfresco Eggs
130359,21137,1,Organic Strawberries
130359,27845,1,Organic Whole Milk
130359,37067,0,Organic Banana
130359,44882,0,Mandarin Clementine
130630,275,0,Caramel Sauce
130630,13830,0,Dark Chocolate Sauce
130630,14318,0,Cran-Cherry Juice Drink
130630,15130,0,Fresh Cut Baby Carrots
130630,33452,1,Fruit Punch Sports Drink
130630,38179,0,Cran-Lemonade Juice
131296,581,0,Garnet Sweet Potato (Yam)
131296,27662,0,Large Grade AA Cage Free Eggs
131296,37991,0,8 Inch Pumpkin Pie
131296,40313,0,Classic Lighters
131296,44570,0,Kale Greens
131296,48118,0,Max Gel Clog Remover
131296,48645,1,Unsweetened Coconutmilk
131304,10255,0,Clean Care Mega Rolls Toilet Paper
131796,2962,1,"Milk, Reduced Fat, 2% Milkfat"
131796,5818,1,White Onion
131796,8193,1,Russet Potato
131796,21872,1,Organic Italian Salad
131796,21903,1,Organic Baby Spinach
131796,24852,1,Banana
131796,41540,1,Organic Whole White Mushrooms
131913,19478,0,Organic Marinara Pasta Sauce
131913,21497,1,White Sandwich Bread
131913,27086,0,Half & Half
131913,31371,0,Whole Wheat English Muffins
131913,37193,0,Shelled Edamame
131913,38772,0,Provolone
131913,39619,0,Organic Tomato Basil Pasta Sauce
131913,45364,1,California Veggie Burgers - 4 CT
131913,46906,0,Grape White/Green Seedless
131915,26209,1,Limes
131915,26842,1,Boneless Beef Sirloin Steak
131915,38456,1,Large Grapefruit
131915,39408,0,Gala Apples
131915,42701,1,Organic Sour Cream
131915,44359,1,Organic Small Bunch Celery
131915,46667,1,Organic Ginger Root
131915,49683,1,Cucumber Kirby
132337,6361,0,Soft Potato Bread
132337,9076,0,Blueberries
132337,12341,1,Hass Avocados
132337,19204,1,Organic Heritage Flakes Cereal
132337,19348,0,Fat Free Milk
132337,24489,0,Organic Whole Strawberries
132337,24852,1,Banana
132337,26346,0,Organic Skim Milk
132337,30967,0,Organic Frosted Flakes Cereal
132337,47759,0,Mandarin Oranges
132456,3952,1,Organic Broccoli Crowns
132456,5258,1,Sparkling Water
132456,5876,1,Organic Lemon
132456,11140,1,Organic Romaine Leaf
132456,12206,1,Basil Pesto
132456,21938,1,Green Bell Pepper
132456,22935,1,Organic Yellow Onion
132456,24184,1,Red Peppers
132456,30776,1,Organic Raw Kombucha Gingerade
132456,35504,1,Real Coconut Water
132456,45007,1,Organic Zucchini
132456,47209,1,Organic Hass Avocado
132597,3957,1,100% Raw Coconut Water
132597,39242,1,"Juice, Raw & Cold-Pressed, Purity"
132597,40706,1,Organic Grape Tomatoes
132597,42091,1,Pesto Sauce
132597,49247,1,Coconut Yoghurt
132860,31422,1,100% Orange Juice
133609,432,1,Vanilla Almond Breeze Almond Milk
133609,10054,1,Kellogg's Nutri-Grain Apple Cinnamon Cereal
133609,14403,1,Gluten Free Breaded Chicken Nuggets
133609,15386,1,Whole Grain White Corn Salted Tortilla Chips
133609,19370,1,Roasted Tomato Salsa
133609,20561,1,Brownberry 100% 12 Grain Bread
133609,21351,1,Nutri-Grain Soft Baked Strawberry Cereal Breakfast Bars
133609,22598,1,Kellogg's Nutri-Grain Blueberry Cereal
133609,24852,1,Banana
133609,30511,1,Thin & Crispy Crust Four Cheese Pizza
133609,34862,1,Tiny Twists Pretzels
133609,49520,1,Orange Sparkling Water
133623,20597,0,Chocolate Vanilla Mochi Ice Cream
133767,1999,1,Organic Chicken Broth
133767,28985,1,Michigan Organic Kale
133931,3952,1,Organic Broccoli Crowns
133931,11520,0,Large Alfresco Eggs
133931,13176,0,Bag of Organic Bananas
133931,21137,1,Organic Strawberries
133931,36011,0,Organic Fat Free Milk
133931,36036,0,Organic Orange Fruit Juice
133931,41588,0,Firm Tofu
134135,1005,0,China Green Tips Green Tea
134135,4447,0,Berries 'n Cherries Fruit Snacks
134135,6089,0,Super Chunk Extra Crunchy Natural Peanut Butter Spread
134135,6448,0,Smartfood White Cheddar Cheese Popcorn
134135,7781,0,Organic Sticks Low Moisture Part Skim Mozzarella String Cheese
134135,8695,1,Hot! Jalapeno Potato Chips
134135,11611,0,Strawberry Fruit Snacks
134135,13605,0,Frosted berry Strawberry Toaster Pastries
134135,15700,1,Cheddar Cheese Nut Thins Cracker Snacks
134135,17352,1,100% Whole Wheat English Muffin 6 Ct
134135,17601,0,Peppermint Caffeine Free Herbal Tea Bags
134135,19443,1,Dark Chocolate Cherry Cashew Plus Antioxidants Bars
134135,19451,0,Comforting Chamomile Tea
134135,21290,0,Buffalo Bleu Krinkle Cut Potato Chips
134135,25843,0,Maple Bacon Potato Chips
134135,26348,0,Mixed Fruit Fruit Snacks
134135,29660,0,"Frosted Toaster Pastries, Cherry Pomegran"
134135,32090,0,Extra Long Lasting Polar Ice Flavor Sugarfree Gum
134135,34582,0,Natural Creamy Peanut Butter Spread
134135,35749,0,Ginger Tea
134135,41787,0,Bartlett Pears
134135,43038,1,Mint Chocolate Chip Cookies
134135,45723,1,Harvest Snaps Wasabi Ranch
134135,47977,0,Grapefruit Sparkling Water
134135,49005,0,Dark Brown Butter Organic Chocolate
134135,49054,1,Original Chocolate Chip Cookies
134200,5744,0,Unsalted Chicken Stock
134200,8799,0,1st Foods Sweet Potatoes
134200,9547,1,Turkey Franks
134200,13176,0,Bag of Organic Bananas
134200,13733,0,Red Potatoes
134200,15386,0,Whole Grain White Corn Salted Tortilla Chips
134200,17008,0,Shredded Sharp Cheddar Cheese
134200,17304,0,Powdered Peanut Butter
134200,17600,1,"YoKids Squeezers Organic Low-Fat Yogurt, Strawberry"
134200,20955,0,Cereal
134200,21333,0,Original Whipped Cream Cheese
134200,27429,0,4 Cheese Mexican Fine Cut Shredded Cheese
134200,37113,0,Brown Gravy Mix
134200,38936,0,1st Foods Bananas Baby Food
134200,42460,1,Plain Mini Bagels
134200,44971,0,1st Foods Baby Food- Pears
134286,1511,1,2% Reduced Fat DHA Omega-3 Reduced Fat Milk
134286,2091,1,Almond Nut & Rice Cracker Snacks
134286,27881,0,"Olives, Organic, Kalamata, Pitted"
134286,27977,1,Fresh Goat Cheese Log Herb Chèvre
134286,34128,1,Tzatziki
134286,34281,0,70% Dark Chocolate Bar
134286,35221,0,Lime Sparkling Water
134286,40604,1,Feta Cheese Crumbles
134286,44632,1,Sparkling Water Grapefruit
134286,47621,1,Chocolate Strong Dark
134329,3599,1,Baked Aged White Cheddar Rice and Corn Puffs
134329,4210,1,Whole Milk
134329,4605,1,Yellow Onions
134329,7021,0,Organic Tomato Paste
134329,8193,1,Russet Potato
134329,10132,0,Organic American Cheese Singles
134329,10621,0,Organic Purple Kale
134329,16145,1,Organic Cannellini Beans
134329,17766,1,Grain Free Turkey Formula Cat Food
134329,17872,0,Total 2% Lowfat Plain Greek Yogurt
134329,32864,1,Organic Baby Rainbow Carrots
134329,34129,0,Kale Blazer
134329,34466,1,Sweet Potatoes
134329,42585,1,Organic Extra Firm Tofu
134329,42768,1,Organic Garbanzo Beans
134329,45104,1,ALMONDBREEZE UNSWEETENED
134329,45870,1,"Quinoa, Organic, Whole Grain"
134407,13176,1,Bag of Organic Bananas
134407,19446,1,Thick & Chunky Salsa
134407,39275,1,Organic Blueberries
134407,44008,1,Organic Greek Whole Milk Blended Vanilla Bean Yogurt
134516,5845,1,Lighty Salted Potato Chips
134516,15998,0,Potato Hamburger Buns
134516,22123,1,1% Low Fat Chocolate Milk
134516,38218,1,Rising Crust Three Meat Pizza
134516,43749,0,Organic Ice Cream Vanilla Bean
134516,48779,0,Ground Beef
134730,5077,1,100% Whole Wheat Bread
134730,7521,1,New Orleans Iced Coffee
134730,24024,1,1% Lowfat Milk
134730,24852,1,Banana
135227,3696,1,Original Baked Snack Crackers
135227,3919,1,Hearty Grains 100% Whole Wheat English Muffins
135227,7781,1,Organic Sticks Low Moisture Part Skim Mozzarella String Cheese
135227,14783,1,Chocolate Crunch Rice Cakes
135227,17183,0,Peach Yoghurt
135227,28092,1,Activia Vanilla Low Fat Yogurt
135227,32284,1,Vanilla Almond Pecan Oatmeal Bowl
135227,33552,1,Real Medleys Peach Almond Oatmeal
135227,34079,1,Oatmeal Blueberry & Hazelnut Cup
135227,34247,1,Real Medleys Blueberry Hazelnut Oatmeal
135227,35221,1,Lime Sparkling Water
135227,40198,0,Blueberry Yoghurt
135227,47428,1,Protein & Fiber Hot Oatmeal Farmer's Market Berry Crumble
135227,48717,1,Real Medleys Apple Walnut Oatmeal
135227,49191,1,Cran Raspberry Sparkling Water
135227,49235,1,Organic Half & Half
135237,3330,0,White Cheddar Snack Crackers Cheddar Bunnies
135237,3952,1,Organic Broccoli Crowns
135237,5794,1,House Blend Deep Roast Ground Coffee
135237,6873,1,Organic Iceberg Lettuce
135237,6975,1,World Cuisine Certified Halal Chicken Tikka Masala With Basmati Rice
135237,7622,0,Organic Chicken & Wild Rice Soup
135237,9598,1,Gogo Squeez Organic Apple Strawberry Applesauce on the Go
135237,10246,1,Organic Celery Hearts
135237,10761,1,Organic Yokids Lemonade/Blueberry Variety Pack Yogurt Squeezers Tubes
135237,13176,1,Bag of Organic Bananas
135237,17579,1,Cream Top Strawberry on the Bottom Yogurt
135237,17794,1,Carrots
135237,21137,1,Organic Strawberries
135237,22035,1,Organic Whole String Cheese
135237,27423,0,Real Aged Cheddar Macaroni & Cheese
135237,27522,1,Gluten Free Uncured Bacon Mac and Cheese
135237,28199,0,"Clementines, Bag"
135237,28204,1,Organic Fuji Apple
135237,28928,0,Uncured Black Forest Ham
135237,29544,1,Cream Top Peach on the Bottom Yogurt
135237,30967,1,Organic Frosted Flakes Cereal
135237,32293,1,Organic Bunny Fruit Tropical Treat Fruit Snacks
135237,33043,1,Crescent Rolls
135237,35383,1,Classic White Bread
135237,37876,0,Grated Reggiano Parmigiano
135237,39430,1,New Mexico Taco Skillet Sauce For Chicken
135237,39877,1,Organic Granny Smith Apple
135237,43154,1,Sparkling Mineral Water
135237,45671,0,Lite Italian Dressing
135237,46906,1,Grape White/Green Seedless
135237,48073,0,Ice Cream  The Original Salted Caramel
135237,49683,0,Cucumber Kirby
135450,2295,1,Yellow Bell Pepper
135450,8025,0,Uncured Beef Hot Dogs
135450,8555,0,Sweet Potato Tortilla Chips
135450,17429,0,Jalapeno Hummus
135450,21019,0,Roasted Red Pepper Hummus
135450,23594,0,Medium Salsa
135450,24654,0,Potato Hot Dog Buns
135450,24759,0,Club Soda
135450,25824,0,Pita Chips Simply Naked
135450,26209,1,Limes
135450,30489,0,Original Hummus
135450,31040,0,Sea Salt Pita Chips
135450,31562,0,Sweet Onions
135450,34969,0,Red Vine Tomato
135450,45819,0,Nacho Sliced Jalapenos
135450,46692,0,Multigrain Tortilla Chips
135561,3952,0,Organic Broccoli Crowns
135561,7515,0,Spinach And Ricotta Ravioli
135561,10070,1,Organic 1% Low Fat Milk
135561,16759,0,Organic Carrot Bunch
135561,19057,1,Organic Large Extra Fancy Fuji Apple
135561,21137,1,Organic Strawberries
135561,21903,1,Organic Baby Spinach
135561,22428,0,Fresh Marinara Sauce
135561,22686,0,Whole Wheat Lasagna
135561,22825,0,Organic D'Anjou Pears
135561,24838,1,Unsweetened Almondmilk
135561,27104,1,Fresh Cauliflower
135561,36438,1,Organic Premium Roasted Seaweed Snack
135561,37067,0,Organic Banana
135561,42479,0,Almond Milk Ricotta
135561,43961,1,Organic Peeled Whole Baby Carrots
136099,3283,0,Peanut Butter Creme Cookies
136099,6297,0,Cheese Puffs Original
136099,9217,0,Cold Brew Coffee With Coconut Milk
136099,12039,0,Organic Pear Juice
136099,15803,0,Organic Sweet Potato Puree
136099,18765,0,Santa Fe Barbecue Rice Chips MWO Rice Chips
136099,21137,0,Organic Strawberries
136099,32740,0,Cold-Brew Black Coffee
136099,37971,0,Organic Cranberry Pomegranate Juice
136099,40146,0,Almond Milk Hazelnut Creamer
136099,40960,0,Organic Original Coconut Non-Dairy Beverage
136099,43122,0,Organic Bartlett Pear
136099,48628,0,Organic Whole Wheat Bread
136099,48679,0,Organic Garnet Sweet Potato (Yam)
136099,49224,0,Hazelnut Original Non-Dairy Beverage
136122,11347,0,Men's Ultra Sensitive with Colloidal Oatmeal Shave Gel
136122,18516,1,Center Cut Thick Sliced Bacon
136122,20105,0,Shaving Blade Cartridges
136122,24203,0,Whole Grain Oatmeal Bread
136122,24852,1,Banana
136122,29345,0,Choose-A-Sheet Regular Roll Paper Towels
136122,33493,0,Cotton Swabs
136122,33636,0,Organic Shells And White Cheddar
136122,35948,0,Tonic Water
136122,36322,0,Thin Spaghetti No 11
136122,39475,1,Total Greek Strained Yogurt
136122,46113,0,1 Razor Handle and 2 Freesia Scented Razor Refills  Premium BladeRazor System
136152,21461,1,Triple Creme Goat Brie
136152,21616,1,Organic Baby Arugula
136152,47209,1,Organic Hass Avocado
136152,48007,1,Flax Plus Raisin Bran Cereal
136418,34964,1,Cleansing Towelettes Hydrating Makeup Remover
136485,4130,0,Peanut Butter Cacao Chia Protein Bar
136485,4357,0,Organic Chocolate Almondmilk Pudding
136485,7205,0,Coconut Vanilla Creme Miracle Tart
136485,8467,0,Cinnamon Raisin Bread
136485,13176,1,Bag of Organic Bananas
136485,14084,1,Organic Unsweetened Vanilla Almond Milk
136485,15567,1,Crunchy Chickpeas Falafel
136485,17630,1,YoKids Squeeze! Organic Strawberry Flavor Yogurt
136485,21137,1,Organic Strawberries
136485,24704,1,"Crunchy Pea Snack, Baked, Organic, Southwest Spice"
136485,27966,1,Organic Raspberries
136485,33000,0,Pure Irish Butter
136485,35140,0,Organic Whole Cashews
136485,35815,0,Dairy Free Gluten Free Chocolate Almond Butter Miracle Tart
136485,36127,1,Freshly Squeezed Orange Juice
136485,36342,1,Carrot Raisin Flax Muffins
136485,41063,0,Chia Protein Bar Dark Chocolate Coconut Sea Salt
136485,41458,0,Chocolate Miracle Tart
136485,42561,1,Reduced Fat 1% Milk
136485,46906,1,Grape White/Green Seedless
136485,47209,0,Organic Hass Avocado
136485,48600,0,Organic Cinnamon Apple Chips
136787,15650,0,Crunchy Peanut Butter Granola
136787,21137,0,Organic Strawberries
136787,24852,0,Banana
136787,34565,0,Peanut Butter Whole Grain Clusters
136787,38159,0,Organic Yellow Peaches
136787,38200,0,Apple Juice
137019,4081,0,On the Go Natural Lemonade Drink Mix
137019,10343,0,Teriyaki Chicken Bowl
137019,10722,0,100& Whole Grain Ranch Crackers
137019,19174,0,Chicken Enchilada Bowl
137019,25985,0,Chicken & Apple Smoked Chicken Sausage
137019,27629,0,Trusted Care 2-Ply Tissues
137019,27966,0,Organic Raspberries
137019,28571,0,Pretzel Rods
137019,29091,0,Lean & Fit Chicken Apple Sausage Egg White & Cheddar on Multi Grain Flatbread Breakfast Sandwich
137019,30183,0,Quaker Life Cinnamon Cereal
137019,31215,0,Lemon Yogurt
137019,39275,0,Organic Blueberries
137019,42240,0,Ultra Soft Facial Tissues
137262,33768,1,Sinfully Sweet Campari Tomatoes
137262,34497,0,"Prosciutto, Americano"
137262,40879,1,Pesto Sauce With Pine Nuts
137262,41540,0,Organic Whole White Mushrooms
137909,33783,1,Pears
137909,37710,1,Trail Mix
137909,46562,1,Sweet & Salty Nut Granola Bars Peanut
137909,47402,1,Fuji Apples
138384,2295,1,Yellow Bell Pepper
138384,7021,0,Organic Tomato Paste
138384,15290,1,Orange Bell Pepper
138384,17878,0,Grilled Chicken Breast Strips
138384,21288,1,Blackberries
138384,28204,1,Organic Fuji Apple
138384,28849,1,No Salt Added Black Beans
138384,41463,0,Cannellini Beans
138384,42265,1,Organic Baby Carrots
138384,42585,1,Organic Extra Firm Tofu
138384,47766,0,Organic Avocado
138384,48204,0,Tamari Gluten Free Soy Sauce
138384,49175,1,Organic Pinto Beans
138425,24184,1,Red Peppers
138425,38689,1,Organic Reduced Fat Milk
138425,47977,1,Grapefruit Sparkling Water
138483,1194,1,Natural Artisan Water
138483,2966,1,Pure Coconut Water
138483,8277,1,Apple Honeycrisp Organic
138483,18465,1,Organic Grade A Free Range Large Brown Eggs
138483,21288,0,Blackberries
138483,31553,1,Fresh Ginger Root
138483,38662,1,Roasted Almond Butter
138483,40821,1,Organic Mayonnaise with Olive Oil
138483,43122,1,Organic Bartlett Pear
138483,46676,1,Total 0% Nonfat Greek Yogurt
138483,47766,1,Organic Avocado
138483,49683,1,Cucumber Kirby
138506,2462,1,Rainbow Trout Fillet
138506,8424,1,Broccoli Crown
138506,10814,0,Applewood Smoked Bacon
138506,15937,1,Shallot
138506,17568,0,Pitted Prunes
138506,22367,1,Total 0% Cherry Nonfat Yogurt
138506,28682,0,Chocolate Peanut Butter Cup Gelato
138506,30353,0,Curate Cherry Lime Sparkling Water
138506,37825,1,Organic Whole Wheat Fusilli
138506,39475,1,Total Greek Strained Yogurt
138506,40229,0,Organic Whole Wheat Penne Rigate
138506,40898,0,Vanilla Caramel Fudge Ice Cream
138506,43352,1,Raspberries
138506,44632,1,Sparkling Water Grapefruit
138506,45681,1,Americone Dream® Ice Cream
138506,47626,1,Large Lemon
138506,48679,1,Organic Garnet Sweet Potato (Yam)
138506,49191,0,Cran Raspberry Sparkling Water
138763,4487,0,Vegetarian Organic Golden Corn
138763,11520,0,Large Alfresco Eggs
138763,13176,1,Bag of Organic Bananas
138763,21903,1,Organic Baby Spinach
138763,22312,0,Organic Cherry Tomatoes
138763,23537,0,Light Brown Sugar
138763,24320,0,Vanilla Almond
138763,26209,0,Limes
138763,27323,0,Pure & Natural Sour Cream
138763,30720,0,Sugar Snap Peas
138763,30957,0,Mild Tomatillo Salsa
138763,31095,0,Jade Pearl Rice Ramen
138763,31523,0,Southwest Taco Seasoning Mix
138763,33572,1,Lactose Free 2% Reduced Fat Milk
138763,35217,0,Toasted Sesame Seed Oil
138763,38293,0,Ground Turkey Breast
138763,42585,1,Organic Extra Firm Tofu
138763,43961,0,Organic Peeled Whole Baby Carrots
138763,47209,1,Organic Hass Avocado
139304,2295,1,Yellow Bell Pepper
139304,9839,0,Organic Broccoli
139304,13176,1,Bag of Organic Bananas
139304,18234,1,Organic Spinach Bunch
139304,20600,1,Sweet & Salty Kettlecorn
139304,26369,1,Organic Roma Tomato
139304,27316,1,"Trop50 No Pulp Orange Juice w/ Calcium + Vitamin D, 50% Less Sugar & Calories"
139304,40852,1,Lactose Free Fat Free Milk
139304,42460,1,Plain Mini Bagels
139304,43352,1,Raspberries
139304,47766,1,Organic Avocado
139366,2135,1,5-Lettuce Mix
139366,4605,1,Yellow Onions
139366,11233,1,100% Whole Wheat Pre-Sliced Sandwich Thins
139366,12743,1,Special K Chocolatey Delight Cereal
139366,14952,0,Sweet & Crunchy Salad Blend
139366,33351,1,Light Multi-Grain English Muffins
139366,37766,1,XL Emerald White Seedless Grapes
139366,38400,1,Asparation/Broccolini/Baby Broccoli
139366,40619,1,"Bocconcini, Fresh Mozzarella"
139366,43295,1,Unsweetened Vanilla Almond Milk
139439,3689,0,Beef Broth
139439,3990,0,Natural Sharp Cheddar Sliced Cheese
139439,4605,0,Yellow Onions
139439,6592,0,Premium Light Beer
139439,12894,0,Honey Nut Chex Cereal
139439,16696,0,Coke Classic
139439,16768,0,100% Lactose Free Reduced Fat Calcium Enriched Milk
139439,16882,0,Baby Spring Mix
139439,18534,0,Grade A Extra Large Eggs
139439,24852,0,Banana
139439,25554,0,Creamer
139439,29307,0,Baby Arugula
139439,33065,0,Cabernet Sauvignon
139439,36431,0,Hardwood Smoked Bacon
139439,38154,0,Original Sour Cream
139439,38996,0,Grape Tomatoes
139439,44142,0,Red Onion
139439,44632,0,Sparkling Water Grapefruit
139439,45190,0,Vodka
139439,48871,0,Natural Tomato Paste
139439,49139,0,Salsa Con Queso Medium
139455,2966,0,Pure Coconut Water
139455,4920,1,Seedless Red Grapes
139455,5373,0,Organic No Salt Added Diced Tomatoes
139455,6187,0,Raisin Bran Cereal
139455,7580,0,Kalamata Olives
139455,10753,1,Peanut Butter Bar
139455,13984,0,Organic Mint
139455,16525,0,Organic Chopped Garlic
139455,17872,1,Total 2% Lowfat Plain Greek Yogurt
139455,21616,1,Organic Baby Arugula
139455,22935,0,Organic Yellow Onion
139455,26604,1,Organic Blackberries
139455,30290,0,100% Recycled Bath Tissue Rolls
139455,30489,1,Original Hummus
139455,38293,0,Ground Turkey Breast
139455,40604,1,Feta Cheese Crumbles
139496,13176,1,Bag of Organic Bananas
139496,13646,0,Lemon Hummus
139496,14084,1,Organic Unsweetened Vanilla Almond Milk
139496,20842,1,Total 0% Greek Yogurt
140017,744,0,Organic Four Bean Feast Baby Food
140017,2452,1,Naturals Chicken Nuggets
140017,5491,1,Stage 1 Apples Sweet Potatoes Pumpkin & Blueberries Organic Pureed Baby Food
140017,13176,1,Bag of Organic Bananas
140017,18918,0,Organic Chopped Spinach
140017,19057,1,Organic Large Extra Fancy Fuji Apple
140017,22935,0,Organic Yellow Onion
140017,30192,1,Organic 4 Months Butternut Squash Carrots Apples + Prunes Baby Food
140017,31504,1,Organic Stage 2 Peaches & Bananas Baby Food
140017,34134,1,Spinach Peas & Pear Stage 2 Baby Food
140017,47209,1,Organic Hass Avocado
140017,47492,0,Organic Berry Blend
140017,49044,0,"Organic Pears, Peas and Broccoli Puree Stage 1"
140109,3142,1,Organic Short Grain Brown Rice
140109,5025,0,Green Onions
140109,6474,1,Organic Sparkling Cider
140109,15392,0,Organic Mayonnaise
140109,21057,0,Organic Brown Rice Spaghetti
140109,39799,0,Classic Ketchup
140109,43122,1,Organic Bartlett Pear
140250,329,1,Organic Whole Grassmilk Milk
140250,7350,0,Natural Lime Flavor Sparkling Mineral Water
140250,21137,1,Organic Strawberries
140250,28289,1,Organic Shredded Carrots
140250,30391,0,Organic Cucumber
140250,30489,1,Original Hummus
140250,33768,0,Sinfully Sweet Campari Tomatoes
140250,43122,0,Organic Bartlett Pear
140250,46069,1,Supergreens!
140432,13176,1,Bag of Organic Bananas
140432,18176,1,Organic Strawberry Yogurt & Fruit Snack
140432,22825,1,Organic D'Anjou Pears
140432,27247,1,Original Soy Creamer
140432,28358,1,Chocolate Chip Vegan Cookie Dough
140432,31315,1,Cobb Salad With Chicken & Bacon
140432,45504,1,Whole Organic Omega 3 Milk
140969,14197,1,Tomato Paste
140969,23400,0,Organic Premium Tomato Paste
140969,34126,0,Organic Italian Parsley Bunch
140969,37053,0,Just Mayo
140969,49683,1,Cucumber Kirby
141362,2480,0,Organic 85% Cacao Dark Chocolate Bar
141362,7948,0,Organic Unsalted Butter
141362,23543,0,Organic Extra Large Brown Eggs
141362,36695,1,Organic Hothouse Cucumbers
141362,38255,0,"Gelato Squares, Key Lime Graham"
141398,29372,0,Prilosec Heart Burn Relief 20 Mg Tablets
141483,2326,1,Organic Blueberry Waffles
141483,2825,0,Organic Original Hommus
141483,5077,1,100% Whole Wheat Bread
141483,7500,0,Organic Vanilla Extract
141483,12246,0,Drink It Up Coconut Milk Natural Hawaiian Shampoo
141483,12845,1,Chopped Walnuts
141483,19660,1,Spring Water
141483,20178,1,Organic Quinoa Dark Chocolate Bar
141483,21903,1,Organic Baby Spinach
141483,24489,0,Organic Whole Strawberries
141483,24852,0,Banana
141483,25659,0,Organic Coconut Milk
141483,25753,1,Organic Homestyle Waffles
141483,27299,1,Organic SprouTofu Firm Water Packed Tofu
141483,34590,0,Pitted Dates
141483,35951,1,Organic Unsweetened Almond Milk
141483,37646,1,Organic Gala Apples
141483,38944,1,Seven Grain Crispy Tenders
141483,39279,1,Fat Free Smart Ground Mexican Style Taco Protein Crumbles
141483,42356,1,Strawberry Preserves
141483,42768,1,Organic Garbanzo Beans
141483,43920,0,Organic Powdered Sugar
141483,45664,0,Onion Powder
141483,46069,1,Supergreens!
141483,48220,1,Almond Milk Peach Yogurt
141483,48595,1,Organic Wheat Square Crackers
141773,6104,1,Whole Milk Plain Yogurt
141773,16145,0,Organic Cannellini Beans
141773,18027,0,Ezekiel 4:9 Bread Organic Sprouted Whole Grain
141773,21903,1,Organic Baby Spinach
141773,23236,1,Chopped Spinach
141773,25890,0,Boneless Skinless Chicken Breasts
141773,27845,1,Organic Whole Milk
141773,28849,1,No Salt Added Black Beans
141773,32347,0,European Style Unsalted Butter
141773,32486,1,Shredded 3 Cheese Blend
141773,34034,1,Roasted Garlic Pasta Sauce
141773,42265,1,Organic Baby Carrots
141773,42617,0,Organic Great Northern Beans
141773,44580,1,Baby Bok Choy
141815,10017,0,Tilapia Filet
141815,25890,0,Boneless Skinless Chicken Breasts
142281,12069,1,Organic Campari Cocktail Tomatoes
142281,36342,0,Carrot Raisin Flax Muffins
142281,38490,1,Coconut Water Organic
142281,42102,1,Natural Sunflower Seed Bread
142348,31564,1,Crackers
142348,40203,1,Mint Chip Ice Cream
142348,44234,1,Squeeze Tomato Ketchup
142432,10133,1,Rockin Refuel Chocolate Protein Milk Beverage
142432,10673,1,Original Nooks & Crannies English Muffins
142432,15489,1,Curiously Strong Mints Peppermint
142432,16254,1,ZBar Organic Chocolate Brownie Energy Snack
142432,23892,1,Original High Efficiency Liquid Laundry Detergent
142432,27985,1,Smartwater Electrolyte Enhanced Water
142432,32650,1,White Giant Paper Towel Rolls
142432,33439,1,Deep Moisture Body Wash
142432,36107,1,smartwater® Electrolyte Enhanced Water
142432,37479,1,April Fresh® Liquid Fabric Softner
142432,38672,1,Hazelnut Fat Free Liquid Coffee Creamer
142432,47865,0,Quart Storage Bags
143118,2547,0,Disinfecting Bathroom Cleaner - Lemongrass Citrus
143118,6833,1,Udo's Choice Super 8 Probiotic Capsules
143118,23672,0,Multi-Surface Concentrate Lemon Verbena
143118,25407,0,Mashed Potatoes
143118,49072,0,Lemon Verbena Laundry Detergent
143155,24852,1,Banana
143177,7175,1,Organic Whipped Naturally Buttery Spread
143177,8859,1,Natural Spring Water
143177,18670,1,Original Enriched Rice Drink
143177,32655,0,Organic Large Grade AA Brown Eggs
143177,34121,1,Organic Roots Juice
143177,43295,1,Unsweetened Vanilla Almond Milk
143177,43643,1,Organic Strawana Probugs Kefir
143177,45948,1,Gluten Free 7 Grain Bread
143240,8518,0,Organic Red Onion
143240,18479,1,Organic Low Sodium Vegetable Broth
143240,22384,0,Italian Dill Pickle Chips
143240,22935,1,Organic Yellow Onion
143240,29487,0,Roma Tomato
143240,34358,1,Garlic
143240,34427,0,Butter Beans
143240,42075,0,Lavender Multi-Surface Everyday Cleaner
143240,48679,1,Organic Garnet Sweet Potato (Yam)
143621,3382,1,Organic Eggplant
143621,4659,1,Organic Sloppy Joe Seasoning
143621,4792,1,Panda Puffs Peanut Butter Cereal
143621,4799,1,Shredded Parmesan
143621,5649,1,La Vodka Cooking Sauce
143621,7021,1,Organic Tomato Paste
143621,7781,1,Organic Sticks Low Moisture Part Skim Mozzarella String Cheese
143621,9808,1,Organic Cottage Cheese
143621,15290,1,Orange Bell Pepper
143621,18370,1,Organic Shredded Mozzarella
143621,18465,1,Organic Grade A Free Range Large Brown Eggs
143621,23044,1,Cream Top Smooth & Creamy Vanilla Yogurt
143621,24852,1,Banana
143621,34969,1,Red Vine Tomato
143621,39475,1,Total Greek Strained Yogurt
143621,41890,1,Organic Mesa Sunrise Cereal
143621,44765,1,Colby Cheese Sticks
143621,47209,1,Organic Hass Avocado
143642,4942,1,Vanilla Almond Breeze
143642,17316,1,Vitamin D Organic Whole Milk
143642,19106,1,Red Pear
143642,25804,1,Original Soy Milk
143642,27925,1,Organic Red Bartlett Pear
143642,30557,1,Manzano Banana
143642,45066,1,Honeycrisp Apple
143642,47144,1,Unsweetened Original Almond Breeze Almond Milk
143642,49235,1,Organic Half & Half
143642,49517,1,0% Fat Free Organic Milk
143986,1158,1,Mango Chunks
143986,1402,1,Plain Soymilk Creamer
143986,3712,1,Grilled Marinated Artichoke Hearts
143986,8580,1,VitaminWater Zero™ XXX Acai Blueberry Pomegranate
143986,17794,1,Carrots
143986,17902,1,Liquid Egg Whites
143986,21872,1,Organic Italian Salad
143986,24184,1,Red Peppers
143986,24852,1,Banana
143986,26165,1,Electrolyte Enhanced Water
143986,26209,1,Limes
143986,26604,1,Organic Blackberries
143986,34128,1,Tzatziki
143986,38456,1,Large Grapefruit
143986,39922,1,Celery Sticks
143986,41329,1,Carrot And Celery Sticks
143986,44292,1,Premium Unsweetened Iced Tea
143986,45007,1,Organic Zucchini
143986,46676,1,Total 0% Nonfat Greek Yogurt
143986,49683,1,Cucumber Kirby
144241,4020,1,Gentle Skin Cleanser
144241,6087,1,Fresh Goat Cheese
144241,33279,1,Low Sodium Bacon
144399,1377,1,Organic Lactose Free Strawberry Yogurt
144399,4605,0,Yellow Onions
144399,5537,1,Dairy Free Coconut Milk Frozen Dessert Minis
144399,26209,0,Limes
144399,34358,1,Garlic
144399,45535,0,Organic Low Sodium Chicken Broth
144766,42110,0,Organic Macaroni Shells & Real Aged Cheddar
144805,7916,0,Grilled Chicken Breast
144805,14309,0,Sprouted Pumpkin Seeds with Celtic Sea Salt
144805,17468,0,Raw Almonds
144805,21303,0,Lean Protein & Fiber Bar Chunky Chocolate Peanut
144805,21405,0,"Organic Red Radish, Bunch"
144805,21543,1,Organic Quick Oats
144805,21903,1,Organic Baby Spinach
144805,29418,1,Fluoride-Free Antiplaque & Whitening Peppermint Toothpaste
144805,47209,1,Organic Hass Avocado
144805,47626,1,Large Lemon
144805,48775,0,Organic Red Cabbage
144825,449,1,Chips Ahoy! Chewy Cookies
144825,1393,0,Diet Lemon Tea
144825,4137,0,Whole Grain Oat Cereal
144825,6631,1,No Pulp Calcium & Vitamin D Pure Orange Juice
144825,9152,1,Mountain Berry Blast Sports Drink
144825,14140,1,Ultra Soft & Strong
144825,15716,0,Packets No Calorie Sweetener
144825,17634,0,Chick Peas
144825,21179,1,Tall Kitchen 13 Gallon Drawstring Bags
144825,22017,1,Honey Wheat Braided Twists
144825,22699,0,Steamfresh Premium Selects Broccoli Florets
144825,23041,1,"Casual Foam Plates, 8.875\"""
144825,24797,1,Watermelon 3 in 1 Shampoo Conditioner and Body Wash
144825,27102,1,BelVita Blueberry Breakfast Biscuit Packs
144825,33129,0,Classic Hummus
144825,33438,0,Rosemary & Olive Oil Quinoa Blend
144825,35284,0,Dark Chocolate Sugar Free Pudding Snacks
144825,36310,1,VIA Ready Brew Colombia Coffee
144825,38200,1,Apple Juice
144825,45440,1,On the Go Lemon Iced Tea Drink Mix
144825,47611,1,M&M's Vanilla Lowfat Yogurt
144825,47766,0,Organic Avocado
144956,21137,1,Organic Strawberries
144956,22963,1,Organic Roasted Turkey Breast
144956,27454,1,Organic Mini Sandwich Crackers Cheddar Cheese
145173,4137,1,Whole Grain Oat Cereal
145173,6647,0,Navel Orange
145173,9076,1,Blueberries
145173,11461,1,White Corn Tortillas
145173,12341,1,Hass Avocados
145173,14633,0,Veggie Chips
145173,16185,1,Sharp Cheddar Cheese
145173,16797,1,Strawberries
145173,16953,1,Creamy Peanut Butter
145173,19910,0,Old Fashioned Nutty Chunky Peanut Butter
145173,21296,1,3-Ply Paper Towel Rolls
145173,23909,1,2% Reduced Fat Milk
145173,24852,1,Banana
145173,25804,1,Original Soy Milk
145173,28204,1,Organic Fuji Apple
145173,28931,1,Honey Bunches of Oats Honey Roasted Cereal
145173,30230,0,Clover Blossom Honey
145173,30958,1,Honey Mustard and Onion Pretzels Pieces
145173,40459,1,Old Fashioned Smooth Peanut Butter
145173,41844,1,Honey Nut Cheerios
145173,44475,1,Honey Bunches of Oats Honey Roasted with Almonds Cereal
145173,49605,1,Classic Hummus Family Size
145483,3389,1,Diet Dr.Pepper Soda Pack
145483,33351,1,Light Multi-Grain English Muffins
145483,36170,1,Reduced Fat Original Baked Snack Crackers
145483,47244,1,Wild Collection Wolfthorn Deodorant
145483,49520,1,Orange Sparkling Water
145549,16797,1,Strawberries
145549,17872,1,Total 2% Lowfat Plain Greek Yogurt
145549,27156,0,Organic Black Beans
145549,27845,1,Organic Whole Milk
145549,33845,1,Organic YoBaby Vanilla Yogurt
145549,35108,0,Salted Butter
145549,39561,0,Crackers Cheddar Bunnies Snack Packs
145549,45066,1,Honeycrisp Apple
145549,47766,1,Organic Avocado
145918,9252,1,Signature Recipes Four Cheese Alfredo Pasta Sauce
145918,21067,1,Reduced Fat Sliced Provolone Cheese
145918,34222,0,Squeeze Grape Jelly
145918,37849,1,Velveeta Shells & Cheese Pasta
145918,45588,1,Pizzeria Style Classic Crust Pepperoni Pizza
146006,890,0,Organic Diced Tomatoes
146006,13176,1,Bag of Organic Bananas
146006,13554,1,Organic Gluten Free Dude Ranch Multigrain Snack Chips
146006,14633,1,Veggie Chips
146006,21903,0,Organic Baby Spinach
146006,34358,0,Garlic
146006,36793,0,Italian Seasoning
146006,39530,0,French Vanilla Light Roast Ground Coffee
146123,8006,0,Chopped Organic Garlic
146123,10749,0,Organic Red Bell Pepper
146123,14050,0,Double Chocolate Chip Protein Bar
146123,19154,0,Coconut Fruit Bars
146123,22883,0,Organic Penne Rigate Whole Wheat Pasta
146123,24852,0,Banana
146123,26629,0,Cherry Pie Fruit & Nut Bar
146123,29487,0,Roma Tomato
146123,30450,0,Creamy Almond Butter
146123,31292,0,All Natural Cinnamon Raisin Bread
146123,34590,0,Pitted Dates
146123,35708,0,Chocolate Coconut Chew Flavored Bar
146123,36164,0,Organics Spinach
146123,40545,0,Berry Medley
146123,41463,0,Cannellini Beans
146381,260,1,Cantaloupe
146381,2164,0,"Waffles, Sweet Belgian, Vanilla"
146381,3599,1,Baked Aged White Cheddar Rice and Corn Puffs
146381,5785,1,Organic Reduced Fat 2% Milk
146381,7781,1,Organic Sticks Low Moisture Part Skim Mozzarella String Cheese
146381,9224,1,Gluten-Free Supergrain Pasta Elbows
146381,10125,1,Yokids Organic Strawberry Banana Lowfat Yogurt Squeeze
146381,16262,1,Everything Bagels
146381,18523,1,Total 2% All Natural Greek Strained Yogurt with Honey
146381,19155,1,Organic 1% Lowfat Milk
146381,21009,1,"Crispy Wheat, Crackers"
146381,21203,1,Carrot Juice Organic Pure Originals
146381,24561,1,Organic Cheese Frozen Pizza
146381,32895,0,Organic Persian Cucumbers
146381,33043,0,Crescent Rolls
146381,33527,1,Organic Classic Rich Crackers
146381,33572,1,Lactose Free 2% Reduced Fat Milk
146381,34448,0,Original Veggie Straws
146381,38159,1,Organic Yellow Peaches
146381,38544,1,Organic Whole Milk Strawberry Beet Berry Yogurt Pouch
146381,39794,1,Red Plum
146381,40469,1,Strawberry Flavored Organic Z Fruit Rope
146381,41658,1,Authentic French Brioche Hamburger Buns
146381,43122,1,Organic Bartlett Pear
146381,48679,1,Organic Garnet Sweet Potato (Yam)
146381,49235,1,Organic Half & Half
146484,330,0,Chilpotles in Adobo Sauce
146484,20520,0,Mild Diced Green Chiles
146484,32433,0,Green Peas
147436,10673,1,Original Nooks & Crannies English Muffins
147436,13641,1,Earl Grey  Black Tea Blend
147436,35440,0,FreshCare Flushable Cleansing Cloths Refill
147436,37940,1,Original Strawberry Low Fat Yogurt
147436,47599,0,ForceFlex Extra Strong Large Trash Bags
147436,47962,1,Fresh Ground Turkey
147474,6184,1,Clementines
147474,9387,1,Granny Smith Apples
147474,17316,1,Vitamin D Organic Whole Milk
147474,18523,1,Total 2% All Natural Greek Strained Yogurt with Honey
147474,20638,0,Coconut Sugar Pure & Unrefined
147474,24253,1,Go Lean Cereal
147474,27582,1,Dark Chocolate Minis
147474,27772,1,Tropical Green Tea Bags
147474,28204,1,Organic Fuji Apple
147474,32177,1,Blood Oranges
147474,36724,0,Organic Sea Salt Roasted Seaweed Snacks
147474,38467,1,"Raspberries, Red, Organic"
147474,39275,1,Organic Blueberries
147474,47941,1,Special K Red Berries Cereal
147629,22959,0,Reduced Fat Milk 100% Lactose Free
147834,13176,1,Bag of Organic Bananas
147834,16797,1,Strawberries
147834,26047,1,Tuna Salad
147834,28465,1,Icelandic Style Skyr Blueberry Non-fat Yogurt
147834,29370,1,Organic White Cheddar Popcorn
147834,33891,1,Rib Bone
147834,36865,1,Non Fat Raspberry Yogurt
147834,46206,0,Red Grapefruit
147834,47766,1,Organic Avocado
148241,43352,1,Raspberries
148567,2974,0,Regular
148567,9409,0,Dry Roasted Peanuts
148567,29153,1,Classic Pizza Crust
148567,41171,0,Pizza Squeeze Pizza Sauce
148567,44867,1,Soft & Chewy Candy
149113,25872,1,Salted Caramel & Chocolate Non Dairy Frozen Dessert
149113,42972,0,Natural Pure Sparkling Water
149218,325,1,Veggie-Style Mini Corn Dogs
149218,5653,1,Chicken Curry Salad
149218,12011,1,12 Grain Bread
149218,12140,1,Diet Soda
149218,14726,1,"Mini 8\"" Italian Pizza Crusts"
149218,15872,0,Celery Hearts
149218,16234,1,Vitamin D Organic Milk
149218,17744,1,Dark Chocolate  with A Touch Of Sea Salt
149218,19057,0,Organic Large Extra Fancy Fuji Apple
149218,22275,0,Sriracha Hot Chili Sauce
149218,36085,0,Berry Berry Good Lemonade Organic Juice Drink
149218,36118,1,Double Fiber Whole Grain Sliced English Muffins
149297,1503,1,Low Fat Cottage Cheese
149297,4471,0,Mozzarella Finely Shredded Shredded Cheese
149297,4620,1,Ginger Root
149297,5025,1,Green Onions
149297,6025,0,Spring Roll Wrappers
149297,11526,0,Napa Cabbage
149297,12679,0,Peppercorn Medley Grinder
149297,14519,0,Soothing Aloe Vera Moisturizing Body Wash
149297,15290,1,Orange Bell Pepper
149297,15664,1,Tomatoes Sauce
149297,15945,1,Freshly Shredded Parmesan Cheese
149297,27361,1,Cello Carrots
149297,32605,0,Glory's Sweet Cherry Tomatoes
149297,34615,0,Golden Yellow Bell Peppers
149297,38000,1,Unsweetened Apple Sauce
149297,41273,1,Broccoli Florets
149297,44085,1,Vanilla Light & Fit Greek Yogurt
149297,44570,1,Kale Greens
149901,4799,0,Shredded Parmesan
149901,7021,0,Organic Tomato Paste
149901,13198,0,85% Lean Ground Beef
149901,21278,0,All Purpose Crushed Tomatoes
149901,23236,0,Chopped Spinach
149901,29987,0,Shredded Mozzarella
149901,37524,0,Fresh Mozzarella Ball
149901,44643,0,Gallon Freezer Bags
149901,45673,0,Chicken Sausage Pizza
150514,7969,0,Lime
150514,8479,0,Original Black Box Tablewater Cracker
150514,13514,0,Old Fashioned Apple Cider
150514,19051,0,"Pita Chips, Simply Naked, Party Size"
150514,27104,1,Fresh Cauliflower
150514,31564,0,Crackers
150514,33056,0,Stacy's Multigrain Pita Chips
150514,35761,1,Ultra Thin Slices Sharp Cheddar Cheese
150514,35948,0,Tonic Water
150514,36086,1,Philadelphia Original Cream Cheese
150514,41863,0,Squared Cups
150514,43945,0,Table Water Crackers with Cracked Pepper
150640,5514,1,Organic Homogenized Whole Milk
150640,16083,1,Organic Large Brown Eggs
150640,17872,0,Total 2% Lowfat Plain Greek Yogurt
150640,18523,1,Total 2% All Natural Greek Strained Yogurt with Honey
150640,21903,1,Organic Baby Spinach
150640,30391,1,Organic Cucumber
150640,36117,1,Soft 10 Grain Bread
150640,40706,1,Organic Grape Tomatoes
150827,16349,1,Organic Yams
150827,18677,0,"Minis, Coconut Milk, Non-Dairy Frozen Dessert, no sugar added Vanilla Bar"
150827,20693,0,100% Recycled Facial Tissue
150827,21198,0,Coconut Milk Non Dairy Frozen Dessert No Sugar Added Mint Chip
150827,22935,0,Organic Yellow Onion
150827,24964,0,Organic Garlic
150827,42397,0,Chewy Granola Bar Peanut Butter Chocolate Chip
150827,46979,0,Asparagus
150827,48642,0,2-Ply Right Size 100% Recycled Paper Towels
151101,260,1,Cantaloupe
151101,2309,0,Organic Ground Flaxseed
151101,2948,0,Treatment Shampoo Normalizing Tea Tree
151101,4605,0,Yellow Onions
151101,5450,1,Small Hass Avocado
151101,11499,1,Organic Lowfat Black Cherry Yogurt
151101,13176,1,Bag of Organic Bananas
151101,14870,1,Icelandic Style Fat Free Plain Yogurt
151101,18564,1,Diet Ginger Ale All Natural Soda
151101,18606,0,Moroccan Mint Green Tea
151101,19678,0,Organic Russet Potato
151101,20345,1,Thin Crust Pepperoni Pizza
151101,21828,0,Organic Wheat Grass Powder
151101,22947,1,Lactose Free Blueberry Pomegranate Acai Kefir
151101,23155,1,Organic Matcha Green Tea
151101,23457,1,Zero Calorie Cherry Cola
151101,24489,1,Organic Whole Strawberries
151101,24964,0,Organic Garlic
151101,34969,0,Red Vine Tomato
151101,35140,1,Organic Whole Cashews
151101,35503,1,Organic Vanilla Almond Milk
151101,36550,1,Organic Extra Large Grade AA Brown Eggs
151101,38164,1,Almonds & Sea Salt in Dark Chocolate
151101,47077,1,All-In-One Nutritional Shake French Vanilla
151314,1202,0,Organic Whole Grain Oatmeal Cereal Baby Food
151314,1970,1,Chicken Enchiladas
151314,5646,0,Organic Turkey Bacon
151314,17706,1,Organic Whole Grain Wheat English Muffins
151314,20246,0,Lite Cheese Presliced Bonus Pack
151314,27405,0,Mexican Mix Granola
151314,28465,0,Icelandic Style Skyr Blueberry Non-fat Yogurt
151314,31955,0,Organic Banana Puffs
151314,34050,0,Orange Juice
151314,35221,1,Lime Sparkling Water
151314,35921,1,Organic Large Grade A Brown Eggs
151314,36036,1,Organic Orange Fruit Juice
151314,39589,1,Grassmilk Organic Fat Free Milk
151314,40078,1,Strawberry Lemonade Frozen Pops
151314,44229,1,Original Black Bean with Sea Salt Bean Chips
151314,45989,1,8 Whole Grains Lite Frozen Waffles 6 ct
151591,25,0,Salted Caramel Lean Protein & Fiber Bar
151591,14708,1,Stoli Blueberi
151591,48559,1,Synergy Organic Kombucha Gingerberry
151615,9076,0,Blueberries
151615,26096,0,"Organic Gala Apples, Bag"
151615,28576,0,Vanilla Bean Chia Pod
151615,35221,0,Lime Sparkling Water
151618,11512,1,Honey Yoghurt
151618,14891,1,Black Coffee
151618,15758,1,Organic Hachiya Persimmons
151618,16262,1,Everything Bagels
151618,17183,1,Peach Yoghurt
151618,17758,1,Strawberry Rhubarb Yoghurt
151618,27086,1,Half & Half
151618,30561,1,Plain Bagelettes
151618,31635,1,Vanilla Almond Milk Yogurt
151618,33754,1,Total 2% with Strawberry Lowfat Greek Strained Yogurt
151618,34993,1,Mango Yoghurt
151618,38312,1,Almond Milk Strawberry Yogurt
151618,42828,1,Whipped Cream Cheese
151618,46676,1,Total 0% Nonfat Greek Yogurt
151618,48220,1,Almond Milk Peach Yogurt
151618,49026,0,Plain Almond Milk Yogurt
151805,8385,0,Sliced Genoa Salami
151805,23400,1,Organic Premium Tomato Paste
151805,24964,1,Organic Garlic
151805,25659,1,Organic Coconut Milk
151805,30489,1,Original Hummus
151805,31618,0,Thick Medium Cheddar Slices
151805,37107,0,Ground Cumin
151805,41890,1,Organic Mesa Sunrise Cereal
151805,42265,1,Organic Baby Carrots
151805,45948,1,Gluten Free 7 Grain Bread
151805,47209,0,Organic Hass Avocado
151805,49175,1,Organic Pinto Beans
152182,24841,0,Aged White Cheddar Baked Rice & Corn Puffs Gluten Free Lunch Packs
152290,1110,1,Broccoli Carrots Sugar Snap Peas & Water Chestnuts
152290,2135,0,5-Lettuce Mix
152290,4957,1,Total 2% Lowfat Greek Strained Yogurt With Blueberry
152290,14897,0,Sweet Potato Yam
152290,16494,1,Double Zipper Gallon Freezer Bags
152290,17191,0,Tangerine
152290,20161,0,100% Liquid Egg Whites
152290,21709,1,Sparkling Lemon Water
152290,22025,0,YoBaby Blueberry Apple Yogurt
152290,24852,1,Banana
152290,27418,0,Storage Bags
152290,31268,0,Sandwich Bags
152290,37250,0,Cut Green Beans
152290,40571,1,Total 2% Greek Strained Yogurt with Cherry 5.3 oz
152290,45066,0,Honeycrisp Apple
152290,48205,1,Spinach
152360,5115,1,Organic Medium Brown Eggs
152360,5491,1,Stage 1 Apples Sweet Potatoes Pumpkin & Blueberries Organic Pureed Baby Food
152360,16262,1,Everything Bagels
152360,17807,1,Gluten Free Blueberry Waffles
152360,24830,1,Organic Romaine
152360,30192,1,Organic 4 Months Butternut Squash Carrots Apples + Prunes Baby Food
152363,2314,1,Whole Milk Ricotta Cheese
152363,8075,0,Small Compostable Waste Bag
152363,9507,1,Honey Turkey Breast
152363,10017,1,Tilapia Filet
152363,10736,1,Chocolate Green SuperFood Infusion
152363,18370,1,Organic Shredded Mozzarella
152363,24838,1,Unsweetened Almondmilk
152363,27451,1,Almond Meal/Flour
152363,30233,1,Organic Large Brown Grade AA Cage Free Eggs
152363,38772,1,Provolone
152363,39475,1,Total Greek Strained Yogurt
152363,42557,1,Crunchy Almond Butter
152363,44422,0,Organic Old Fashioned Rolled Oats
152363,44910,1,Organic Spring Mix Salad
152363,45007,1,Organic Zucchini
152363,45741,1,Chicharrones Fried Pork Rinds
152363,45842,1,Natural Sour Cream
152363,46990,1,Ground Buffalo
152363,49235,0,Organic Half & Half
152749,2825,1,Organic Original Hommus
152749,3829,1,Organic Spicy Ginger Herbal Tea
152749,6987,1,Passion Herbal Infusion Caffeine Free Tea Bags
152749,19862,1,Organic Brown Rice Snaps Unsalted Plain
152749,22290,1,Organic Chai Tea Bags
152749,33942,1,Black Chai Decaf  Tea Bags
152749,34067,1,Organic Honey
152749,44414,1,Organic Coconut Date Rolls
152749,47229,1,Bag of Organic Fuji Apples
152749,49235,1,Organic Half & Half
152749,49478,1,Frozen Organic Strawberries
152749,49533,1,Cane Sugar
152798,36431,1,Hardwood Smoked Bacon
152896,7469,1,Whole Grain White Sesame Seed Hamburger Buns
152896,13178,1,Spicy Indian Veggie Burger
152896,16797,1,Strawberries
152896,28199,1,"Clementines, Bag"
152896,32211,1,Whole Grains Oatnut Bread
152896,38127,1,Lowfat Strawberries 'n Cream Kefir
152896,46448,1,Pepperidge Farm Goldfish Neon Colors Baked Snack Crackers
152905,9741,1,Cheese Pizza
152905,22935,1,Organic Yellow Onion
153182,8195,0,Paper Towels
153182,23892,0,Original High Efficiency Liquid Laundry Detergent
153182,26464,1,Premium Green Tea Decaf Tea Bags
153182,27325,0,Alpine Spring Water
153182,35622,1,50% Less Sodium Black Beans
153182,48386,1,Sugar Free Chocolate Chip with Pecans Cookies
153273,16726,0,Roasted Red Chili Paste
153273,19167,0,Premium Cape Cod Fresh Cranberries
153273,34358,0,Garlic
153273,41541,1,Traditional Seitan
153273,44968,0,Savoy Cabbage
153273,47766,1,Organic Avocado
153516,3464,1,"Organic Butterhead (Boston, Butter, Bibb) Lettuce"
153516,5539,1,Organic SprouTofu Silken Tofu
153516,11309,0,Fancy Sliced Bamboo Shoots
153516,16168,0,Large Organic Omega3 Brown Eggs
153516,19678,1,Organic Russet Potato
153516,21616,1,Organic Baby Arugula
153516,25659,1,Organic Coconut Milk
153516,30480,1,"Tomatoes, Whole Peeled"
153516,31717,0,Organic Cilantro
153516,43789,0,Organic Basil
153516,47008,1,Sliced Water Chestnuts
153516,47209,1,Organic Hass Avocado
153560,1529,1,"Parsley, Italian (Flat), New England Grown"
153560,2086,1,Sustainably Soft Bath Tissue
153560,2846,1,Organic Green Onions
153560,13176,1,Bag of Organic Bananas
153560,18465,1,Organic Grade A Free Range Large Brown Eggs
153560,21027,1,Organic Hazelnuts
153560,22935,1,Organic Yellow Onion
153560,23165,1,Organic Leek
153560,28204,0,Organic Fuji Apple
153560,34243,1,Organic Baby Broccoli
153560,39928,1,Organic Kiwi
153560,41220,1,Organic Romaine Lettuce
153560,45007,1,Organic Zucchini
153560,47734,1,Organic Green Cabbage
153793,21938,0,Green Bell Pepper
153793,22935,0,Organic Yellow Onion
153793,34126,0,Organic Italian Parsley Bunch
153819,8366,1,Lemon Clean Furniture Spray
153819,13639,0,Sliced Almonds
153819,24749,0,13 Gallon Tall Drawstring Kitchen Bags
153819,27985,1,Smartwater Electrolyte Enhanced Water
153819,31449,0,Lavender Multi-Surface Cleaner
153819,34519,0,Simply 100® Blueberry Blended Non-Fat Greek Yogurt
153819,36107,0,smartwater® Electrolyte Enhanced Water
153819,40623,0,Facial Tissues Boxes
153819,44156,0,Strawberry on the Bottom Nonfat Greek Yogurt
153819,46476,0,Solid White AlbacoreTuna  in Water
154072,6347,1,Unsweetened Almond Milk
154072,9472,1,Organic Red Cherry Tomato
154072,11107,0,Organic Rice Ramen Millet & Brown
154072,13176,1,Bag of Organic Bananas
154072,13535,0,Organic Medium Salsa
154072,14833,0,Sweet Rejuvenation Cashew Butter Macrobar
154072,17794,1,Carrots
154072,18288,1,Sea Salt Potato Chips
154072,18993,0,Organic Cashew Caramel Macrobar
154072,20114,1,Jalapeno Peppers
154072,20280,1,Jumbo Lump Crab Cake
154072,21903,1,Organic Baby Spinach
154072,22993,0,Super Seed Crispy Crackers
154072,30305,1,Fancy Eggplant
154072,33750,0,Sweet Rival Sesame Butter + Dates Macrobar
154072,34358,1,Garlic
154072,35140,0,Organic Whole Cashews
154072,39275,1,Organic Blueberries
154072,40516,1,Organic Romaine Hearts
154072,44683,1,Brussels Sprouts
154072,45007,1,Organic Zucchini
154072,45200,1,Organic Cauliflower
154072,46979,1,Asparagus
154072,47766,1,Organic Avocado
154072,48775,1,Organic Red Cabbage
154082,11365,0,Leaf Spinach
154082,13176,1,Bag of Organic Bananas
154082,30486,0,Organic Sweet Cherries
154082,39275,1,Organic Blueberries
154317,4605,1,Yellow Onions
154317,4671,0,Red Cabbage
154317,16325,0,Turmeric
154317,17634,0,Chick Peas
154317,17794,1,Carrots
154317,18339,1,100% Lemon Juice
154317,21115,1,Oikos Greek Vanilla Yogurt
154317,21795,0,Extra Virgin Olive Oil Rich Taste
154317,28842,1,Bunched Cilantro
154317,29487,1,Roma Tomato
154317,30391,0,Organic Cucumber
154317,31573,0,Whole Grain Brown Ready Rice
154317,42585,0,Organic Extra Firm Tofu
154615,1511,1,2% Reduced Fat DHA Omega-3 Reduced Fat Milk
154615,2921,1,Gourmet Chicken Tamales
154615,4600,1,All Natural French Toast Sticks
154615,7781,1,Organic Sticks Low Moisture Part Skim Mozzarella String Cheese
154615,8997,1,Organic Creamy Chocolate Fudge Nutritional Shake
154615,14312,1,Dark Chocolate Almonds
154615,19354,1,Yo Baby Organic Vanilla Yogurt
154615,20082,1,Organic Whole Milk with DHA Omega-3
154615,21137,1,Organic Strawberries
154615,22474,1,Cheddar Bunnies Snack Crackers
154615,24235,1,Honey Wheat Enriched Bread
154615,27966,1,Organic Raspberries
154615,29660,1,"Frosted Toaster Pastries, Cherry Pomegran"
154615,30949,1,Organic YoKids Smoothie Strawberry Banana Lowfat Yogurt
154615,36724,1,Organic Sea Salt Roasted Seaweed Snacks
154615,39275,1,Organic Blueberries
154615,41988,1,Corn Tortilla
154615,42813,1,Smoked Maple Ham
154615,44025,1,Organic Extra Large Cage-Free Grade A Brown Eggs
154615,44632,0,Sparkling Water Grapefruit
154670,5322,0,Gluten Free Dark Chocolate Chunk Chewy with a Crunch Granola Bars
154670,13079,1,Gluten Free Oatmeal Classic with Flax & Chia
154670,13870,0,Lightly Salted Baked Snap Pea Crisps
154670,16665,0,Banana Bread Sprouted Bar
154670,17847,0,Carob Chip
154670,18205,0,Peanut Butter Gluten Free Breakfast Bars
154670,21077,1,Cara Cara Navel Orange
154670,34137,0,Chocolate Sea Salt
154743,432,1,Vanilla Almond Breeze Almond Milk
154743,3479,0,Classic Whipped Cream
154743,4652,1,Semi-Sweet Baking Chocolate Bar
154743,7156,0,Traditional Plain Greek Yogurt
154743,14705,1,Pie Crusts
154743,15359,0,All Purpose Flour
154743,16056,0,Candy Canes Red & White Mint Canes
154743,22142,0,100% Pure Pumpkin
154743,28571,0,Pretzel Rods
154743,29801,1,100% Recycled White Paper Towels
154743,37016,0,Graham Cracker Pie Crust
154743,38067,0,Coconut Flakes
154743,39046,1,Smok Cured Turkey Bacon
154743,39693,0,Fresh Dill
154743,40174,1,2% Reduced Fat Organic Milk
154743,40945,0,Baking Chopped Pecans
154743,42625,0,"Flat Parsley, Bunch"
154743,47000,1,Ultra Soft Toilet Paper
154743,47651,0,Black Pepper
155287,24852,1,Banana
155287,24955,0,Simply Heinz Tomato Ketchup
155287,32942,0,Frontier Whole Wheat Oat & Honey Flapjack and Waffle Mix
155287,42536,0,Gluten Free Original Granola
155347,4605,1,Yellow Onions
155347,5550,1,YoBaby Peach Pear Yogurt
155347,7358,1,Verde Salsa
155347,8239,0,Peanut Butter Creamy With Salt
155347,11068,0,Medium Cheddar Cheese Block
155347,12258,0,Organic White English Muffins
155347,13852,0,Organic Broccoli Crown
155347,16462,0,Ready-to-Bake 9 Inch Pie Crusts
155347,21267,1,Sourdough Bread
155347,22025,1,YoBaby Blueberry Apple Yogurt
155347,22035,0,Organic Whole String Cheese
155347,23909,0,2% Reduced Fat Milk
155347,24852,1,Banana
155347,31444,1,Crystallized Ginger In Dark Chocolate  Bar
155347,34126,1,Organic Italian Parsley Bunch
155347,38288,0,Pizza Sauce
155347,38739,1,Hass Avocado
155347,38772,1,Provolone
155347,43352,0,Raspberries
155347,44632,1,Sparkling Water Grapefruit
155568,16797,1,Strawberries
155568,17122,1,Honeycrisp Apples
155568,20019,0,Lowfat Kefir Smoothie Blueberry
155568,20395,1,Smoked Turkey Bacon
155568,20940,1,Organic Low Fat Milk
155568,37687,1,Organic Spring Mix
156043,9741,1,Cheese Pizza
156043,14218,1,Grade A Large Eggs Cage Free Omega 3
156043,16959,0,Toilet Paper Double Rolls - 24 CT
156043,17341,1,Presliced Everything Bagels
156043,24816,1,Natural Deli Style Sliced Extra Sharp Cheddar Cheese
156043,39046,1,Smok Cured Turkey Bacon
156247,12442,0,Basil Dish Soap
156247,15516,0,Sesame Tahini
156247,18531,1,Organic Heavy Whipping Cream
156247,21246,1,Mild Enchilada Sauce
156420,45,1,European Cucumber
156420,12463,1,Chicken Sausage 3 Cheese Italian Style
156420,28976,1,Ultra Thin Cheese Pizza
156420,34070,1,100% Whole Wheat Mini Bagels
156716,13838,1,Natural Free & Clear Dish Liquid
156716,13945,1,2 in 1 Whitening Toothpaste
156716,14862,1,Aged White Cheddar Puffs Cheese Snacks
156716,16715,1,Organic Lowfat Plain Unsweetened Kefir
156716,27690,1,Apple Cinnamon GoGo Squeez
156716,33198,1,Sparkling Natural Mineral Water
156716,36953,1,Free & Clear Automatic Dishwasher Detergent
156716,41665,1,Organic Mexican Blend Finely Shredded Cheese
156716,42402,1,Spinach Fettuccine Noodle Pasta
156835,2732,0,Gluten Free Pretzel Sticks
156835,4487,1,Vegetarian Organic Golden Corn
156835,5785,1,Organic Reduced Fat 2% Milk
156835,16178,1,Soup Chicken Tortilla
156835,21137,1,Organic Strawberries
156835,22035,1,Organic Whole String Cheese
156835,22115,1,Sonoma Handmade Style Corn Tortillas
156835,23744,0,Balsamic Vinaigrette Dressing
156835,24184,1,Red Peppers
156835,27086,1,Half & Half
156835,27966,1,Organic Raspberries
156835,31720,1,Organic  Whole Milk
156835,35523,1,Original Rice Drink
156835,36550,1,Organic Extra Large Grade AA Brown Eggs
156835,38312,1,Almond Milk Strawberry Yogurt
156835,38777,1,Organic Green Seedless Grapes
156835,45097,0,Sliced Pepperoncini
156835,47209,1,Organic Hass Avocado
156835,48628,1,Organic Whole Wheat Bread
157307,1069,1,100% Oatnut Bread
157307,17021,1,Baked Mini Beef Meatballs
157307,20512,1,Original Cereal
157307,27388,1,Lunchable Extra Cheesy Pizza
157307,30754,1,Wheels & Cheese
157307,33508,1,Plain Pre-Sliced Bagel Thins
157637,329,1,Organic Whole Grassmilk Milk
157637,2825,0,Organic Original Hommus
157637,5212,1,Watermelon Chunks
157637,7963,1,Gluten Free Whole Grain Bread
157637,9839,1,Organic Broccoli
157637,10125,1,Yokids Organic Strawberry Banana Lowfat Yogurt Squeeze
157637,10652,0,Certified Organic 100% Pure Jojoba Oil
157637,11512,1,Honey Yoghurt
157637,13176,1,Bag of Organic Bananas
157637,15995,0,Organic Cinnamon Apple Sauce
157637,17872,1,Total 2% Lowfat Plain Greek Yogurt
157637,22035,1,Organic Whole String Cheese
157637,24946,1,Garlic Marinara Cooking Sauce
157637,25890,1,Boneless Skinless Chicken Breasts
157637,27690,1,Apple Cinnamon GoGo Squeez
157637,29077,0,Organic Milk Chocolate Peanut Butter Cups
157637,29987,0,Shredded Mozzarella
157637,30776,1,Organic Raw Kombucha Gingerade
157637,32734,1,Spaghetti
157637,33000,1,Pure Irish Butter
157637,43122,1,Organic Bartlett Pear
157637,44471,1,Free & Clear Unscented Baby Wipes
157637,45866,1,Fig Newmans Fruit Filled Cookies
157637,46667,1,Organic Ginger Root
157637,46979,0,Asparagus
157637,47766,1,Organic Avocado
157637,49235,1,Organic Half & Half
157793,9020,0,Boneless Skinless Chicken Thighs
157793,14853,0,Organic Oat Non-Dairy Original Beverage
157793,21405,0,"Organic Red Radish, Bunch"
157793,24852,1,Banana
157793,29447,1,"Milk, Organic, Vitamin D"
157793,39146,1,Original Flax Milk
157793,45200,0,Organic Cauliflower
157857,7562,0,Asian Vegetable Ramen
157857,12145,0,Tofu Miso Ramen
157857,13565,0,No Salt Added Gluten-Free Blue Chips Made with Organic Blue Corn
157857,17794,0,Carrots
157857,17795,0,Organic Green Leaf Lettuce
157857,19480,0,Vegetable Stock
157857,21616,0,Organic Baby Arugula
157857,28579,0,Egg Fettuccine No.103
157857,34126,0,Organic Italian Parsley Bunch
157857,47209,0,Organic Hass Avocado
157912,2716,1,Organic Greek Lowfat Yogurt With Strawberries
157912,13874,0,Organic Pumpkin
157912,38015,0,Honeysuckle Dish Soap
158043,2326,1,Organic Blueberry Waffles
158043,13113,1,Organic Apple Juice Boxes
158043,17568,1,Pitted Prunes
158043,17872,0,Total 2% Lowfat Plain Greek Yogurt
158043,18908,1,Pizza Dough
158043,24852,1,Banana
158043,27104,1,Fresh Cauliflower
158043,27690,1,Apple Cinnamon GoGo Squeez
158043,27966,0,Organic Raspberries
158043,29987,1,Shredded Mozzarella
158043,33206,0,Pearled Couscous Original Plain
158043,34126,0,Organic Italian Parsley Bunch
158043,34243,1,Organic Baby Broccoli
158043,34497,1,"Prosciutto, Americano"
158043,39984,0,Organic Dill
158043,44741,1,Honey Whole Wheat
158080,432,1,Vanilla Almond Breeze Almond Milk
158080,1890,1,Organic Large Grade A Eggs
158080,4462,1,Pink Lady Apple Kombucha
158080,9623,1,Sparkling Natural Spring Water
158080,13870,0,Lightly Salted Baked Snap Pea Crisps
158080,21331,1,Tart And Tangy Original Frozen Kefir
158080,26350,0,Oatmeal Snackimals Cookies
158080,26604,0,Organic Blackberries
158080,39275,1,Organic Blueberries
158080,43248,0,Popcorn Chicken
158080,45007,1,Organic Zucchini
158080,45504,1,Whole Organic Omega 3 Milk
158090,8153,0,Plain Non-Fat Greek Yogurt
158090,24629,1,Sweet Mini Sub Rolls
158090,25124,1,Whole Kernel Golden Sweet Corn
158090,26709,1,Four Cheese Rising Crust Pizza
158090,27179,1,Rising Crust Pepperoni Pizza
158090,27796,0,Real Mayonnaise
158090,29487,0,Roma Tomato
158090,30532,0,Chunky New England Clam Chowder
158090,31759,1,Cherrios Honey Nut
158090,38739,0,Hass Avocado
158090,38768,1,Sweet Kale Salad Mix
158090,44234,0,Squeeze Tomato Ketchup
158090,45965,0,Steel Cut Oats
158294,12163,0,Organic Coconut Bliss Frozen Dessert
158294,31506,0,Extra Virgin Olive Oil
158294,34243,0,Organic Baby Broccoli
158294,46069,1,Supergreens!
158294,47280,1,California Orange Juice
158546,5989,1,Sliced Tamed Jalapeno Peppers
158546,8736,1,Synergy Organic & Raw Cosmic Cranberry
158546,16797,0,Strawberries
158546,18200,1,Aged White Cheddar Gluten-Free Baked Rice And Corn Puffs
158546,21616,1,Organic Baby Arugula
158546,22935,0,Organic Yellow Onion
158546,24184,0,Red Peppers
158546,25981,1,Turkish Coffee Fine Ice Cream
158546,30327,1,Organic Ice Cream Cones
158709,4947,1,Lafayette Butter Lettuce & Radicchio Salad Blend
158709,4962,1,Yotoddler Organic Pear Spinach Mango Yogurt
158709,12572,0,6 OZ LA PANZANELLA CROSTINI ORIGINAL CRACKERS
158709,20920,1,Sage
158709,24288,0,Rosemary Raisin Raincoast Crisps
158709,24852,1,Banana
158709,26665,1,Tandoor Baked Naan
158709,28745,1,Oven Roasted Turkey
158709,29487,1,Roma Tomato
158709,33731,1,Grated Parmesan
158709,35824,1,Boneless Chicken Breast
158709,38544,1,Organic Whole Milk Strawberry Beet Berry Yogurt Pouch
158709,41503,1,Butter Toasted Peanuts
158709,44632,1,Sparkling Water Grapefruit
158709,45066,1,Honeycrisp Apple
158709,48679,1,Organic Garnet Sweet Potato (Yam)
159183,2180,1,Angel Hair Pasta
159183,4638,1,Lunchables Uploaded 6-inch Turkey & Cheddar Sub Sandwich
159183,5077,1,100% Whole Wheat Bread
159183,14165,1,Peanut Butter Candy
159183,15120,1,Classic Vanilla Yogurt
159183,16797,1,Strawberries
159183,19604,1,Medium Scarlet Raspberries
159183,27761,0,Oats & Chocolate Chewy Bars
159183,28632,1,Premium Sweet Petites Carrots
159183,29900,1,Dark Chocolate Candy
159183,31564,1,Crackers
159183,35976,1,Sweet Cream Whipped Butter Salted
159183,37654,1,Butter with Canola Oil Spread
159267,1313,1,Tortilla Strips Restaurant Style
159267,5460,0,Butter
159267,8460,0,Hearty Thick Cut Bacon
159267,9477,0,Medium Cheddar Cheese
159267,16419,1,Sweet Sliced Bread
159267,20768,0,Flushable Moist Wipes Refill
159267,21781,0,Cajun Andouille Smoked Pork Sausage
159267,23734,0,Sour Cream
159267,32707,0,Platinum™ ActionPacs™ Fresh Scent Dishwasher Detergent
159267,38139,0,Multiple Cat Clumping Formula Cat Litter
159267,44987,0,Heavy Whipping Cream
159267,46041,0,Beef Franks
159267,46941,0,Provolone Slices
159267,47931,1,Diet Cola
159270,4724,0,Broccoli Florettes
159270,9644,1,Danimals Drinkable Yogurt Smoothie Strawberry Explosion & Strikin' Strawberry Kiwi
159270,10473,0,Half And Half Cream
159291,1360,0,Crunchy Peanut Butter
159291,1979,1,Pure Coconut Milk
159291,8297,0,Organic Heavy Cream
159291,9365,0,French Demi Baguette
159291,12872,1,Penne Rigate
159291,13549,0,Lavender Scent Surface Scrub
159291,17666,1,Fettuccine
159291,21938,0,Green Bell Pepper
159291,22935,1,Organic Yellow Onion
159291,26512,1,Sausage Cuts Real Beef Treats
159291,33021,0,Reserve Cheddar Cheese
159291,37552,1,Sparkling Blackberry Juice
159291,42265,0,Organic Baby Carrots
159291,44014,1,Authentic Red Curry Paste
159291,44632,0,Sparkling Water Grapefruit
159291,44987,0,Heavy Whipping Cream
159311,1890,0,Organic Large Grade A Eggs
159311,2086,0,Sustainably Soft Bath Tissue
159311,6649,0,Organic Oil Canola
159311,6975,1,World Cuisine Certified Halal Chicken Tikka Masala With Basmati Rice
159311,11421,0,Moroccan Mint Herbal Tea
159311,16349,0,Organic Yams
159311,18567,0,Low Fat No Chicken Noodle Soup
159311,27024,0,Bottled Water
159311,31506,0,Extra Virgin Olive Oil
159311,34320,0,Organic Apples Pommes
159311,40166,0,Palak Paneer
159408,5258,1,Sparkling Water
159585,12456,0,Organic Sunday Bacon
159585,12845,1,Chopped Walnuts
159585,21295,0,Organic Spaghetti Squash
159585,21903,1,Organic Baby Spinach
159585,24852,1,Banana
159585,31640,1,Original Puffins Cereal
159585,33401,1,Goat Cheese Crumbles
159585,39180,1,Organic Lowfat 1% Milk
159620,14464,0,Dulce de Leche Caramel Ice Cream
159620,17286,0,"9\"" Apple Pie"
159772,4736,0,Extra Fresh Body and Face Wash
159772,7412,0,Gluten-Free Red Hot Blues Made with Organic Blue  Corn Tortilla Chips
159772,11142,0,Simply Clean & Fresh HE Liquid Laundry Detergent Refreshing Breeze Scent
159772,19087,0,Wicked Fresh! Mouthwash - Cool Mountain Mint
159772,21709,0,Sparkling Lemon Water
159904,7131,1,Light Semisoft Cheese
159904,9387,1,Granny Smith Apples
159904,21137,1,Organic Strawberries
159904,21288,1,Blackberries
159904,25890,1,Boneless Skinless Chicken Breasts
160420,402,1,100% Pure Beef Homestyle Patties
160420,2192,1,Bold & Crispy Zesties! Crispy Seasoned French Fried Potatoes
160420,19836,1,Original Breakfast Sausage Links
160420,23888,1,Hamburger Buns
160420,23955,1,Vanilla Soy Milk
160420,27243,1,Premium Pure Cane Granulated Sugar
160420,32047,1,Original Apple 100% Juice
160420,40490,1,Frozen Breaded Bagged Chicken Nuggets
160420,46203,1,Original Strawberry Gelatin Snacks
160463,857,1,Grilled Asparagus
160714,1559,0,Cherry Pomegranate Greek Yogurt
160714,5020,1,Organic  Sweet & Salty Peanut Pretzel Granola Bars
160714,5212,0,Watermelon Chunks
160714,6452,1,Organic Berry Strawberry Flax Plus Chewy Yogurt Granola Bars
160714,11710,0,Fresh Mozzarella Snacking Cheese
160714,12576,1,Kiwi Sandia Sparkling Water
160714,13269,0,Oh My Yog! Pacific Coast Strawberry Trilayer Yogurt
160714,13877,1,Smoked Salmon
160714,15011,1,"Pita Chips, Simply Naked"
160714,21269,0,Sprouted Wheat Onion & Poppyseed Bagels
160714,24841,0,Aged White Cheddar Baked Rice & Corn Puffs Gluten Free Lunch Packs
160714,24852,1,Banana
160714,26620,1,Peach Pear Flavored Sparkling Water
160714,27845,1,Organic Whole Milk
160714,27966,1,Organic Raspberries
160714,28204,1,Organic Fuji Apple
160714,33754,0,Total 2% with Strawberry Lowfat Greek Strained Yogurt
160714,34949,0,Hand Picked Pomegranate Seeds/Arils
160714,38274,1,Ice Cream Sandwiches Vanilla
160714,39947,1,Blackberry Cucumber Sparkling Water
160714,42828,0,Whipped Cream Cheese
160714,44632,1,Sparkling Water Grapefruit
160714,45082,1,Honey Oat Crunch Trail Mix Crunchy Granola Bars
160714,46676,0,Total 0% Nonfat Greek Yogurt
160714,47965,1,TLC Cherry Dark Chocolate Chewy Granola
160714,49235,0,Organic Half & Half
160913,23915,1,Uncrustables Peanut Butter & Grape Jelly Sandwich
161405,8030,0,Salisbury Steak
161405,9340,1,Homestyle Classics Meatloaf
161405,9777,0,Triple Zero Banana Cream Greek Yogurt
161405,10063,0,Creamy Broccoli Cheddar Bisque
161405,23432,0,Baked Chicken Breast
161405,24734,0,Light Creamy Roasted Chicken with Herb Dumplings
161405,29061,0,Stuffed Peppers
161405,30241,0,Chunky Hearty Bean and Ham Soup
161405,32403,1,Fat Free Skim Milk
161405,34283,1,Fudgsicle No Sugar Added
161412,5132,0,Made Good Chocolate Chip Granola Bars
161412,5896,0,Tropical Flavor Dairy-Free Probiotic Kefir
161412,9803,1,Organic Vanilla Oat Beverage
161412,9952,1,Organic Maitake Mushrooms
161412,10246,1,Organic Celery Hearts
161412,11109,1,Organic 4% Milk Fat Whole Milk Cottage Cheese
161412,11777,1,Red Raspberries
161412,13176,1,Bag of Organic Bananas
161412,16521,0,Walnut Halves & Pieces
161412,16797,1,Strawberries
161412,17027,1,Avocado Roll
161412,17794,1,Carrots
161412,17835,1,Thin & Light Tortilla Chips
161412,21903,1,Organic Baby Spinach
161412,24184,1,Red Peppers
161412,24830,1,Organic Romaine
161412,27086,1,Half & Half
161412,33000,1,Pure Irish Butter
161412,33845,0,Organic YoBaby Vanilla Yogurt
161412,34244,1,"Bread, Sprouted Sourdough"
161412,37966,1,French Baguette Bread
161412,39732,1,Pitted Kalamata Olives
161412,39877,1,Organic Granny Smith Apple
161412,43086,1,Super Greens Salad
161412,45246,1,High Protein Pretzels
161412,47766,1,Organic Avocado
161412,47900,1,"Uncured, No Sugar, Hickory Smoked Bacon"
161412,48679,1,Organic Garnet Sweet Potato (Yam)
161928,4210,1,Whole Milk
161928,18610,1,Cola Soda
161928,19488,1,Select-A-Size White Paper Towels
161928,19863,1,Classic Potato Chips
161928,24852,1,Banana
161928,29766,1,Ruby Red Grapefruit Light 50 Juice Drink
161928,31506,1,Extra Virgin Olive Oil
161928,41602,1,Deli Select Ultra Thin Honey Ham
162135,12099,1,Honey Greek Yogurt
162135,13707,1,Essential Red
162135,31720,1,Organic  Whole Milk
162135,34230,1,4% Milkfat Small Curd Cottage Cheese
162135,39276,1,Bananas
162135,43713,1,Organic Creamy Peanut Butter
162135,44097,1,Organic Original Hummus
162189,15399,1,"Almondmilk Creamer, Vanilla"
162189,19660,1,Spring Water
162189,38656,0,Gluten Free Peanut Butter Dark Chocolate Chewy With a Crunch Granola Bars
162225,117,1,Petit Suisse Fruit
162225,2748,1,Organic Reduced Fat Omega-3 Milk
162225,6341,1,Brown Eggs
162225,8490,1,Strawberry Rhubarb Yogurt
162225,20632,1,Mache Rosettes French Salad Mix
162225,24944,1,"Toothpaste, Calendula"
162225,25256,1,Cultured Low Fat Buttermilk
162225,27344,1,Uncured Genoa Salami
162225,39812,1,Organic Thyme
162225,41844,1,Honey Nut Cheerios
162225,44643,1,Gallon Freezer Bags
162225,47521,1,Crispy Cheddar Crackers
162225,49533,1,Cane Sugar
162245,9137,1,Organic YoKids Squeeze! Straw-Nana-Rama Yogurt
162245,24852,0,Banana
162245,29447,1,"Milk, Organic, Vitamin D"
162245,47847,0,Extra Fresh Antiperspirant Deodorant
162245,48226,0,Select-A-Size White Giant Roll Paper Towels
162264,38928,0,0% Greek Strained Yogurt
162264,39534,0,Grilled Chicken Strips
162337,877,1,Ultra-Filtered Whole Milk
162337,5025,1,Green Onions
162337,14999,1,Grade A Large Brown Eggs
162337,22025,1,YoBaby Blueberry Apple Yogurt
162337,32784,1,Natural Shredded Mexican Style Four Cheese
162337,33589,1,G2 Grape Sports Drink
162337,43565,1,Lean Ground Turky
162337,47087,1,Total 0% Blueberry Acai Greek Yogurt
162863,3999,1,Bosc Pear
162863,5479,1,Italian Sparkling Mineral Water
162863,5575,0,Cheddar Puffs
162863,5578,1,Okra
162863,17794,1,Carrots
162863,22935,1,Organic Yellow Onion
162863,26131,1,Mixed Berries Whole Milk Icelandic Style Skyr Yogurt
162863,27521,1,Organic Lacinato (Dinosaur) Kale
162863,28204,1,Organic Fuji Apple
162863,34358,1,Garlic
162863,47912,1,Vanilla Skyr Style Yogurt
163106,4162,1,Organic Thai Coconut Curry Hummus
163106,11576,1,Corn Chips
163106,16262,1,Everything Bagels
163106,34220,1,Honey Lavender Stress Relief Tea
163106,36076,1,Everything Deli Style Pretzel Crisps Crackers
163370,28199,0,"Clementines, Bag"
163370,37888,1,Wash & Shampoo Baby Bath
163370,38200,1,Apple Juice
163496,13176,0,Bag of Organic Bananas
163496,13643,0,Zero Calorie Lemon Lime Soda
163496,14118,0,Pretzel Bread Grilled Chicken with Jalapeno Cheddar Sandwiches
163496,19429,0,Garlic Chicken White Pizza Frozen Sandwiches
163496,19808,0,Moroccan Infusion Color Care Conditioner
163496,26954,0,Fresh Triple Action Relief Powder Spray
163496,28199,0,"Clementines, Bag"
163496,32303,0,Red Seedless Grapes
163496,32465,0,Sliced White Mushrooms
163496,33357,0,Fresh Sugar Snap Peas
163496,37777,0,Moroccan Infusion Color Care Shampoo
163496,43693,0,Whole Vitamin D Milk
163587,8230,0,100% Recycled Bathroom Tissue
163587,9092,1,Organic Vegetable Broth
163587,11777,1,Red Raspberries
163587,22959,1,Reduced Fat Milk 100% Lactose Free
163587,24852,1,Banana
163587,32655,1,Organic Large Grade AA Brown Eggs
163587,33642,1,Lactose Free Cream Cheese
163587,43295,1,Unsweetened Vanilla Almond Milk
163641,3044,1,Original 100% Pure No Pulp Orange Juice
163641,4210,1,Whole Milk
163641,13629,1,Organic Snipped Green Beans
163641,34005,1,Black Seedless Grapes
163641,40332,0,"Cage Free Brown Eggs-Large, Grade A"
163641,42518,1,100% Whole Grain Bread
163641,48205,1,Spinach
163644,3808,0,Olive Oil Cooking Spray
163644,12212,1,Unscented 1000 Sheets Per Roll Bathroom Tissue
163644,24649,1,Freshmates Charmin Freshmates™
163644,28031,1,"8.5\"" Microwavable Cut Resistant Plates"
163644,36431,1,Hardwood Smoked Bacon
163644,45158,1,Hand Towels
163750,2966,1,Pure Coconut Water
163750,5684,0,Gluten Free Multi Seed Rice Thin Crackers
163750,15693,1,Organic Peach Oo La Long Tea
163750,20113,0,Organic Gluten Free Buckwheat Wildberry Waffles
163750,21603,1,Blueberry Blaze Trail Mix
163750,27086,1,Half & Half
163750,27247,0,Original Soy Creamer
163750,30489,0,Original Hummus
163750,31257,0,Vegan Chocolate Chip Mini Muffins
163750,32138,1,Dark Roast Cold Brew Coffee Concentrate
163750,44292,1,Premium Unsweetened Iced Tea
163750,45223,1,Just Green Unsweetened Tea
163750,49235,0,Organic Half & Half
163764,703,0,Traditional No Fat Refried Beans
163764,990,1,Diced Pancetta
163764,3439,0,"Thick Sliced Canadian, Bacon Natural Hickory Smoked"
163764,4006,0,Hazelnut Spread With Skim Milk & Cocoa
163764,7090,0,Ciabatta
163764,8193,1,Russet Potato
163764,9387,0,Granny Smith Apples
163764,11408,0,Crushed Tomatoes
163764,11461,1,White Corn Tortillas
163764,12341,0,Hass Avocados
163764,15752,0,Italian Style Bread Crumbs
163764,19005,0,Jet-Puffed Marshmallows
163764,21616,1,Organic Baby Arugula
163764,21938,0,Green Bell Pepper
163764,22935,0,Organic Yellow Onion
163764,26172,0,Light Sour Cream
163764,30480,0,"Tomatoes, Whole Peeled"
163764,31217,0,Low Fat 2% Evaporated Milk
163764,31471,1,Semisweet Chocolate Chips
163764,31506,0,Extra Virgin Olive Oil
163764,34234,0,Grade AA Large White Eggs
163764,34358,1,Garlic
163764,35971,0,Beef Franks in a Blanket
163764,38266,0,Fresh Basil
163764,40722,0,"Sparkling Citrus Beverage, with Natural Pulp"
163764,41107,0,Zante Currants
163764,42736,1,Unsalted Butter
163764,43352,1,Raspberries
163764,44368,1,Fresh Mozzarella Cheese
163764,44683,0,Brussels Sprouts
163764,44987,0,Heavy Whipping Cream
163764,45646,0,Grated Parmesan Cheese
163764,46522,0,Spaghetti Pasta
163764,47626,1,Large Lemon
163764,49082,0,Pitted Greek Kalamata Olives
163819,2962,1,"Milk, Reduced Fat, 2% Milkfat"
163819,4957,1,Total 2% Lowfat Greek Strained Yogurt With Blueberry
163819,13176,1,Bag of Organic Bananas
163819,22993,1,Super Seed Crispy Crackers
163819,28071,1,Olive Hummus
163819,30233,1,Organic Large Brown Grade AA Cage Free Eggs
163819,30489,1,Original Hummus
163819,32786,1,Beet Chips
163819,37646,1,Organic Gala Apples
163819,40063,1,Gluten Free Chocolate Chip Cookies
163819,41950,0,Organic Tomato Cluster
163819,42536,1,Gluten Free Original Granola
163819,43122,1,Organic Bartlett Pear
163819,46107,0,Whole Wheat Crackers
163819,47209,1,Organic Hass Avocado
163895,1710,0,Kombucha Gingerade
163895,4142,0,Trilogy Kombucha
163895,4472,1,Toasted Coconut Almondmilk Blend
163895,7452,1,Base Peanut Butter Chocolate Protein Bar
163895,8516,1,Ancient Grain Granola Cranberry Pecan
163895,8580,0,VitaminWater Zero™ XXX Acai Blueberry Pomegranate
163895,13263,1,Non Fat Acai & Mixed Berries Yogurt
163895,14870,1,Icelandic Style Fat Free Plain Yogurt
163895,15984,1,Almond Milk Blueberry Yogurt
163895,19057,1,Organic Large Extra Fancy Fuji Apple
163895,20842,1,Total 0% Greek Yogurt
163895,21137,1,Organic Strawberries
163895,24799,1,Vanilla Skyr Nonfat Yogurt
163895,27086,1,Half & Half
163895,27247,1,Original Soy Creamer
163895,28465,1,Icelandic Style Skyr Blueberry Non-fat Yogurt
163895,30489,1,Original Hummus
163895,37646,1,Organic Gala Apples
163895,40723,1,Organic Cripps Pink Apples
163895,42265,1,Organic Baby Carrots
163895,46820,1,Vanilla Pure Almond Milk
164009,23032,0,Sriracha Chili Sauce
164009,42715,0,XXX Habanero Salsa Hot
164009,46676,1,Total 0% Nonfat Greek Yogurt
164010,10957,1,Fridge Pack Cola
164010,39327,1,Coolmint® Antiseptic Mouthwash
164121,4962,1,Yotoddler Organic Pear Spinach Mango Yogurt
164121,7963,1,Gluten Free Whole Grain Bread
164121,10246,1,Organic Celery Hearts
164121,11941,1,"Tortillas, Corn, Organic"
164121,13819,1,Roasted Salted Cashews
164121,13870,1,Lightly Salted Baked Snap Pea Crisps
164121,16797,1,Strawberries
164121,17794,1,Carrots
164121,22035,1,Organic Whole String Cheese
164121,24852,1,Banana
164121,28199,1,"Clementines, Bag"
164121,30839,0,Homestyle Breaded Chicken Breast Tenders
164121,31257,1,Vegan Chocolate Chip Mini Muffins
164121,38827,1,Organic Traditional Flour Tortillas
164121,39190,1,Vanilla Unsweetened Almond Milk
164121,40706,1,Organic Grape Tomatoes
164121,43768,1,Organic Bell Pepper
164121,49683,1,Cucumber Kirby
164435,25340,0,Large Yellow Flesh Nectarine
164435,25890,1,Boneless Skinless Chicken Breasts
164435,46906,1,Grape White/Green Seedless
164435,47144,0,Unsweetened Original Almond Breeze Almond Milk
164435,49075,1,Organic Brown Rice
164589,83,1,100% Whole Wheat Pita Bread
164589,8859,1,Natural Spring Water
164589,12703,1,Organic Mung-Bean Sprouts
164589,13440,0,Chili Garlic Sauce
164589,34356,1,Sundried Tomatoes
164589,39732,1,Pitted Kalamata Olives
164589,40545,1,Berry Medley
164589,45104,1,ALMONDBREEZE UNSWEETENED
164589,45886,0,Tahini
164589,47000,0,Ultra Soft Toilet Paper
164755,6104,2,Whole Milk Plain Yogurt
164755,10017,1,Tilapia Filet
164755,13176,2,Bag of Organic Bananas
164755,14704,1,Organic Bagged Valencia Oranges
164755,17794,2,Carrots
164755,19048,1,Organic Butternut Squash
164755,21137,1,Organic Strawberries
164755,21903,0,Organic Baby Spinach
164755,26384,1,Large Brown Eggs
164755,27521,1,Organic Lacinato (Dinosaur) Kale
164755,27966,1,Organic Raspberries
164755,28289,1,Organic Shredded Carrots
164755,37288,0,Organic Black Plum
164755,38689,2,Organic Reduced Fat Milk
164755,39391,2,Prosciutto Cotto
164755,40706,2,Organic Grape Tomatoes
164755,44580,1,Baby Bok Choy
164755,46906,1,Grape White/Green Seedless
164755,47734,1,Organic Green Cabbage
164799,8424,1,Broccoli Crown
164799,9020,1,Boneless Skinless Chicken Thighs
164799,14129,1,Organic Chicken Bone Broth
164799,27521,1,Organic Lacinato (Dinosaur) Kale
164799,31343,1,Shredded Mild Cheddar Cheese
164799,39877,1,Organic Granny Smith Apple
164799,46847,1,Quick Cooking Rolled Oats Irish Oatmeal
164875,19340,1,Whole Wheat Pre-Sliced Mini Bagels
164875,19604,0,Medium Scarlet Raspberries
164875,32691,1,Vanilla Ice Cream
164875,44098,1,Appley Ever After Organic Juice Drink
164875,44867,0,Soft & Chewy Candy
164901,12341,1,Hass Avocados
164901,35561,1,Organic Tortilla Chips
165016,4957,1,Total 2% Lowfat Greek Strained Yogurt With Blueberry
165016,8277,1,Apple Honeycrisp Organic
165016,13263,1,Non Fat Acai & Mixed Berries Yogurt
165016,14437,1,Total Greek Yogurt With Honey
165016,15070,1,Low Fat Vanilla Non Dairy Yogurt
165016,21137,1,Organic Strawberries
165016,23576,1,Sweet Greens and Lemon Vegetable and Fruit Juice Blend
165016,24852,1,Banana
165016,26604,1,Organic Blackberries
165016,27845,1,Organic Whole Milk
165016,28465,1,Icelandic Style Skyr Blueberry Non-fat Yogurt
165016,35503,1,Organic Vanilla Almond Milk
165016,35547,1,Organic Baby Kale
165016,37687,1,Organic Spring Mix
165016,49683,1,Cucumber Kirby
165096,5876,0,Organic Lemon
165096,15261,1,Organic Rosemary
165096,17794,0,Carrots
165096,19348,1,Fat Free Milk
165096,24964,1,Organic Garlic
165096,26209,0,Limes
165096,38996,0,Grape Tomatoes
165096,40593,1,Cream Cheese
165096,42736,1,Unsalted Butter
165096,44142,1,Red Onion
165096,47209,0,Organic Hass Avocado
165687,1244,1,Organic Orange Bell Pepper
165687,9839,1,Organic Broccoli
165687,13848,0,Goat Cheese & Basil Ravioli
165687,14491,1,"Happy Baby Spinach, Mango, and Pear Baby Food"
165687,17872,1,Total 2% Lowfat Plain Greek Yogurt
165687,21616,0,Organic Baby Arugula
165687,25890,1,Boneless Skinless Chicken Breasts
165687,26604,1,Organic Blackberries
165687,28156,1,Total 0% Nonfat Plain Greek Yogurt
165687,30391,1,Organic Cucumber
165687,30489,1,Original Hummus
165687,31371,1,Whole Wheat English Muffins
165687,35078,1,Seriously Sharp Cheddar Cheese
165687,38984,0,Kale & Spinach Superfood Puffs
165687,39275,1,Organic Blueberries
165687,39877,0,Organic Granny Smith Apple
165687,40449,1,Blueberry & Purple Carrot Teething Wafers
165687,40706,1,Organic Grape Tomatoes
165687,44628,0,Organic Dijon Mustard
165687,46979,1,Asparagus
165687,47209,1,Organic Hass Avocado
165687,49499,0,Asparagus & Gruyere Ravioli
166384,12341,1,Hass Avocados
166384,13176,1,Bag of Organic Bananas
166384,14678,1,Organic Frozen Peas
166384,24009,1,Organic Long Grain White Rice
166384,27086,1,Half & Half
166384,31528,0,Natural Emmentaler Swiss Cheese
166384,39275,1,Organic Blueberries
166384,40706,1,Organic Grape Tomatoes
166384,42736,1,Unsalted Butter
166384,47755,0,Baked Vegetable Brown Rice Snaps
166384,48835,1,Organic Unsweetened Vanilla Coconut Non-Dairy Beverage
166686,12109,1,Multigrain Waffles
166686,21246,1,Mild Enchilada Sauce
166686,22959,1,Reduced Fat Milk 100% Lactose Free
166686,23909,1,2% Reduced Fat Milk
166686,34234,1,Grade AA Large White Eggs
166686,48154,0,Unsweetened Almond Coconut Milk Blend
166866,2322,1,All American Classic Made with Non-GMO Soy Veggie Burgers
166866,4605,1,Yellow Onions
166866,5684,0,Gluten Free Multi Seed Rice Thin Crackers
166866,7677,1,Strawberry Banana Flavored 4 Juice Smoothie Blend
166866,9825,1,Organic Multigrain Waffles
166866,13629,1,Organic Snipped Green Beans
166866,25340,1,Large Yellow Flesh Nectarine
166866,25659,1,Organic Coconut Milk
166866,28571,1,Pretzel Rods
166866,32689,1,Romaine Hearts
166866,32828,1,Italian Sausage
166866,37418,1,Mojo Chocolate Almond Coconut Bar
166866,37825,1,Organic Whole Wheat Fusilli
166866,38650,1,Organic Red Lentils
166866,41844,1,Honey Nut Cheerios
166866,42265,0,Organic Baby Carrots
166866,42495,1,Pink Lady (Cripps) Apple
166866,44014,1,Authentic Red Curry Paste
166866,46812,1,Natural Buttermilk Pancake & Waffle Mix
166866,49086,1,"Coconut Bliss Frozen Dessert, Dark Chocolate"
167928,13176,1,Bag of Organic Bananas
167928,19660,1,Spring Water
167928,32478,1,Reduced Fat 2% Milk
167952,1118,0,Ginger Chia Kombucha
167952,2361,0,Mint Chip
167952,14159,0,Seedless Watermelon
167952,14891,0,Black Coffee
167952,16965,0,Chocolate Ice Cream
167952,24852,0,Banana
167952,40002,0,Strawberry Ice Cream
167952,48523,0,Birthday Cake Light Ice Cream
168783,2038,1,Green Tea with Ginseng and Honey
168783,4605,1,Yellow Onions
168783,15100,0,Fresh Spinach
168783,19218,0,Lemon Real Brewed Tea
168783,24297,1,Sweetened Tea
168783,26040,1,"Deli Fresh Honey Ham, 97% Fat Free, Gluten Free"
168783,33050,1,Family Size Lasagna With Meat & Sauce
168783,33651,0,Harvest Cheddar Multigrain Chips
168783,35365,1,Naturally Hickory Smoked Hometown Original Bacon
168783,35383,1,Classic White Bread
168783,43183,1,Deli Fresh Shaved Smoked Turkey Breast
169250,4645,0,Queso Blanco Medium Dip
169250,10132,0,Organic American Cheese Singles
169250,11050,0,Greener Masking Tape
169250,24604,0,Triscuit Roasted Garlic Baked Whole Grain Crackers
169250,37776,1,Vanilla All Natural Liquid Coffee Creamer
169250,43474,1,Baked Snack Cracker Extra Toasty
169250,49139,0,Salsa Con Queso Medium
169352,13176,1,Bag of Organic Bananas
169352,13877,0,Smoked Salmon
169352,22963,0,Organic Roasted Turkey Breast
169352,27470,1,Organic Kale Chips
169352,30489,1,Original Hummus
169500,3044,0,Original 100% Pure No Pulp Orange Juice
169500,4377,0,Bag of Oranges
169500,8195,0,Paper Towels
169500,22959,1,Reduced Fat Milk 100% Lactose Free
169500,30348,0,Alkaline 9V Batteries
169500,32679,0,Original Plain Yoghurt
169500,47866,0,Jalapeno Potato Chips
169820,3308,1,Original English Muffins
169820,4317,1,Solid White Albacore Tuna In Water
169820,5794,0,House Blend Deep Roast Ground Coffee
169820,8277,1,Apple Honeycrisp Organic
169820,14992,1,Green Beans
169820,19309,1,Simply Granola Oats Honey Almond Cereal
169820,21948,0,Pinot Noir Wine
169820,29628,0,Ultra Strong Toilet Paper Double Rolls Bathroom Tissue
169820,38444,1,Chardonnay
169820,39041,0,Original Wheat Thins
169820,42949,1,Chicago Craft Variety Case
169820,43039,0,SmartBlend Vibrant Maturity 7+ Formula Dog Food
169820,45531,1,Original Coffee Creamer
170070,2120,1,Sauvignon Blanc
170070,2751,1,Authentic Chunky Style Refried Beans
170070,4317,1,Solid White Albacore Tuna In Water
170070,6724,1,Dark Chocolate Cocoa Roast Almonds 100 Calorie
170070,8174,1,Organic Navel Orange
170070,8536,1,Green Leaf Shreds
170070,9829,0,Pure Life Water
170070,12513,1,Light Strawberries 'n Bananas Fat Free Yogurt
170070,14379,1,BBQ Chicken Crispy Thin Crust Pizza
170070,17858,0,Everyday 2 Ply Premium Napkins
170070,19348,0,Fat Free Milk
170070,19701,1,Thin & Crispy Spinach & Garlic Pizza
170070,23767,1,Imported Light Beer
170070,26133,0,Classic Macaroni & Mild Cheddar Cheese
170070,26412,1,Fresh Lean Ground Turkey
170070,26520,1,Cheese Shredded Sharp Cheddar Reduced Fat 2%
170070,28913,0,100% Lime Juice
170070,30597,1,French Vanilla Coffee Creamer
170070,34543,1,Turkey No Beans 98% Fat Free Chili
170560,1160,1,Pinot Grigio
170560,3999,1,Bosc Pear
170560,5450,1,Small Hass Avocado
170560,10702,0,California Red Wine
170560,17752,1,Living Mint
170560,27104,1,Fresh Cauliflower
170560,33065,0,Cabernet Sauvignon
170560,42736,1,Unsalted Butter
170560,44570,1,Kale Greens
170560,44683,1,Brussels Sprouts
170588,10565,0,Mellow White Miso
170588,39024,1,Edamame In Pod
170666,10310,1,Wheat Thins Original
170666,32455,1,Whole Grain Cheddar Baked Snack Crackers
170666,37710,1,Trail Mix
170808,10840,1,Blueberry Crisp Energy Bar
170808,41290,1,Lemonade
170847,3796,1,Ranchero Braised Beef
170847,5653,1,Chicken Curry Salad
170847,5782,0,Grade A Large White Eggs
170847,18150,1,Oatmeal Raisin Cookies
170847,22285,0,Wild Cherrywood Smoked Uncured Bacon
170847,22559,1,Kitchen Cheese Enchilada
170847,23605,1,White Meat Chicken And Shredded Beef Cat Food
170847,25581,1,Blueberry Lowfat Yogurt
170847,25675,1,Raw Jumbo Cashews
170847,25861,1,Freshly Shaved Parmesan Cheese
170847,28281,1,Variety Pack Ice Cream Bars
170847,28379,0,Protein Chewy Bars Salted Caramel Nut
170847,33045,1,Lemon Herb Chicken Breast
170847,34217,1,Pesto Tortellini  Bowls
170847,36780,0,90 Calorie Chocolate Chewy Bars
170847,36822,1,Cioccolati Biscotti
170847,45161,1,Pistachio Pistachio Ice Cream
171551,6287,0,Organic & Raw Strawberry Serenity Kombucha
171551,29662,0,Potato Yukon Gold Organic
171551,29898,1,Organic Spaghetti Pasta
171551,32387,1,Roasted Garlic & Sweet Basil Sauce
171551,32537,0,Parsley
171551,39812,1,Organic Thyme
171551,41463,0,Cannellini Beans
171551,42617,0,Organic Great Northern Beans
171551,48559,1,Synergy Organic Kombucha Gingerberry
171616,784,0,Organic Vegetable Tray
171616,8428,0,Fresh Squeezed IPA
172088,2611,1,Gluten Free SpongeBob Spinach Littles
172088,5134,1,Organic Thompson Seedless Raisins
172088,17487,1,Orange Juice 100% Juice
172088,18418,1,Ginger Ale Soda
172088,21903,1,Organic Baby Spinach
172088,25890,1,Boneless Skinless Chicken Breasts
172088,26369,1,Organic Roma Tomato
172088,27845,1,Organic Whole Milk
172088,29987,1,Shredded Mozzarella
172088,30949,0,Organic YoKids Smoothie Strawberry Banana Lowfat Yogurt
172088,31130,0,Sea Salt Flakes Original
172088,33401,1,Goat Cheese Crumbles
172088,39427,1,Apples + Strawberries Organic Nibbly Fingers
172088,49235,1,Organic Half & Half
172291,8174,1,Organic Navel Orange
172291,27966,0,Organic Raspberries
172291,35233,0,Peach
172291,41787,1,Bartlett Pears
172425,4305,0,Black Tea Variety Pack
172425,5820,0,"Black Tea, Organic, Masala Chai, Bags"
172425,24359,0,Organic Original Plain Soymilk
172425,27548,1,Original Semisoft Cheese
172425,30489,0,Original Hummus
172425,39149,0,Cinnamon Apple Spice Herb Tea
172425,41621,0,Lemon Ginger Tea Bags
172425,42265,0,Organic Baby Carrots
172425,48946,0,Earl Grey Tea
172474,10787,1,Soft Flour Tortillas
172474,12905,0,Adult Indoor Advantage Cat Food
172474,16185,0,Sharp Cheddar Cheese
172474,16953,1,Creamy Peanut Butter
172474,23909,1,2% Reduced Fat Milk
172474,29327,0,Tomato Basil Garlic Italian Sauce
172474,46522,0,Spaghetti Pasta
172474,47144,1,Unsweetened Original Almond Breeze Almond Milk
172765,260,1,Cantaloupe
172765,432,1,Vanilla Almond Breeze Almond Milk
172765,10017,1,Tilapia Filet
172765,12932,1,Super Greens Veggie Burgers
172765,15984,1,Almond Milk Blueberry Yogurt
172765,19057,1,Organic Large Extra Fancy Fuji Apple
172765,21077,1,Cara Cara Navel Orange
172765,21903,1,Organic Baby Spinach
172765,23288,1,Distilled Water
172765,26032,0,Dairy Free Mozarella Style Shreds
172765,31964,1,Passionfruit Sparkling Water
172765,36011,1,Organic Fat Free Milk
172765,38312,1,Almond Milk Strawberry Yogurt
172765,40706,1,Organic Grape Tomatoes
172765,48220,1,Almond Milk Peach Yogurt
172790,4269,1,Mild Cheddar Cheese
172790,4605,1,Yellow Onions
172790,6046,1,Boneless Skinless Chicken Breast
172790,9515,1,Natural Classic Pork Breakfast Sausage
172790,14852,1,All Natural Marinara Sauce
172790,18362,1,Organic Bread with 21 Whole Grains
172790,21137,1,Organic Strawberries
172790,22451,1,Crinkle Cut French Fries
172790,23029,0,Organic Uncured Sliced Black Forest Ham
172790,24799,1,Vanilla Skyr Nonfat Yogurt
172790,26344,1,Organic Mixed Berry Sipper Juice
172790,26882,1,Russet Potatoes
172790,28465,0,Icelandic Style Skyr Blueberry Non-fat Yogurt
172790,28985,1,Michigan Organic Kale
172790,29447,1,"Milk, Organic, Vitamin D"
172790,29898,1,Organic Spaghetti Pasta
172790,35004,1,Macaroni Shells & White Cheddar Cheese
172790,35042,1,Black Beans
172790,35595,1,Organic Large Grade AA Eggs
172790,42342,0,Roasted Turkey Breast
172790,46049,1,Salt & Pepper Krinkle Chips
172790,47209,1,Organic Hass Avocado
172790,49175,1,Organic Pinto Beans
172999,13176,0,Bag of Organic Bananas
172999,17794,0,Carrots
172999,18656,0,Organic Red Potato
172999,21137,0,Organic Strawberries
172999,27344,1,Uncured Genoa Salami
172999,31553,0,Fresh Ginger Root
172999,38383,0,Organic White Onions
172999,45007,1,Organic Zucchini
172999,46906,0,Grape White/Green Seedless
172999,46979,1,Asparagus
172999,47626,0,Large Lemon
173057,32650,0,White Giant Paper Towel Rolls
173057,42705,0,Proactive Health Sensitive Stomach Cat Food
173057,49355,0,Instant Action Cat Litter
173514,699,1,Sugo Rosa Pasta Sauce
173514,8518,1,Organic Red Onion
173514,13176,1,Bag of Organic Bananas
173514,15592,1,Organic Baby Romaine Lettuce
173514,17872,1,Total 2% Lowfat Plain Greek Yogurt
173514,24964,1,Organic Garlic
173514,26369,1,Organic Roma Tomato
173514,28289,1,Organic Shredded Carrots
173514,28849,1,No Salt Added Black Beans
173514,31717,1,Organic Cilantro
173514,33731,1,Grated Parmesan
173514,35547,1,Organic Baby Kale
173514,36792,1,Gluten Free Omega Flax & Fiber Bread
173514,38383,1,Organic White Onions
173514,40229,1,Organic Whole Wheat Penne Rigate
173514,41588,1,Firm Tofu
173514,42450,1,Macaroni & Cheese
173514,47766,1,Organic Avocado
173933,1398,0,Ice Bag
173933,8859,0,Natural Spring Water
173933,9196,0,Organic 2nd Foods Carrots Apples & Mangoes Baby Food
173933,13176,0,Bag of Organic Bananas
173933,20286,0,Drawstring Tall Kitchen Bags
173933,27240,0,Classic Lavender & Chamomile Liquid Hand Soap
173933,36186,1,Large Grade AA Organic Eggs
173933,41385,0,Original Club Crackers
174029,26209,1,Limes
174029,42719,1,Natural Premium Coconut Water
174301,4656,1,Raspberry Preserves
174301,4932,0,Vanilla Bean Ice Cream
174301,9515,1,Natural Classic Pork Breakfast Sausage
174301,13176,0,Bag of Organic Bananas
174301,17419,0,Sprouted Whole Wheat Bread
174301,18037,0,Organic Sprouted Wheat Sesame Bagels
174301,21903,1,Organic Baby Spinach
174301,22556,1,All Natural Apricot Sparkling Water
174301,23554,0,Organic Vanilla Bean Ice Cream
174301,24830,1,Organic Romaine
174301,32585,0,Sprouted Wheat Cinnamon Raisin Bagels
174301,34244,0,"Bread, Sprouted Sourdough"
174301,43248,1,Popcorn Chicken
175232,15485,0,Green Tea Bags
175232,16797,0,Strawberries
175232,17316,0,Vitamin D Organic Whole Milk
175232,23102,0,Organic 1% Milk
175232,24852,1,Banana
175232,28204,0,Organic Fuji Apple
175232,40174,0,2% Reduced Fat Organic Milk
175232,42495,0,Pink Lady (Cripps) Apple
175232,49517,0,0% Fat Free Organic Milk
175232,49605,1,Classic Hummus Family Size
175238,1511,1,2% Reduced Fat DHA Omega-3 Reduced Fat Milk
175238,8424,1,Broccoli Crown
175238,12385,1,"Vegetable Base, Organic"
175238,17704,0,Lemons
175238,38689,1,Organic Reduced Fat Milk
175238,47766,1,Organic Avocado
175238,49401,1,"Chicken Base, Organic"
175434,7325,1,Dark Blackout Organic Chocolate
175434,8518,1,Organic Red Onion
175434,9955,0,Unsweetened Organic Coconut Milk
175434,19895,1,Sliced Prosciutto
175434,21405,1,"Organic Red Radish, Bunch"
175434,21616,1,Organic Baby Arugula
175434,42347,1,Caffeine Free Diet Cola All Natural Soda
175434,45741,1,Chicharrones Fried Pork Rinds
175434,47734,0,Organic Green Cabbage
175900,14633,0,Veggie Chips
175900,19660,1,Spring Water
175900,34126,1,Organic Italian Parsley Bunch
175900,36253,1,Parmesan Cheese Grated from the block
175900,38273,0,Marinara Pasta Sauce
176420,480,0,Slow Churned Mint Chocolate Chip Ice Cream
176420,6265,1,Fruit Gushers Fruit Flavored Snacks Variety Pack
176420,9139,0,Fabric Softener Dryer Sheet Outdoor Fresh 240CT Fabric Enhancers
176420,13733,1,Red Potatoes
176420,15412,0,Chicken Flavor Ramen Noodles
176420,25146,0,Original Orange Juice
176420,29082,1,Waffle Fries French Fried Potatoes
176420,46979,1,Asparagus
176756,1925,1,Root Veggie Burger
176756,5025,1,Green Onions
176756,6328,0,Casera Medium Salsa
176756,6692,1,Lightly Seasoned Chick'n Scallopini
176756,7806,1,Soft Pretzel Burger Buns
176756,8518,1,Organic Red Onion
176756,11520,1,Large Alfresco Eggs
176756,14447,0,Chocolate Mint Builder's Bar
176756,14764,1,Organic Sprouted Wheat Bagels
176756,18072,1,Organic Gluten Free Elbow Pasta
176756,18689,1,Dairy-Free Chive Cream Cheese
176756,20580,1,Original Real Vegetable Chips
176756,21616,1,Organic Baby Arugula
176756,22935,1,Organic Yellow Onion
176756,22993,1,Super Seed Crispy Crackers
176756,24390,1,Pomegranate
176756,24830,1,Organic Romaine
176756,24852,0,Banana
176756,27156,1,Organic Black Beans
176756,27521,1,Organic Lacinato (Dinosaur) Kale
176756,28985,1,Michigan Organic Kale
176756,29487,1,Roma Tomato
176756,31478,1,Dairy-Free Cheddar Style Wedges
176756,33919,1,Organic Coconut Bliss Salted Caramel in Chocolate
176756,34126,1,Organic Italian Parsley Bunch
176756,35467,0,Semi Sweet Chocolate Mega Chunks Dairy Nut & Soy Free
176756,35784,1,Lemon Sparkling Natural Spring Water
176756,36389,1,Organic Rainbow Chard Vegetable
176756,37053,0,Just Mayo
176756,38650,1,Organic Red Lentils
176756,44632,1,Sparkling Water Grapefruit
176756,44873,0,Organic Original Barbeque Sauce
176756,44926,1,Tortilla Chips with Salt
176756,47766,1,Organic Avocado
176756,48679,1,Organic Garnet Sweet Potato (Yam)
176756,49383,1,Organic Bunch Beets
176756,49416,1,Organic Gluten Free Non-Dairy Beans & Rice Burrito
176756,49520,0,Orange Sparkling Water
176756,49683,1,Cucumber Kirby
176924,5578,1,Okra
176924,5764,1,Organic SprouTofu Teriyaki Tofu Cutlets
176924,18465,1,Organic Grade A Free Range Large Brown Eggs
176924,21137,1,Organic Strawberries
176924,24852,1,Banana
176924,26940,1,Organic Large Green Asparagus
176924,36198,1,Organic Unsweetened Original Rice Drink
176924,41960,1,"Organic Daikon Root, Bunch"
176924,42719,1,Natural Premium Coconut Water
177194,15613,0,Salted Tub of Butter
177194,17526,0,70% Dark Chocolate Salted Almond Bar
177194,19677,0,Original Pure Creamy Almond Milk
177194,24184,0,Red Peppers
177194,25659,0,Organic Coconut Milk
177194,26209,0,Limes
177194,28123,0,Organic Cut Green Beans
177194,31717,0,Organic Cilantro
177194,42701,0,Organic Sour Cream
177194,43712,0,Creme Fraiche
177194,49533,0,Cane Sugar
177418,3896,1,Organic Honey Sweet Whole Wheat Bread
177418,6795,0,Organic Garlic Granules
177418,10385,1,Organic English Cucumber
177418,10749,1,Organic Red Bell Pepper
177418,14462,1,Sliced Black Olives
177418,21413,1,Organic Soba
177418,28401,0,Organic Cabernet Sauvignon Wine Vinegar
177418,37067,1,Organic Banana
177767,8193,0,Russet Potato
177767,18594,0,Emmentaler Swiss Slices
177767,19061,0,Asparagus Tips
177767,24852,1,Banana
177767,37516,0,"Barbecue Sauce, Kansas City"
177767,40174,1,2% Reduced Fat Organic Milk
177767,41610,0,Arborio White Rice
177767,43294,0,100% Pure Organic Maple Syrup Grade A
177767,46820,1,Vanilla Pure Almond Milk
177767,47766,1,Organic Avocado
177885,36200,0,Baby Dry Diapers Size 6 Diapers
178308,2120,0,Sauvignon Blanc
178308,4097,0,Whole Grain Loaf
178308,4853,0,Broccoli Rabe
178308,5251,0,Shaved Brussel Sprouts
178308,7108,1,Napa Valley Cabernet Sauvignon
178308,7872,0,Original Chabis Pure Goat Milk Cheese
178308,8424,0,Broccoli Crown
178308,8518,0,Organic Red Onion
178308,15937,0,Shallot
178308,22475,0,Jicama
178308,25618,0,Belgian Golden Ale
178308,31006,0,Frisee (Chickory) Lettuce Bunch
178308,31341,0,Crunchy Gherkins
178308,33065,1,Cabernet Sauvignon
178308,33198,0,Sparkling Natural Mineral Water
178308,38504,0,Belgian Endive
178308,42483,0,Dried Manzanilla
178474,14578,0,Dozen Roses
178737,29127,0,Dairy Free Unsweetened Coconut Milk
178737,32403,1,Fat Free Skim Milk
178737,43693,1,Whole Vitamin D Milk
178903,4920,1,Seedless Red Grapes
178903,6972,1,Mayo Made With Avocado Oil
178903,8988,0,Organic Garlic Powder
178903,12144,0,Gluten-Free Chicken Nuggets
178903,13176,0,Bag of Organic Bananas
178903,14976,0,Organic Paprika
178903,21903,0,Organic Baby Spinach
178903,21982,0,Wild Caught Skinless & Boneless Sardines Packed in Pure Olive Oil
178903,21996,0,Prepared White Horseradish
178903,25659,0,Organic Coconut Milk
178903,26209,0,Limes
178903,29871,0,Organic Roast Beef
178903,30391,1,Organic Cucumber
178903,33911,0,Zero Calorie Cream Soda
178903,37011,0,Artichokes
178903,37158,0,Chicken & Maple Breakfast Sausage
178903,41055,0,Organic Red Wine Vineger
178903,42342,1,Roasted Turkey Breast
178903,43086,1,Super Greens Salad
178903,43295,1,Unsweetened Vanilla Almond Milk
178903,44282,0,Himalania Fine Pink Salt
178903,46676,0,Total 0% Nonfat Greek Yogurt
178903,47626,1,Large Lemon
178903,49484,0,Grain Free Cassava & Chia Tortillas
179038,3376,0,Organic Whole Kernel Sweet Corn No Salt Added
179038,5024,0,Dark Red Kidney Beans No Salt Added
179038,7021,1,Organic Tomato Paste
179038,7241,0,Vegan Cheddar Mac & Cheese
179038,7461,0,Pinto Beans No Salt Added
179038,8193,0,Russet Potato
179038,8412,0,Green Peas No Salt Added
179038,8670,0,Diced Tomatoes
179038,9076,0,Blueberries
179038,13829,0,Mild Salsa
179038,16797,0,Strawberries
179038,17584,1,Southwest Style Strips
179038,22395,0,Tomato Sauce
179038,23236,0,Chopped Spinach
179038,23634,0,Dairy-Free Cheddar Style Shreds
179038,28553,0,Whole Strawberries
179038,28849,0,No Salt Added Black Beans
179038,30450,0,Creamy Almond Butter
179038,39639,0,Unsweetened Plain Soy Yogurt
179038,40229,1,Organic Whole Wheat Penne Rigate
179038,41588,1,Firm Tofu
179038,47144,0,Unsweetened Original Almond Breeze Almond Milk
179038,47766,0,Organic Avocado
179548,2855,1,Organic Good Seed Bread
179548,7521,1,New Orleans Iced Coffee
179548,9339,1,Organic Chicken & Apple Sausage
179548,9913,1,Garden Vegetable Salad Roll
179548,13292,1,"Juice Beverage, Cold Pressed, Kale Apple Ginger Romaine Spinach Cucumber Celery Parsley Lemon"
179548,14084,1,Organic Unsweetened Vanilla Almond Milk
179548,17949,1,Mild Cheddar Cheese Sticks
179548,20794,1,"Kombucha, Organic Raw, Citrus"
179548,22035,1,Organic Whole String Cheese
179548,25157,1,Uncured Pastrami
179548,27086,1,Half & Half
179548,27744,1,Organic Whipping Cream
179548,27845,1,Organic Whole Milk
179548,29270,1,Beet Apple Carrot Lemon Ginger Organic Cold Pressed Juice Beverage
179548,30776,1,Organic Raw Kombucha Gingerade
179548,31634,1,Brown Sugar Maple Oatmeal with Ancient Grains
179548,44765,1,Colby Cheese Sticks
179548,45603,1,Trilogy Kombucha Drink
179548,47830,1,Watercress Greens Juice
179752,327,1,"Green Peas, Organic, Petite"
179752,6870,0,Fresh Pressed Coconut Oil
179752,9337,0,Purity Farms Ghee Clarified Butter
179752,15763,1,PastaJoy Brown Rice Pasta Elbow
179752,20583,1,Sourdough Baguette
179752,28106,1,Organic Tri-Colored Peppers
179752,32988,1,Natural Foods Olive Oil Potato Chips Sea Salt
179752,39276,0,Bananas
179790,890,0,Organic Diced Tomatoes
179790,8518,1,Organic Red Onion
179790,9825,1,Organic Multigrain Waffles
179790,19348,1,Fat Free Milk
179790,24964,1,Organic Garlic
179790,26209,1,Limes
179790,27104,1,Fresh Cauliflower
179790,33884,0,Bay Leaves
179790,35163,1,Red Leaf Lettuce
179790,42617,0,Organic Great Northern Beans
179790,43352,0,Raspberries
179790,46720,0,Organic Free Range Chicken Broth
179790,47766,1,Organic Avocado
180129,20791,0,Bedtime Tea
180129,22598,0,Kellogg's Nutri-Grain Blueberry Cereal
180129,23405,0,Pure Baking Soda
180129,27117,0,Refresh Herbal Tea
180129,28427,0,Vitamin D Whole Milk
180129,30064,0,Double Acting Baking Powder
180129,41390,0,Major Dickason's Blend Dark Roast K-Cups
180621,7676,1,Organic Lowfat Plain Yogurt
180621,14992,1,Green Beans
180621,18234,1,Organic Spinach Bunch
180621,38689,1,Organic Reduced Fat Milk
180621,38984,1,Kale & Spinach Superfood Puffs
180621,47734,1,Organic Green Cabbage
180621,48745,1,Globe Eggplant
180800,13176,1,Bag of Organic Bananas
180800,13431,1,Flaky Biscuits
180800,18531,1,Organic Heavy Whipping Cream
180800,19478,1,Organic Marinara Pasta Sauce
180800,22035,1,Organic Whole String Cheese
180800,27423,1,Real Aged Cheddar Macaroni & Cheese
180800,31717,1,Organic Cilantro
180800,34448,1,Original Veggie Straws
180800,40723,1,Organic Cripps Pink Apples
180800,46720,1,Organic Free Range Chicken Broth
180800,47209,1,Organic Hass Avocado
180800,48857,1,Authentic French Brioche
181012,6069,0,Maple Pumpkin Seeds with Sea Salt Chewy with a Crunch Granola Bars
181012,17122,1,Honeycrisp Apples
181012,18281,0,Popped Dark Chocolate with Sea Salt Granola Bar
181012,20361,1,Winterfrost Sugar-Free Gum
181012,24533,1,Pre-Moistened Multi-Surface Everyday Wipes
181012,24852,0,Banana
181012,25462,0,Ice Cube Sugar Free Arctic grape Gum
181012,28199,0,"Clementines, Bag"
181012,31635,0,Vanilla Almond Milk Yogurt
181012,38312,0,Almond Milk Strawberry Yogurt
181012,38656,0,Gluten Free Peanut Butter Dark Chocolate Chewy With a Crunch Granola Bars
181012,48527,1,Avocado
181012,49026,0,Plain Almond Milk Yogurt
181293,4063,1,Turkey Ham
181293,7148,1,Pure Cornstarch Baby Powder
181293,8098,0,Seasoned Collard Greens
181293,8590,1,Ground Turkey
181293,8598,1,Mega Rolls
181293,27041,0,Mushroom Stems & Pieces
181293,30921,1,Jumbo Grade A White Eggs
181293,33564,1,Whole Green Beans
181293,34506,0,Vitamin D3 1000IU Softgels
181293,44448,0,Emery Boards
181293,46804,1,Baking Soda
181293,49067,1,Breaded filet of Alaskan Pollock with macaroni and cheese Fish Filet
181426,7676,0,Organic Lowfat Plain Yogurt
181426,18465,1,Organic Grade A Free Range Large Brown Eggs
181426,24852,1,Banana
181426,31766,1,Cheese Pizza Snacks
181426,35887,1,Organic Mixed Vegetables
181426,46802,1,Pineapple Chunks
181426,47209,1,Organic Hass Avocado
181426,48595,0,Organic Wheat Square Crackers
181548,5067,0,Original Syrup
181548,18610,1,Cola Soda
181548,23645,0,Sour Cream & Onion Potato Chips
181887,2091,1,Almond Nut & Rice Cracker Snacks
181887,3583,1,Unsweetened Coconut Milk Beverage
181887,3717,1,Cheese Enchilada Meal
181887,9124,1,Broccoli & Cheddar Bake Meal Bowl
181887,10724,0,Dark Chocolate Coconut Almond Bark
181887,14852,1,All Natural Marinara Sauce
181887,18465,1,Organic Grade A Free Range Large Brown Eggs
181887,20009,1,Mild Pico De Gallo Bean and Rice Chips
181887,20015,1,Grandma's Hummus
181887,39194,1,Bean & Rice Chips sea salt
181887,45200,0,Organic Cauliflower
181887,45578,1,Dark Sweet Cherries
182062,21137,1,Organic Strawberries
182093,432,1,Vanilla Almond Breeze Almond Milk
182093,11140,1,Organic Romaine Leaf
182093,12980,1,Large Greenhouse Tomato
182093,13031,1,Pizza Roasted Vegetable No Cheese
182093,16291,1,Organic Extra Large Brown Omega 3 Eggs
182093,19057,0,Organic Large Extra Fancy Fuji Apple
182093,19160,1,Cake Pans
182093,21927,1,Organic Boneless Skinless Chicken Breast
182093,26209,1,Limes
182093,39275,1,Organic Blueberries
182093,46979,0,Asparagus
182093,48057,0,"Hummus, Hope, Original Recipe"
182324,10749,1,Organic Red Bell Pepper
182324,22825,1,Organic D'Anjou Pears
182324,22849,1,Bunny-Luv Fresh Organic Carrots
182324,25138,1,Organic Plain Greek Whole Milk Yogurt
182324,26128,1,Organic Mango Chunks
182324,27104,1,Fresh Cauliflower
182324,27521,1,Organic Lacinato (Dinosaur) Kale
182324,39877,1,Organic Granny Smith Apple
182324,42768,0,Organic Garbanzo Beans
182324,45007,1,Organic Zucchini
182633,1194,0,Natural Artisan Water
182633,2099,0,Natural Cane Turbinado Sugar
182633,4620,0,Ginger Root
182633,5785,0,Organic Reduced Fat 2% Milk
182633,19691,0,Green Seedless Grapes
182633,21137,0,Organic Strawberries
182633,21526,0,Organic Golden Round Crackers
182633,22211,0,Free & Clean Unscented Hand Soap
182633,29941,0,Red Plums
182633,33198,0,Sparkling Natural Mineral Water
182633,35221,0,Lime Sparkling Water
182633,36316,0,Lemon Sparkling Water
182633,37067,0,Organic Banana
182633,40488,0,Peach Pear Sparkling Water
182633,42415,0,Almond Soap Bar
182633,43961,0,Organic Peeled Whole Baby Carrots
182633,47977,0,Grapefruit Sparkling Water
182633,48057,0,"Hummus, Hope, Original Recipe"
183076,712,1,Direct Trade El Diablo Dark Roast Whole Bean Coffee
183076,2966,1,Pure Coconut Water
183076,3765,1,Original Whole Fat Lactose Free Milk
183076,4781,1,Original Coconut Milk Creamer
183076,5653,1,Chicken Curry Salad
183076,13176,1,Bag of Organic Bananas
183076,21137,0,Organic Strawberries
183076,21384,0,Greek Orzo Salad
183076,26209,0,Limes
183076,27044,0,Maple Almond Butter
183076,27850,1,Fresh Lemon Odor Shield 13 Gallon Tall Kitchen Drawstring Bags
183076,27966,1,Organic Raspberries
183076,34023,0,Whole Grain Quinoa
183076,36956,1,Stringless Sugar Snap Peas
183076,39275,0,Organic Blueberries
183076,43450,1,Living Drip-Catch Cuff Gloves
183076,43961,1,Organic Peeled Whole Baby Carrots
183076,45437,1,Sea Salt Made With Organic Grain Rice Chips
183076,46047,1,Organic Original Acai Berry + Guarana Smoothie Packs
183126,23537,1,Light Brown Sugar
183126,31127,1,Sweet Batard
183126,43122,1,Organic Bartlett Pear
183169,1240,1,Plain Better Than Cream Cheese
183169,4472,1,Toasted Coconut Almondmilk Blend
183169,5785,1,Organic Reduced Fat 2% Milk
183169,5876,1,Organic Lemon
183169,13819,1,Roasted Salted Cashews
183169,21910,1,Coconut Almond Creamer Blend
183169,24852,1,Banana
183169,28199,1,"Clementines, Bag"
183169,33055,1,Organic Golden Delicious Apple
183169,39877,1,Organic Granny Smith Apple
183169,40268,1,Organic Wheat-Free & Gluten-Free Original Crackers
183169,43122,1,Organic Bartlett Pear
183169,43956,0,Organic Coconut Smiles
183169,49235,1,Organic Half & Half
183257,13284,1,Parmesan Garlic & Herb Pita Chips
183257,32068,1,Kettle Korn Popcorn
183257,32325,0,Slow Churned  Caramel Delight Ice Cream
183257,39982,1,Sausage  Links
183257,40910,0,Root Beer
183257,47144,0,Unsweetened Original Almond Breeze Almond Milk
183257,49605,0,Classic Hummus Family Size
183439,421,0,Garlic & Herb Fresh Goat Cheese
183439,12583,0,Organic Gold Beets
183439,22260,1,Organic Rolled Oats
183439,30305,1,Fancy Eggplant
183439,34126,1,Organic Italian Parsley Bunch
183439,36070,0,"Super Spinach! Baby Spinach, Baby Bok Choy, Sweet Baby Kale"
183439,39732,1,Pitted Kalamata Olives
183439,45007,0,Organic Zucchini
183439,49383,0,Organic Bunch Beets
183785,34,1,Peanut Butter Cereal
183785,10409,1,Essentials Organic Green Delight Juice
183785,42460,1,Plain Mini Bagels
183785,46881,0,Aged White Cheddar Baked Rice And Corn Puffs
184124,3887,0,"Raw Honey, Organic"
184124,11132,1,Organic Promise Berry Fruitful Cereal
184124,12674,1,Cocoa Noir Cold Brew Coffee With Almondmilk
184124,13870,1,Lightly Salted Baked Snap Pea Crisps
184124,18891,1,Classic Almond Butter All Natural
184124,21761,1,Creamy Chocolate Hard Candy
184124,48022,1,Chocolate Mousse Ganache Cone
185283,14996,0,Ruby Red Grapefruit
185283,15664,0,Tomatoes Sauce
185283,16953,0,Creamy Peanut Butter
185283,34451,0,Pesto Pasta Sauce
185283,34496,0,Alfredo Pasta Sauce
185283,35267,0,Organic Granny Smith Apples
185491,3952,1,Organic Broccoli Crowns
185491,3957,1,100% Raw Coconut Water
185491,4366,1,Multi-Grain Sea Salt Crackers
185491,4421,0,Organic Beef Uncured Hot Dogs
185491,7521,1,New Orleans Iced Coffee
185491,11520,1,Large Alfresco Eggs
185491,12872,1,Penne Rigate
185491,14129,1,Organic Chicken Bone Broth
185491,15008,1,Chocolate Hazelnut Butter
185491,16278,0,Organic Delicata Squash
185491,18689,1,Dairy-Free Chive Cream Cheese
185491,18770,1,Uncured Italian Dry Salami
185491,19006,1,Dark Chocolate Pretzels with Sea Salt
185491,19057,0,Organic Large Extra Fancy Fuji Apple
185491,20957,0,Whole Grain Rice Cereal
185491,21709,1,Sparkling Lemon Water
185491,21903,1,Organic Baby Spinach
185491,23375,0,Marinara Sauce
185491,25630,1,Healthy Grains Fiber Cinnamon Oat Clusters
185491,25718,1,Cold Brew Coffee
185491,28465,0,Icelandic Style Skyr Blueberry Non-fat Yogurt
185491,28849,1,No Salt Added Black Beans
185491,30489,1,Original Hummus
185491,34197,1,Goat Milk
185491,35425,0,Gluten Free Brown Rice English Muffins 6 ct
185491,38264,1,Chocolate Macaroons
185491,38730,1,Brownie Crunch High Protein Bar
185491,38750,1,"Protein Bar, Chocolate Pretzel"
185491,39861,1,Flax Plus Hot Oatmeal
185491,41842,1,Organic Gluten Free Chia Plus with Quinoa & Amaranth Waffles
185491,46755,1,Dark Chocolate with 88% Cocoa
185491,47912,0,Vanilla Skyr Style Yogurt
185491,49396,1,Honey Snack Packs Bunny Grahams
185501,4920,1,Seedless Red Grapes
185501,32689,1,Romaine Hearts
185665,19057,1,Organic Large Extra Fancy Fuji Apple
185665,21903,1,Organic Baby Spinach
185665,25640,1,White Peach
185665,25653,1,Organic Plain Yogurt
185665,36192,1,Kool Ranch Kale Chips
185665,37796,1,"Soap, Dead Sea Mud"
185665,45220,1,"Soap, Triple Milled, Dead Sea Salt"
185977,2120,1,Sauvignon Blanc
185977,4837,0,Fresh Squeezed Orange Juice
186174,790,0,Garbanzo Beans
186174,1516,0,Organic Acai Berry Smoothie Packs
186174,2979,0,Beyond Beef Beefy Crumble
186174,21019,0,Roasted Red Pepper Hummus
186174,21194,0,Chickpeas! Pasta Shells
186174,22993,0,Super Seed Crispy Crackers
186174,24838,0,Unsweetened Almondmilk
186174,24852,0,Banana
186174,30002,0,Antioxidant Blend Frozen Smoothie
186174,42265,0,Organic Baby Carrots
186174,43205,0,Low Sodium Black Beans
186174,43717,0,18-in-1 Hemp Pure-Castile Soap Almond
186174,49351,0,Organic Unrefined Sesame Oil
186282,4600,1,All Natural French Toast Sticks
186282,5612,1,Reduced Fat Milk
186282,6948,1,Organic Original Almond Milk
186282,9595,1,Organic Homestyle Mini Waffles
186282,12440,1,California Lemonade
186282,14867,1,Honey Bunny Grahams
186282,17600,1,"YoKids Squeezers Organic Low-Fat Yogurt, Strawberry"
186282,29487,1,Roma Tomato
186282,31927,1,Four Cheese Pasta Sauce
186282,34466,1,Sweet Potatoes
186282,34497,0,"Prosciutto, Americano"
186282,37335,1,Thin Whole Wheat Sandwich Buns
186525,945,0,Fruit Punch Juice Drink
186525,1873,1,Chocolate Protein Plus Smoothie
186525,6991,1,Crunchy Oats 'n Honey Granola
186525,11488,1,Vegetable Oil & Nonfat Yogurt Spread
186525,12919,1,Coconut Sparkling Water
186525,21847,0,Lemongrass Citrus Scent Disinfecting Wipes
186525,23356,0,Small Rectangle Containers
186525,34594,1,DHA Omega-3 Vanilla Lowfat Milk
186525,41290,1,Lemonade
186525,41751,1,Long Grain Brown Rice
186525,43692,0,Shredded Mozzarella Cheese
186525,43867,0,100% Grated Parmesan Cheese
186525,44167,0,Pacific Cooler Juice Drink
186525,45064,1,Honey Wheat Bread
187086,4350,0,Mushroom And Ricotta Ravioli
187086,14766,1,Sparkling Grapefruit
187086,16101,0,Plain Brownies
187086,18606,1,Moroccan Mint Green Tea
187086,29027,0,Baby Bella Mushroom Whole
187086,31343,0,Shredded Mild Cheddar Cheese
187086,37552,1,Sparkling Blackberry Juice
187086,38453,1,Reduced Fat Chocolate Milk
187086,39303,0,Organic Sea Salt Potato Chips
187086,39619,0,Organic Tomato Basil Pasta Sauce
187086,40709,0,Sea Salt & Vinegar Potato Chips
187086,49517,0,0% Fat Free Organic Milk
187487,1240,1,Plain Better Than Cream Cheese
187487,4920,1,Seedless Red Grapes
187487,10880,1,Grade A Cage Free Omega-3 Enriched Medium Eggs
187487,12659,1,Double Chocolate Chip Cookies with Dirty Mint Chip Ice Cream
187487,17920,1,Shredded Almond Mozzarella Cheese
187487,18829,1,Dairy Free Grated Parmesan Style Topping
187487,19154,1,Coconut Fruit Bars
187487,19677,1,Original Pure Creamy Almond Milk
187487,20588,1,Vegan Buttery Sticks
187487,20589,1,Veggie Bologna Deli Slices
187487,23102,1,Organic 1% Milk
187487,24838,1,Unsweetened Almondmilk
187487,24852,1,Banana
187487,31378,1,"Traditional Size Corn Tortillas, 6\"""
187487,31506,1,Extra Virgin Olive Oil
187487,33055,1,Organic Golden Delicious Apple
187487,37646,1,Organic Gala Apples
187487,40966,1,Brown Sugar & Sea Salt Seaweed Snacks
187487,46820,1,Vanilla Pure Almond Milk
187610,1295,0,Ultra Assorted Fruit Antacid Tablets
187610,1599,0,Cottonelle Fresh Care Flushable Cleansing Cloths
187610,2120,1,Sauvignon Blanc
187610,3469,0,Organic Vegetarian Mild Refried Beans With Green Chiles
187610,5470,1,Tequila Reposado
187610,5707,0,Dark Chocolate Cinnamon Pecan Bar
187610,5757,0,"Nuts & Spices, Dark Chocolate Mocha Almond"
187610,7898,1,Ginger Beer
187610,11725,0,Anti Gas Tab Ex St Permanent
187610,12013,1,Pinot Noir
187610,13539,1,Purify Coconut Water Cleansing Wipes
187610,15547,1,Habanero & Green Chile Smoked Chicken Sausage
187610,22215,1,Bleach Clean Linen Concentrated
187610,25531,0,Aspartame Free Mojito Lime Mint Sugar Free
187610,26209,1,Limes
187610,27964,1,"HE Liquid Laundry Detergent, Original scent"
187610,29845,0,Shredded Pecorino Romano Cheese
187610,31506,1,Extra Virgin Olive Oil
187610,32348,0,Drews Buttermilk Ranch Dressing
187610,34680,1,Bloody Mary Mix
187610,38444,1,Chardonnay
187610,38635,0,Steamed Baby Beets
187610,38739,0,Hass Avocado
187610,39448,1,Cold Brew Coffee Mocha
187610,41662,0,Quartered & Marinated Artichoke Hearts
187610,41950,0,Organic Tomato Cluster
187610,42701,1,Organic Sour Cream
187895,5212,1,Watermelon Chunks
187895,5451,1,Organic Zucchini Spirals
187895,12442,0,Basil Dish Soap
187895,12576,0,Kiwi Sandia Sparkling Water
187895,13143,0,Lavender Hand Sanitizer Wipes
187895,13176,1,Bag of Organic Bananas
187895,13212,0,Ground Black Pepper
187895,14084,1,Organic Unsweetened Vanilla Almond Milk
187895,17485,0,Organic Coconut Banana Bite
187895,20995,0,Organic Broccoli Florets
187895,31486,0,Zero Calorie Sweetener
187895,31915,0,Organic Red Delicious Apple
187895,33195,0,7 Sprouted Grains Bread
187895,36342,0,Carrot Raisin Flax Muffins
187895,37508,0,0% Fat Organic Greek Vanilla Yogurt
187895,38456,0,Large Grapefruit
187895,41065,0,Organic Yellow Squash
187895,45007,1,Organic Zucchini
187895,45063,1,Organic Baby Bella Mushrooms
187895,46876,0,Gluten-Free Sour Cream & Onion Quinoa Chips
187895,47766,1,Organic Avocado
187895,48034,0,Peppered Turkey Jerky
187895,49273,0,Light and Lean Quinoa Black Beans with Butternut Squash and Chard
187930,287,1,Turkey
187930,6036,1,Cinnamon French Toast Sticks
187930,13997,1,Braeburn Apple
187930,14645,1,De Mexico
187930,20253,1,Raspberry Danish Twist
187930,28842,1,Bunched Cilantro
187930,28985,1,Michigan Organic Kale
187930,32545,0,Bakery Classics Sliders Golden Potato Buns
187930,34968,1,Enriched Poppyseed Hot Dog Buns
188020,5390,0,Boneless Beef Chuck Roast
188020,5876,1,Organic Lemon
188020,7139,1,Sooo Good Light Roast Coffee
188020,22935,1,Organic Yellow Onion
188020,30796,1,Strawberry Gem Fruit Spread
188020,44103,1,Honey Whole Wheat Bread
188020,47209,1,Organic Hass Avocado
188140,8048,1,Packaged Grape Tomatoes
188140,21903,1,Organic Baby Spinach
188140,38768,1,Sweet Kale Salad Mix
188352,10070,1,Organic 1% Low Fat Milk
188352,11370,0,Multipack Star Wars
188352,16014,0,Barbeque Potato
188352,16185,1,Sharp Cheddar Cheese
188352,17752,0,Living Mint
188352,25480,0,Apple Juice Fruit
188352,26698,1,Sourdough Hard Pretzels Fat Free
188352,29487,1,Roma Tomato
188352,33909,0,Cracked Wheat Sourdough Loaf
188352,35199,0,100% Apple Juice
188352,35752,0,Hardwood SmokedCenter Cut Original Bacon
188352,40232,0,Boneless Pork Loin Chops
188352,41453,1,Eggo Buttermilk Pancakes
188352,43530,0,Caramel Corn Rice Cakes
188352,46870,1,Cheddar Cheese Rice Crisps
188463,8224,0,Chicken Bouillon Cubes
188463,8290,0,Cream of Chicken and Mushroom Condensed Soup
188463,20704,0,Brut
188463,21011,0,Condensed Cream of Chicken Soup
188463,29608,0,Condensed Cream of Chicken with Herbs
188463,33913,0,Chicken & Star Shaped Pasta RTS Soup
188574,17355,1,Compostable Coffee Filters
188574,18232,1,Beef Skirt Steak
188574,29926,1,Roasted & Salted Almonds
188574,30489,1,Original Hummus
189122,3717,0,Cheese Enchilada Meal
189122,5918,0,Single Serve Cheese Pizza
189122,12381,0,Bowls Tortilla Casserole & Black Beans
189122,22559,0,Kitchen Cheese Enchilada
189122,30135,0,Cheddar Cheese Burrito
189122,31461,0,Cheese Tamale Verde
189122,37935,1,Light and Lean 3 Cheese Penne Marinara
189413,2466,0,Mild Sweet Mango Chutney
189413,3529,1,Fully Cooked Original Bacon
189413,7901,1,"Ice Pops Sugar Free, Orange, Cherry, Grape"
189413,7969,1,Lime
189413,11488,1,Vegetable Oil & Nonfat Yogurt Spread
189413,16797,1,Strawberries
189413,17615,0,Calcium Pulp Free Orange Juice
189413,24097,1,Rotini Pasta
189413,24852,1,Banana
189413,26172,0,Light Sour Cream
189413,26604,1,Organic Blackberries
189413,28080,1,Sugar Free Italian Sweet Creme Coffee Creamer
189413,32156,0,Cranberry Juice Cocktail
189413,39275,0,Organic Blueberries
189413,40103,0,Organic Quenchers Berrylicious Lemonade
189413,43026,0,Deli Fresh Honey Shaved Smoked Ham
189413,43183,1,Deli Fresh Shaved Smoked Turkey Breast
189413,45313,0,Buttermilk Mini Pancakes
189413,46572,1,Sweet Rolls
189413,46941,1,Provolone Slices
189664,9292,1,Half And Half Ultra Pasteurized
189664,39581,1,French Vanilla Creamer
189969,5077,1,100% Whole Wheat Bread
189969,8297,1,Organic Heavy Cream
189969,8670,0,Diced Tomatoes
189969,10644,0,Italian Extra Virgin Olive Oil
189969,11452,0,Honey Dijon Potato Chips
189969,11520,1,Large Alfresco Eggs
189969,17666,1,Fettuccine
189969,19348,0,Fat Free Milk
189969,19678,1,Organic Russet Potato
189969,20063,1,"Hazelnuts in Milk Chocolate, 33% Cocoa"
189969,21775,1,Brazilian Cheese Bread Original Cheddar and Parmesan
189969,24852,1,Banana
189969,24954,1,Total 0% with Honey Nonfat Greek Strained Yogurt
189969,40992,0,Chopped Tomatoes
189969,43129,1,Panko Bread Crumbs
189969,47626,1,Large Lemon
189969,47993,1,Cherry Garcia Ice Cream
189969,48745,1,Globe Eggplant
190890,35731,1,Cool Touch Coconut Oil & Aloe Facial Tissues
191308,1025,1,Organic Fresh Basil
191308,4149,1,Frozen Organic Blueberries
191308,9756,0,Original Antacid & Pain Relief Tablets 36 Ct
191308,13176,1,Bag of Organic Bananas
191308,15290,1,Orange Bell Pepper
191308,15937,0,Shallot
191308,21403,1,Lemon Grass
191308,24170,0,Marinara
191308,27104,1,Fresh Cauliflower
191308,31553,1,Fresh Ginger Root
191308,32605,1,Glory's Sweet Cherry Tomatoes
191308,32864,0,Organic Baby Rainbow Carrots
191308,33846,0,Roasted Garlic Hummus
191308,34480,0,Tomatoes
191308,35782,1,Mango Flavor Probiotic Juice Drink
191308,41771,1,Fresh European Style Baby Spinach
191308,42736,0,Unsalted Butter
191308,44570,1,Kale Greens
191308,47626,1,Large Lemon
191391,1516,0,Organic Acai Berry Smoothie Packs
191391,2228,1,Organic Frozen Mango Chunks
191391,5876,1,Organic Lemon
191391,8518,1,Organic Red Onion
191391,11250,1,Organic Hot Salsa
191391,12798,0,Organic Nine Grain
191391,19057,1,Organic Large Extra Fancy Fuji Apple
191391,24373,0,Mediterranean Vegetable Chips
191391,24489,0,Organic Whole Strawberries
191391,26209,0,Limes
191391,28785,0,Organic Tahini
191391,35750,0,Organic Garbanzo Beans No Salt Added
191391,35939,1,Organic Jalapeno Pepper
191391,36082,0,Organic Mango
191391,46979,0,Asparagus
191391,47209,1,Organic Hass Avocado
191391,47734,0,Organic Green Cabbage
191406,2164,0,"Waffles, Sweet Belgian, Vanilla"
191406,3957,1,100% Raw Coconut Water
191406,4932,1,Vanilla Bean Ice Cream
191406,7936,1,Organic Garlic Hummus
191406,7969,1,Lime
191406,8193,0,Russet Potato
191406,10387,0,Crinkle Cut Sweet Potato Fries with sea salt and black pepper
191406,19057,1,Organic Large Extra Fancy Fuji Apple
191406,21850,0,Waffle Cut Sweet Potato Seasoned Fries
191406,39877,1,Organic Granny Smith Apple
191406,43789,0,Organic Basil
191777,5479,0,Italian Sparkling Mineral Water
191777,6187,0,Raisin Bran Cereal
191777,11109,0,Organic 4% Milk Fat Whole Milk Cottage Cheese
191777,17600,0,"YoKids Squeezers Organic Low-Fat Yogurt, Strawberry"
191777,17949,0,Mild Cheddar Cheese Sticks
191777,20345,0,Thin Crust Pepperoni Pizza
191777,21137,0,Organic Strawberries
191777,38689,0,Organic Reduced Fat Milk
191777,40545,0,Berry Medley
191777,41787,0,Bartlett Pears
192500,260,1,Cantaloupe
192500,24288,1,Rosemary Raisin Raincoast Crisps
192500,31392,1,Rosemary Crostini
192500,43338,0,Pyramid Black Tea Bags
192500,46531,0,Power O's Chocolate cereal
192628,24852,1,Banana
192628,44882,1,Mandarin Clementine
192694,36724,1,Organic Sea Salt Roasted Seaweed Snacks
192713,4605,1,Yellow Onions
192713,5077,1,100% Whole Wheat Bread
192713,10978,1,Organic Tomato Puree
192713,11933,0,Grated Parmigiano Reggiano
192713,12564,0,Rigatoni Pasta
192713,15613,0,Salted Tub of Butter
192713,18224,1,Organic Low Fat Plain Yogurt
192713,20591,1,Italian Bread
192713,23400,0,Organic Premium Tomato Paste
192713,24852,1,Banana
192713,34513,0,Organic Snapped Bean Medley
192713,46979,1,Asparagus
192728,3231,0,Steamfresh Edamame Pods Frozen Vegetables
192728,4410,0,Organic Flax Plus Multibran Flakes
192728,12285,1,Chunk Light Tuna in Water Pouch
192728,14048,0,Lemon Twist Hummus
192728,18249,0,Ancient Grains Penne Rigate
192728,20919,1,Baby Spinach Salad
192728,21377,0,Multigrain Wheat Thins Crackers
192728,21709,1,Sparkling Lemon Water
192728,37374,0,Cherubs Tomatoes
192728,37653,1,The Original Spicy Sauce
192728,40332,1,"Cage Free Brown Eggs-Large, Grade A"
192728,43867,0,100% Grated Parmesan Cheese
192728,47766,1,Organic Avocado
192728,47965,1,TLC Cherry Dark Chocolate Chewy Granola
192778,37710,0,Trail Mix
192824,4421,1,Organic Beef Uncured Hot Dogs
193309,38562,1,Pomegranate Arils
193309,41148,1,Hard Cooked Eggs
193309,45035,1,Coffee Flavor Yogurt
193309,48577,1,Cream Top Smooth Coffee Yogurt
193512,21417,0,Organic Creamy Tomato Soup
193512,24852,1,Banana
193512,24964,1,Organic Garlic
193512,28601,0,Collard Greens
193512,28849,0,No Salt Added Black Beans
193512,35951,0,Organic Unsweetened Almond Milk
193512,41690,0,California Cauliflower
193512,46667,1,Organic Ginger Root
193512,46900,0,Organic Chicken Noodle Soup
193619,1940,0,Organic 2% Reduced Fat Milk
193619,5077,0,100% Whole Wheat Bread
193619,5460,0,Butter
193619,16185,0,Sharp Cheddar Cheese
193619,21333,1,Original Whipped Cream Cheese
193619,24852,1,Banana
193619,39921,0,Lemon Lime Soda
193619,41844,0,Honey Nut Cheerios
193619,45125,0,Boil-In-Bag Whole Grain Brown Rice
193619,47626,0,Large Lemon
193815,4210,1,Whole Milk
193815,6856,1,Pro-Health Advanced Extra Deep Clean Anticavity Fluoride Mouthwash
193815,12304,1,Caffe Mocha Iced Coffee
193815,14165,1,Peanut Butter Candy
193815,15528,1,Pure Madagascar Vanilla Extract
193815,15685,0,Luxurious Moisture for Dry or Damaged Hair Conditioner
193815,17258,0,Moisture Rich Shampoo
193815,20227,0,G Series Performance Cool Blue Sports Drink
193815,21100,1,Peanut Chocolate Candy
193815,40535,1,Brewed Green Tea Iced Tea
194176,21903,1,Organic Baby Spinach
194176,31717,1,Organic Cilantro
195439,1787,0,Thin Rice Noodles
195439,17619,0,Premium Fish Sauce
195439,31717,0,Organic Cilantro
195439,35629,0,Coho Salmon
195439,40873,0,Whole Star Anise
195439,45007,0,Organic Zucchini
195762,14852,1,All Natural Marinara Sauce
195762,21376,0,Pretzel Crisps Original Deli Style Pretzel Crackers
195762,41259,1,Poblano Pepper
195762,41665,0,Organic Mexican Blend Finely Shredded Cheese
195762,43889,0,Dark Chocolate Covered Banana
196196,25138,0,Organic Plain Greek Whole Milk Yogurt
196196,27028,0,Vanilla Hempmilk
196196,28785,0,Organic Tahini
196196,28990,0,Curly Parsley Bunch
196196,42768,0,Organic Garbanzo Beans
196196,45229,0,Organic Chia Seeds
196322,3169,0,Brown & Serve Original Breakfast Sausage Links
196322,3285,1,Strawberry Squeeze Fruit Spread
196322,11081,1,Sweet Sliced Apples
196322,16953,1,Creamy Peanut Butter
196322,19585,0,Twinkies
196322,20738,1,Plain Bagels
196322,31263,1,Breaded Fish Sticks
196322,39991,0,Seedless Grapes Green
196340,432,1,Vanilla Almond Breeze Almond Milk
196340,3957,0,100% Raw Coconut Water
196340,5428,1,1 Liter
196340,7559,1,Cinnamon Rolls with Icing
196340,7988,0,"Crisp Okra Pickles, Mild"
196340,13712,0,Cold Brew Coffee Double Espresso with Almond Milk
196340,17771,1,Lime Flavored Flavored Sparkling Water
196340,23282,1,PlusShot Strawberry Probiotic Juice Drink
196340,35939,1,Organic Jalapeno Pepper
196340,43713,0,Organic Creamy Peanut Butter
196340,44479,0,Organic Stringles Mozzarella String Cheese
196340,47209,1,Organic Hass Avocado
196528,2180,0,Angel Hair Pasta
196528,6341,0,Brown Eggs
196528,8239,0,Peanut Butter Creamy With Salt
196528,8670,0,Diced Tomatoes
196528,18272,0,Slices Cheddar Cheese
196528,21903,0,Organic Baby Spinach
196528,22888,0,90% Lean Ground Beef
196528,24852,1,Banana
196528,28928,0,Uncured Black Forest Ham
196528,37220,0,Organic Strawberry Fruit Spread
196562,7054,1,Low Fat Plain Yogurt
196562,9076,1,Blueberries
196562,10749,1,Organic Red Bell Pepper
196562,10782,1,Spot's Stew Wild Salmon Recipe Cat Food
196562,16185,1,Sharp Cheddar Cheese
196562,19068,1,Boneless And Skinless Chicken Breast
196562,21009,1,"Crispy Wheat, Crackers"
196562,21137,1,Organic Strawberries
196562,21903,1,Organic Baby Spinach
196562,22474,1,Cheddar Bunnies Snack Crackers
196562,27966,1,Organic Raspberries
196562,28745,1,Oven Roasted Turkey
196562,30385,1,Organic Free Range Grade A Large Brown Eggs
196562,37011,1,Artichokes
196562,42768,1,Organic Garbanzo Beans
196562,42828,1,Whipped Cream Cheese
196562,44632,1,Sparkling Water Grapefruit
196562,47209,1,Organic Hass Avocado
196732,1639,0,Green Machine
196732,2116,0,Organic Maple & Onion Baked Beans
196732,7539,0,Organic Chewy Chocolate Banana Bites
196732,10369,0,Organic Genoa Salami
196732,13338,0,Gluten Free Smoked Gouda Mac and Cheese
196732,14678,0,Organic Frozen Peas
196732,15384,0,Cooked Chocolate Pudding And Pie Filling Mix
196732,21137,0,Organic Strawberries
196732,21616,0,Organic Baby Arugula
196732,22963,0,Organic Roasted Turkey Breast
196732,25879,0,Organic Whole Milk Strawberry Kefir
196732,25998,0,Chocolate Banana Bite
196732,27086,0,Half & Half
196732,31225,0,Gluten Free Classic Hotdog Buns
196732,33642,0,Lactose Free Cream Cheese
196732,35140,0,Organic Whole Cashews
196732,36438,0,Organic Premium Roasted Seaweed Snack
196732,37157,0,Lemon Jel Dessert
196732,37478,0,Gluten Free Whole Grain Hamburger Buns 4 Count
196732,38647,0,Organic Raw Sharp Cheddar Cheese
196732,38875,1,Gluten Free Pancake Mix
196732,39228,0,Gluten Free Uncured Pepperoni Pizza
196732,42296,0,Organic Vanilla Cake Mix
196732,45552,0,Mighty Bagels
196732,48765,0,Big Apple Uncured Hot Dogs
196877,4799,1,Shredded Parmesan
196877,5015,1,Organic Cottage Cheese Classic
196877,11520,1,Large Alfresco Eggs
196877,13176,1,Bag of Organic Bananas
196877,18594,1,Emmentaler Swiss Slices
196877,23644,1,Sharp Cheddar Thick Slices Cheese
196877,26165,1,Electrolyte Enhanced Water
196877,27845,1,Organic Whole Milk
196877,29126,1,Organic Strawberry Chia Lowfat 2% Cottage Cheese
196877,41950,1,Organic Tomato Cluster
196877,47209,1,Organic Hass Avocado
196904,19678,1,Organic Russet Potato
196904,25330,0,Pecan Nut & Rice Cracker Snacks
196904,28918,0,Marcona Almonds
196904,30391,0,Organic Cucumber
196904,39275,0,Organic Blueberries
196904,39877,1,Organic Granny Smith Apple
196904,47209,1,Organic Hass Avocado
196904,47626,0,Large Lemon
197085,436,1,Petite Brussels Sprouts
197085,595,0,Injera Flat Bread
197085,4302,1,Artichoke Hearts
197085,13219,1,Organic Unsweetened Plain Soymilk
197085,19162,1,Organic Sesame Tahini
197085,24852,1,Banana
197085,39812,0,Organic Thyme
197085,45578,1,Dark Sweet Cherries
197536,649,1,Classic coke
197536,4605,1,Yellow Onions
197536,5818,0,White Onion
197536,10148,1,Superior Puerto Rican Rum
197536,29487,1,Roma Tomato
197536,36262,0,"Antacid/Analgesic, Extra Strength, Effervescent Tablets"
197536,46999,1,Tortillas De Maiz (Corn Tortillas)
197683,14947,1,Pure Sparkling Water
197683,19660,1,Spring Water
197683,24852,1,Banana
197683,26165,0,Electrolyte Enhanced Water
197683,44632,1,Sparkling Water Grapefruit
197962,13176,1,Bag of Organic Bananas
197962,30391,1,Organic Cucumber
197962,38557,0,Citrus Mandarins Organic
198009,9170,1,Sensitive Skin Unscented Hypo-Allergenic Beauty Bar
198009,17316,0,Vitamin D Organic Whole Milk
198009,18988,1,Ultra Soft & Strong® Toilet Paper Double Rolls
198009,26209,1,Limes
198009,35921,1,Organic Large Grade A Brown Eggs
198009,45622,1,"Paper Towels Choose-A-Sheet, Mega Rolls, One-Ply"
198020,5876,0,Organic Lemon
198020,14129,0,Organic Chicken Bone Broth
198020,28234,0,Duck Fat
198165,6935,1,Liv A Littles Chicken Cat & Dog Treats
198165,18722,1,100% Organic All-Natural Dried Pineapple
198217,21454,0,Hot & Spicy Asian Soup
199163,2344,0,Organic SprouTofu Savory Baked Tofu
199163,10070,1,Organic 1% Low Fat Milk
199163,21137,1,Organic Strawberries
199163,41593,0,Blue Cheese Crumbles
199163,47209,1,Organic Hass Avocado
199190,3896,1,Organic Honey Sweet Whole Wheat Bread
199190,5258,1,Sparkling Water
199190,5450,1,Small Hass Avocado
199190,5646,1,Organic Turkey Bacon
199190,6552,1,Crunchy Chocolate Chip Chia Granola & Seed Bars
199190,8138,1,Traditional Hummus
199190,14992,1,Green Beans
199190,17794,1,Carrots
199190,21616,1,Organic Baby Arugula
199190,27086,1,Half & Half
199190,27104,1,Fresh Cauliflower
199190,31717,1,Organic Cilantro
199190,33120,1,Organic Egg Whites
199190,34949,1,Hand Picked Pomegranate Seeds/Arils
199190,36695,1,Organic Hothouse Cucumbers
199190,37029,1,Cream Cheese Spread
199190,44359,1,Organic Small Bunch Celery
199190,46906,1,Grape White/Green Seedless
199665,14633,0,Veggie Chips
199665,28655,0,Crystallized Ginger Chunks
199665,31040,0,Sea Salt Pita Chips
199665,32864,0,Organic Baby Rainbow Carrots
199665,45066,0,Honeycrisp Apple
199665,46906,0,Grape White/Green Seedless
199665,48057,0,"Hummus, Hope, Original Recipe"
199688,11199,1,Organic California Sushi Rice
199688,15455,0,Organic Extra Virgin Oil Olive
199688,18531,1,Organic Heavy Whipping Cream
199688,21137,0,Organic Strawberries
199688,25931,1,Organic Baby Spinach Salad
199688,26209,1,Limes
199688,29801,1,100% Recycled White Paper Towels
199688,31371,1,Whole Wheat English Muffins
199688,35321,0,Organic Lowfat Milk
199688,35855,0,Unbleached All-Purpose Flour
199688,36695,1,Organic Hothouse Cucumbers
199688,40706,0,Organic Grape Tomatoes
199688,42736,1,Unsalted Butter
199688,44257,1,Mandarin Orange Sparkling Natural Spring Water
199688,46979,0,Asparagus
199688,47626,1,Large Lemon
199746,8153,1,Plain Non-Fat Greek Yogurt
199746,8744,1,Mixed Vegetables
199746,8859,1,Natural Spring Water
199746,10957,1,Fridge Pack Cola
199746,14901,1,Raisins
199746,19586,1,Lemon-Lime Tablets
199746,21511,1,Lite Balsamic Dressing
199746,22699,0,Steamfresh Premium Selects Broccoli Florets
199746,24852,1,Banana
199746,31555,1,Organic Light in Sodium Lentil Vegetable Soup
199746,40376,1,Steamfresh Sweet Peas
199746,48742,1,Quick 1 Minute Whole Grain Oats
199781,1181,1,Mini Watermelon
199781,5077,1,100% Whole Wheat Bread
199781,6532,0,Organic YoKids Very Berry Smoothies
199781,7131,1,Light Semisoft Cheese
199781,14858,1,Multigrain Pita Chips
199781,17600,1,"YoKids Squeezers Organic Low-Fat Yogurt, Strawberry"
199781,20082,1,Organic Whole Milk with DHA Omega-3
199781,24852,1,Banana
199781,30489,1,Original Hummus
199781,31372,0,Dark Brown Sugar
199781,32915,1,Honey Turkey
199781,33651,1,Harvest Cheddar Multigrain Chips
199781,37766,1,XL Emerald White Seedless Grapes
199781,39046,1,Smok Cured Turkey Bacon
199781,45066,1,Honeycrisp Apple
199781,47516,1,Special K Fruit & Yogurt Cereal
199781,48375,0,Cake Flour
199781,48708,0,80% Vegetable Oil Margarine
199955,2832,1,Organic Quinoa Hot Cereal Flakes
199955,4269,1,Mild Cheddar Cheese
199955,8518,1,Organic Red Onion
199955,9339,1,Organic Chicken & Apple Sausage
199955,12614,1,Yellow Grape Tomatoes
199955,13292,1,"Juice Beverage, Cold Pressed, Kale Apple Ginger Romaine Spinach Cucumber Celery Parsley Lemon"
199955,13560,1,A+ Cinnamon Sweet Potato Pancakes
199955,13629,1,Organic Snipped Green Beans
199955,15290,1,Orange Bell Pepper
199955,18980,1,Organic Whole Milk Plain Greek Yogurt
199955,19678,0,Organic Russet Potato
199955,20866,1,White Corn Chip Bowls
199955,21137,1,Organic Strawberries
199955,24852,1,Banana
199955,25705,1,Butterhead Lettuce
199955,26324,1,Grass Fed Ground Beef
199955,30391,0,Organic Cucumber
199955,35750,1,Organic Garbanzo Beans No Salt Added
199955,36695,1,Organic Hothouse Cucumbers
199955,37766,1,XL Emerald White Seedless Grapes
199955,40198,1,Blueberry Yoghurt
199955,42239,1,Kids Mac-N-Cheezy Fish Shaped Ravioli
199955,43249,1,Organic Bernie's Farm Macaroni & Cheese
199955,45007,0,Organic Zucchini
199955,45066,1,Honeycrisp Apple
199955,48870,0,Unsweet Cherry Sparkling Water
199955,49555,1,Apple Apricot Sauce
200553,31912,0,Avocado Oil
200553,35561,0,Organic Tortilla Chips
200553,41400,0,Crunchy Oats 'n Honey Granola Bars
200553,42629,0,Original Dried Cranberries
200984,3389,1,Diet Dr.Pepper Soda Pack
200984,8475,1,Diet 12 Oz Ginger Ale
200984,10957,1,Fridge Pack Cola
200984,27616,1,Ultra Strong Tall Kitchen Vanilla & Lavender
200984,35656,0,Pocket Pearl Regular Tampons
201337,3957,1,100% Raw Coconut Water
201337,7622,0,Organic Chicken & Wild Rice Soup
201337,7806,1,Soft Pretzel Burger Buns
201337,24852,0,Banana
201337,25199,1,Classic Chicken Salad
201337,25837,1,Mini Babybel Light Semisoft Edam Cheeses
201337,28325,1,Street Wrap Chicken Tikka Masala
201337,31181,1,Organic Garlic Hommus
201337,33198,0,Sparkling Natural Mineral Water
201337,43086,1,Super Greens Salad
201337,43484,0,Farmhouse Culture Classic Caraway Kraut
201337,47209,1,Organic Hass Avocado
201766,12265,0,Complete Whitening + Scope Minty Fresh Toothpaste
201766,13176,0,Bag of Organic Bananas
201766,19283,0,"Brussels Sprouts, Sprout Halves, Quick Cook"
201766,21925,1,50/50 Mix Spring Mix and Baby Spinach Salad Blend
201766,29373,0,Nonfat Probiotic Drinks
201766,34013,1,Microwaveable Whole Grain Brown Rice 2 ct
201766,38321,0,Baby Kale
201766,40939,1,Drinking Water
201766,43295,0,Unsweetened Vanilla Almond Milk
201766,47766,1,Organic Avocado
201831,123,0,Sherry Reserve Vinegar
201831,1131,0,70% Dark Chocolate
201831,9076,0,Blueberries
201831,14992,0,Green Beans
201831,15937,0,Shallot
201831,18918,0,Organic Chopped Spinach
201831,19048,0,Organic Butternut Squash
201831,20995,0,Organic Broccoli Florets
201831,23909,0,2% Reduced Fat Milk
201831,25087,0,No Boil Lasagna
201831,27171,0,Bread Crumbs
201831,28999,0,Flank Steak
201831,32347,0,European Style Unsalted Butter
201831,42824,0,Black Eyed Peas
201831,43076,0,Wide Egg Noodles
201831,44514,0,Yellow Straightneck Squash
201831,47526,0,Goat Cheese Log
201853,10385,1,Organic English Cucumber
201853,18471,0,Organic Light Agave Nectar
201853,21903,1,Organic Baby Spinach
201853,26209,0,Limes
201853,30017,1,Organic Pure Lime
201853,38562,1,Pomegranate Arils
201947,982,0,Aged Gouda Cheese
201947,3990,0,Natural Sharp Cheddar Sliced Cheese
201947,13176,1,Bag of Organic Bananas
201947,15547,1,Habanero & Green Chile Smoked Chicken Sausage
201947,18019,1,Macaroni & Cheese Dinner Original Flavor
201947,23645,1,Sour Cream & Onion Potato Chips
201947,23909,1,2% Reduced Fat Milk
201947,30696,1,Eggo Homestyle Waffles
201947,33129,0,Classic Hummus
201947,34217,1,Pesto Tortellini  Bowls
201947,38889,1,Perrier Lime
201947,42333,1,White Cheddar Cheese Popcorn
201947,43504,1,Organic Chicken Strips
201947,44292,1,Premium Unsweetened Iced Tea
201947,47017,0,Original Kettle Cooked Sweet Potato Chips
201947,48241,1,Sculpin IPA
201947,48370,0,Sensitive Toilet Paper
201997,644,1,Organic Southwestern Vegetable Soup
201997,6647,0,Navel Orange
201997,7953,1,Spice Island Whole Bean Coffee
201997,13176,1,Bag of Organic Bananas
201997,13431,0,Flaky Biscuits
201997,13629,1,Organic Snipped Green Beans
201997,14462,1,Sliced Black Olives
201997,15405,1,Pacific Northwest Wild Albacore Tuna
201997,21955,0,All Natural Marinara Pasta Sauce
201997,22281,0,Chicken Noodle Soup
201997,22888,1,90% Lean Ground Beef
201997,29926,1,Roasted & Salted Almonds
201997,32442,1,Organic Original Tofu Veggie Burger
201997,35221,1,Lime Sparkling Water
201997,39303,1,Organic Sea Salt Potato Chips
201997,39430,1,New Mexico Taco Skillet Sauce For Chicken
201997,41665,1,Organic Mexican Blend Finely Shredded Cheese
201997,47766,1,Organic Avocado
202500,5782,1,Grade A Large White Eggs
202500,19333,0,Select 100% Whole Wheat Sandwich Rolls
202500,21115,1,Oikos Greek Vanilla Yogurt
202500,21410,1,"Deli Fresh Honey Smoked Turkey Breast, 98% Fat Free, Gluten Free"
202500,24907,1,Cherry Blackberry Liquid Water Enhancer
202500,46941,1,Provolone Slices
202824,5769,0,Organic Chicken Stock
202824,10749,0,Organic Red Bell Pepper
202824,13780,0,Thyme
202824,18531,1,Organic Heavy Whipping Cream
202824,22935,0,Organic Yellow Onion
202824,27156,0,Organic Black Beans
202824,28842,1,Bunched Cilantro
202824,30480,0,"Tomatoes, Whole Peeled"
202824,31506,0,Extra Virgin Olive Oil
202824,40708,0,Fennel
202824,41259,0,Poblano Pepper
202824,42625,1,"Flat Parsley, Bunch"
202824,44359,0,Organic Small Bunch Celery
202824,47626,1,Large Lemon
203440,5134,0,Organic Thompson Seedless Raisins
203440,8467,0,Cinnamon Raisin Bread
203440,11352,0,Organic Mini Sandwich Crackers Peanut Butter
203440,12872,1,Penne Rigate
203440,13176,1,Bag of Organic Bananas
203440,13425,0,Blueberry Bliss Luna Bar
203440,13870,0,Lightly Salted Baked Snap Pea Crisps
203440,16797,1,Strawberries
203440,17652,1,Air Chilled Breaded Chicken Breast Nuggets
203440,18027,0,Ezekiel 4:9 Bread Organic Sprouted Whole Grain
203440,21376,0,Pretzel Crisps Original Deli Style Pretzel Crackers
203440,24561,1,Organic Cheese Frozen Pizza
203440,24850,1,Organic Super Fruit Punch Juice Drink
203440,25931,1,Organic Baby Spinach Salad
203440,26790,0,Organic AppleApple
203440,27695,1,Natural Chicken & Sage Breakfast Sausage
203440,32734,1,Spaghetti
203440,35132,1,Cheese Square Crackers
203440,35140,1,Organic Whole Cashews
203440,39877,1,Organic Granny Smith Apple
203440,41787,1,Bartlett Pears
203440,44310,1,Soft Pretzel Mini Buns
203440,47209,1,Organic Hass Avocado
203440,48230,1,Soft Taco Size White Flour Tortillas
203556,9163,1,Cranberry Walnut Salad Cafe Bowl
203556,15937,1,Shallot
203556,20754,1,Mediterranean Mint Gelato
203556,46226,1,Thick & Crispy Tortilla Chips
203556,46720,1,Organic Free Range Chicken Broth
203858,8859,1,Natural Spring Water
203858,17794,1,Carrots
203858,21938,1,Green Bell Pepper
203858,47415,1,Raw Pecan Nut Butter With Cashews
203896,3583,1,Unsweetened Coconut Milk Beverage
203896,3896,1,Organic Honey Sweet Whole Wheat Bread
203896,7179,1,Chopped Pecans
203896,7835,1,Tomato Basil Cooking Sauce
203896,11440,0,Chicken Breast Tenders Breaded
203896,11520,1,Large Alfresco Eggs
203896,12456,0,Organic Sunday Bacon
203896,16040,0,Balsamic Vinegar from Modena
203896,17461,1,Air Chilled Organic Boneless Skinless Chicken Breasts
203896,21137,1,Organic Strawberries
203896,21903,1,Organic Baby Spinach
203896,41658,1,Authentic French Brioche Hamburger Buns
203896,41665,1,Organic Mexican Blend Finely Shredded Cheese
203896,41950,1,Organic Tomato Cluster
203896,41966,0,Cored Pineapple
203896,42735,0,Tomato Basil Soup
203896,43122,1,Organic Bartlett Pear
203896,45007,0,Organic Zucchini
203896,47209,1,Organic Hass Avocado
203896,47626,1,Large Lemon
204544,2604,1,Lemon Zest Sorbetto
204544,7877,0,Chicken Thighs
204544,8352,1,Outshine Tangerine Fruit Bars
204544,24852,0,Banana
204544,43622,1,Sorbet Dutch Chocolate
204544,46979,1,Asparagus
205068,2243,1,Mango Peach Goat Milk Yogurt Baby Food
205068,4189,1,"Yogurt, Goat Milk, and Fruit, Banana & Natural Vanilla Bean with Pear, 2+"
205068,9339,1,Organic Chicken & Apple Sausage
205068,27086,1,Half & Half
205068,32433,1,Green Peas
205068,34197,1,Goat Milk
205287,5479,1,Italian Sparkling Mineral Water
205287,11497,0,"Crackers, Baked, Crispy Sea Salt"
205287,17429,1,Jalapeno Hummus
205287,21933,0,Clover Honey Squeeze Bottle
205287,22035,1,Organic Whole String Cheese
205287,31040,1,Sea Salt Pita Chips
205287,46049,1,Salt & Pepper Krinkle Chips
205446,4461,0,Organic Raw Unfiltered Apple Cider Vinegar
205446,4562,0,English Seedless Cucumber
205446,6750,0,Cheese Ravioli with Sauce Bowls
205446,8518,0,Organic Red Onion
205446,10749,0,Organic Red Bell Pepper
205446,11776,1,Baked Sea Salt & Vinegar Potato Chips
205446,19503,0,Udon Soup Bowl
205446,19677,0,Original Pure Creamy Almond Milk
205446,21616,0,Organic Baby Arugula
205446,21655,0,Popcorn Popping Kernels
205446,21709,1,Sparkling Lemon Water
205446,24531,0,Sprouted Brown Rice
205446,24852,0,Banana
205446,24964,0,Organic Garlic
205446,25355,0,Wild Caught Anchovy Paste
205446,26369,1,Organic Roma Tomato
205446,28842,1,Bunched Cilantro
205446,29970,1,Fettuccini
205446,31506,0,Extra Virgin Olive Oil
205446,34243,0,Organic Baby Broccoli
205446,36865,1,Non Fat Raspberry Yogurt
205446,37029,0,Cream Cheese Spread
205446,39121,0,Organic Jasmine Rice
205446,39475,0,Total Greek Strained Yogurt
205446,39968,1,Miso Soup
205446,41665,0,Organic Mexican Blend Finely Shredded Cheese
205446,47626,0,Large Lemon
205691,6184,1,Clementines
205691,8803,0,Fully Husked & Trimmed Super Sweet Corn
205895,9934,0,Organic Australian Style Vanilla Lowfat Yogurt
205895,10070,0,Organic 1% Low Fat Milk
205895,21137,1,Organic Strawberries
205895,22613,0,Organic African Nectar Herbal Tea
205895,22935,0,Organic Yellow Onion
205895,24489,0,Organic Whole Strawberries
205895,27662,1,Large Grade AA Cage Free Eggs
205895,27966,0,Organic Raspberries
205895,30169,1,Total 2% All Natural Plain Greek Yogurt
205895,39121,1,Organic Jasmine Rice
205895,42265,0,Organic Baby Carrots
205895,49075,1,Organic Brown Rice
205897,7649,0,Whole Wheat Tandoori Naan
205897,8477,1,Crab Bisque New England Style
205897,14804,0,Organic Cream Of Chicken Soup
205897,19101,0,"Quinoa, Kale & Red Lentil Soup"
205897,22798,1,Lobster Corn Chowder New England Style
205897,34284,1,Organic Light In Sodium Butternut Squash Soup
205897,40531,1,Spinach & Ricotta Ravioli
205897,48246,0,Green Machine Juice Smoothie
205898,204,1,Free & Clear Natural Laundry Detergent For Sensitive Skin
205898,712,0,Direct Trade El Diablo Dark Roast Whole Bean Coffee
205898,5120,1,Organic Vanilla Soymilk
205898,5212,1,Watermelon Chunks
205898,7963,1,Gluten Free Whole Grain Bread
205898,8021,1,100% Recycled Paper Towels
205898,12207,1,Organic Cheddar & Broccoli Quinoa Squares
205898,13176,1,Bag of Organic Bananas
205898,13984,1,Organic Mint
205898,17706,1,Organic Whole Grain Wheat English Muffins
205898,20670,0,Organic Lentil Vegetable Soup
205898,21343,1,Organic Quinoa Squares Sweet Potato & Apple & Cinnamon
205898,22713,1,Ground Chicken Breast
205898,31338,1,Classic Almond Butter
205898,33000,1,Pure Irish Butter
205898,33198,0,Sparkling Natural Mineral Water
205898,33686,1,Qi'a Gluten Free Oatmeal Creamy Coconut
205898,34197,1,Goat Milk
205898,36397,1,Gluten Free Millet-Chia Bread
205898,36792,1,Gluten Free Omega Flax & Fiber Bread
205898,37158,0,Chicken & Maple Breakfast Sausage
205898,41844,0,Honey Nut Cheerios
205898,42828,0,Whipped Cream Cheese
205898,48595,1,Organic Wheat Square Crackers
205906,11759,0,Organic Simply Naked Pita Chips
205906,34829,1,Chocolate Wafers Candy Bar
205906,46149,1,Zero Calorie Cola
205906,49235,1,Organic Half & Half
206072,12341,1,Hass Avocados
206072,27790,1,Small Curd Lowfat 2% Milkfat Cottage Cheese
206072,32691,1,Vanilla Ice Cream
206072,43154,1,Sparkling Mineral Water
206072,44683,0,Brussels Sprouts
206074,2014,0,Low Fat Kefir Cultured Milk Smoothie Lowfat Probiotic Blueberry
206074,18880,0,Organic Free Range Low Sodium Chicken Broth
206074,22141,0,Vegan Ramen Chicken Flavor
206074,24964,0,Organic Garlic
206074,38890,0,No Pulp Calcium & Vitamin D Pure Premium 100% Pure Orange Juice
206074,48857,0,Authentic French Brioche
